"homework","student_id","points","correct","feedback","justification"
"du01_1","273","4","true","Řešení je správné a úplné. Správně rozvíjíte čtverce norem pomocí vlastností komplexního skalárního součinu a v obou částech získáváte požadovaný faktor i znaménko.","The solution correctly expands the relevant squared norms using sesquilinearity and conjugate symmetry and derives both the real- and imaginary-part identities with the proper factors and signs."
"du01_1","534","4","true","Řešení je správné a úplné. Správně rozvíjíte čtverce norem pomocí vlastností komplexního skalárního součinu a v obou částech získáváte požadovaný faktor i znaménko.","The solution correctly expands the relevant squared norms using sesquilinearity and conjugate symmetry and derives both the real- and imaginary-part identities with the proper factors and signs."
"du01_1","544","4","true","Řešení je správné a úplné. Správně rozvíjíte čtverce norem pomocí vlastností komplexního skalárního součinu a v obou částech získáváte požadovaný faktor i znaménko.","The solution correctly expands the relevant squared norms using sesquilinearity and conjugate symmetry and derives both the real- and imaginary-part identities with the proper factors and signs."
"du01_1","1500","4","true","Řešení je správné a úplné. Správně rozvíjíte čtverce norem pomocí vlastností komplexního skalárního součinu a v obou částech získáváte požadovaný faktor i znaménko.","The solution correctly expands the relevant squared norms using sesquilinearity and conjugate symmetry and derives both the real- and imaginary-part identities with the proper factors and signs."
"du01_1","1989","3","false","Výsledné vztahy jsou správné, důkaz však používá polarizační identity v podobě, která už obsahuje dokazované tvrzení. Navíc je v rozvoji normy pro imaginární část chybné znaménko u členu s normou. Důkaz má být uzavřen pouze z definice normy, seskvilinearity a skorosymetrie, se správnými znaménky všech členů.","The final identities are obtained, but the proof invokes polarization formulas that already encode the statements being proved, and the displayed expansion of the imaginary case contains an incorrect sign on the squared-norm term."
"du01_1","2125","3.5","false","Obě výsledné identity máte správně. V imaginární části je ale v jednom mezikroku chybné znaménko při převodu výrazu s i(⟨u,v⟩−̅⟨u,v⟩) na imaginární část; následující odčítání už používá opačné, správné znaménko. Sjednoťte tento mezikrok s konečným výpočtem.","Both target formulas are reached, but one intermediate conversion of the mixed terms in the imaginary-part calculation has the wrong sign; the later subtraction silently uses the corrected sign."
"du01_1","2182","4","true","Řešení je správné a úplné. Správně rozvíjíte čtverce norem pomocí vlastností komplexního skalárního součinu a v obou částech získáváte požadovaný faktor i znaménko.","The solution correctly expands the relevant squared norms using sesquilinearity and conjugate symmetry and derives both the real- and imaginary-part identities with the proper factors and signs."
"du01_1","2202","3.5","false","Myšlenka i oba výsledky jsou správné. U imaginární části však není dostatečně jasně zapsáno vytýkání komplexního skaláru z první složky; právě tam se musí i komplexně sdružit. Doplňte jednoznačný mezikrok pro oba smíšené členy, aby byla znaménka ověřitelná.","The main expansions and conclusions are correct, but the imaginary-part derivation is not fully legible or justified at the scalar-extraction step and omits a clean statement of the conjugate-linearity used in the first slot."
"du01_1","2401","4","true","Řešení je správné a úplné. Správně rozvíjíte čtverce norem pomocí vlastností komplexního skalárního součinu a v obou částech získáváte požadovaný faktor i znaménko.","The solution correctly expands the relevant squared norms using sesquilinearity and conjugate symmetry and derives both the real- and imaginary-part identities with the proper factors and signs."
"du01_1","2464","3","false","Důkaz reálné části je správný. V imaginární části jsou při rozvoji obou norem nekonzistentní znaménka u smíšených členů a není souvisle ukázáno zrušení členů s normami. Zapište oba rozvoje odděleně se správným vytknutím i v první a druhé složce a teprve potom je odečtěte.","The real-part identity is proved correctly, while the imaginary-part expansion contains inconsistent signs and cancellation of the pure norm terms is not shown coherently, despite arriving at the stated result."
"du01_1","2492","4","true","Řešení je správné a úplné. Správně rozvíjíte čtverce norem pomocí vlastností komplexního skalárního součinu a v obou částech získáváte požadovaný faktor i znaménko.","The solution correctly expands the relevant squared norms using sesquilinearity and conjugate symmetry and derives both the real- and imaginary-part identities with the proper factors and signs."
"du01_1","2511","4","true","Řešení je správné a úplné. Správně rozvíjíte čtverce norem pomocí vlastností komplexního skalárního součinu a v obou částech získáváte požadovaný faktor i znaménko.","The solution correctly expands the relevant squared norms using sesquilinearity and conjugate symmetry and derives both the real- and imaginary-part identities with the proper factors and signs."
"du01_1","2518","4","true","Řešení je správné a úplné. Správně rozvíjíte čtverce norem pomocí vlastností komplexního skalárního součinu a v obou částech získáváte požadovaný faktor i znaménko.","The solution correctly expands the relevant squared norms using sesquilinearity and conjugate symmetry and derives both the real- and imaginary-part identities with the proper factors and signs."
"du01_1","2542","4","true","Řešení je správné a úplné. Správně rozvíjíte čtverce norem pomocí vlastností komplexního skalárního součinu a v obou částech získáváte požadovaný faktor i znaménko.","The solution correctly expands the relevant squared norms using sesquilinearity and conjugate symmetry and derives both the real- and imaginary-part identities with the proper factors and signs."
"du01_1","2743","3.5","false","Obě identity nakonec vycházejí správně. V rozvoji imaginární části ale na jednom místě vytýkáte −i z první složky bez komplexního sdružení. V první složce má vzniknout sdružený skalár, tedy i; opravte tento mezikrok, aby znaménka souhlasila v celém řetězci.","Both conclusions are correct, but the imaginary-part expansion briefly extracts the scalar from the first slot without conjugating it; later lines effectively use the corrected sign."
"du01_1","2760","4","true","Řešení je správné a úplné. Správně rozvíjíte čtverce norem pomocí vlastností komplexního skalárního součinu a v obou částech získáváte požadovaný faktor i znaménko.","The solution correctly expands the relevant squared norms using sesquilinearity and conjugate symmetry and derives both the real- and imaginary-part identities with the proper factors and signs."
"du01_1","2764","3.5","false","Výpočty vedou ke správným výsledkům. U reálné části však zároveň odkazujete na polarizační tvrzení, které je obsahově právě tím, co se má dokázat. Vynechte tento kruhový odkaz a uzavřete důkaz přímo z již rozepsaného rozdílu norem a vztahu z+z̄=2 Re(z).","The computations are essentially correct, but the proof unnecessarily invokes the polarization statement being established, making the logical structure partly circular."
"du01_1","2771","4","true","Řešení je správné a úplné. Správně rozvíjíte čtverce norem pomocí vlastností komplexního skalárního součinu a v obou částech získáváte požadovaný faktor i znaménko.","The solution correctly expands the relevant squared norms using sesquilinearity and conjugate symmetry and derives both the real- and imaginary-part identities with the proper factors and signs."
"du01_1","2815","4","true","Řešení je správné a úplné. Správně rozvíjíte čtverce norem pomocí vlastností komplexního skalárního součinu a v obou částech získáváte požadovaný faktor i znaménko.","The solution correctly expands the relevant squared norms using sesquilinearity and conjugate symmetry and derives both the real- and imaginary-part identities with the proper factors and signs."
"du01_1","2826","4","true","Řešení je správné a úplné. Správně rozvíjíte čtverce norem pomocí vlastností komplexního skalárního součinu a v obou částech získáváte požadovaný faktor i znaménko.","The solution correctly expands the relevant squared norms using sesquilinearity and conjugate symmetry and derives both the real- and imaginary-part identities with the proper factors and signs."
"du01_1","2847","4","true","Řešení je správné a úplné. Správně rozvíjíte čtverce norem pomocí vlastností komplexního skalárního součinu a v obou částech získáváte požadovaný faktor i znaménko.","The solution correctly expands the relevant squared norms using sesquilinearity and conjugate symmetry and derives both the real- and imaginary-part identities with the proper factors and signs."
"du01_1","2857","4","true","Řešení je správné a úplné. Správně rozvíjíte čtverce norem pomocí vlastností komplexního skalárního součinu a v obou částech získáváte požadovaný faktor i znaménko.","The solution correctly expands the relevant squared norms using sesquilinearity and conjugate symmetry and derives both the real- and imaginary-part identities with the proper factors and signs."
"du01_1","2858","3.5","false","Postup přes alternativní polarizační vztah je použitelný, ale v imaginární části zapisujete rovnoběžníkové pravidlo chybně: na pravé straně mají být členy s normami násobeny dvěma. Opravte tento faktor; právě správná verze je nutná pro následnou algebraickou úpravu.","The intended reduction from the alternative polarization formulas is sound, but the parallelogram identity in the imaginary case is written without the required factor 2 on the right-hand side."
"du01_1","2862","3","false","Reálná část je dokázána správně. V imaginární části se však střídají výrazy Re(⟨u,iv⟩), Im(⟨u,v⟩) a jejich sdružené hodnoty bez jasného zdůvodnění znamének. Výsledný vzorec je správný, ale je třeba opravit a propojit mezikroky pomocí přesného vztahu mezi z−z̄ a Im(z).","The real-part proof is correct, but the imaginary-part chain mixes real and imaginary parts of rotated inner products and contains unjustified sign changes before the correct final formula."
"du01_1","2865","4","true","Řešení je správné a úplné. Správně rozvíjíte čtverce norem pomocí vlastností komplexního skalárního součinu a v obou částech získáváte požadovaný faktor i znaménko.","The solution correctly expands the relevant squared norms using sesquilinearity and conjugate symmetry and derives both the real- and imaginary-part identities with the proper factors and signs."
"du01_1","2866","3.5","false","Výsledky jsou správné, avšak v rozpisu imaginární části nejsou konzistentní znaménka při odečítání druhé normy. Až pozdější výraz se smíšenými členy má správný tvar. Přepište rozvoje obou norem samostatně a zkontrolujte znaménko každého členu před jejich odečtením.","The final formulas are correct, but the imaginary-part derivation contains inconsistent signs in the displayed norm decompositions and only the later mixed-term expression is correct."
"du01_1","2869","4","true","Řešení je správné a úplné. Správně rozvíjíte čtverce norem pomocí vlastností komplexního skalárního součinu a v obou částech získáváte požadovaný faktor i znaménko.","The solution correctly expands the relevant squared norms using sesquilinearity and conjugate symmetry and derives both the real- and imaginary-part identities with the proper factors and signs."
"du01_1","2871","4","true","Řešení je správné a úplné. Správně rozvíjíte čtverce norem pomocí vlastností komplexního skalárního součinu a v obou částech získáváte požadovaný faktor i znaménko.","The solution correctly expands the relevant squared norms using sesquilinearity and conjugate symmetry and derives both the real- and imaginary-part identities with the proper factors and signs."
"du01_1","2874","4","true","Řešení je správné a úplné. Správně rozvíjíte čtverce norem pomocí vlastností komplexního skalárního součinu a v obou částech získáváte požadovaný faktor i znaménko.","The solution correctly expands the relevant squared norms using sesquilinearity and conjugate symmetry and derives both the real- and imaginary-part identities with the proper factors and signs."
"du01_1","2876","4","true","Řešení je správné a úplné. Správně rozvíjíte čtverce norem pomocí vlastností komplexního skalárního součinu a v obou částech získáváte požadovaný faktor i znaménko.","The solution correctly expands the relevant squared norms using sesquilinearity and conjugate symmetry and derives both the real- and imaginary-part identities with the proper factors and signs."
"du01_1","2877","4","true","Řešení je správné a úplné. Správně rozvíjíte čtverce norem pomocí vlastností komplexního skalárního součinu a v obou částech získáváte požadovaný faktor i znaménko.","The solution correctly expands the relevant squared norms using sesquilinearity and conjugate symmetry and derives both the real- and imaginary-part identities with the proper factors and signs."
"du01_1","2878","4","true","Řešení je správné a úplné. Správně rozvíjíte čtverce norem pomocí vlastností komplexního skalárního součinu a v obou částech získáváte požadovaný faktor i znaménko.","The solution correctly expands the relevant squared norms using sesquilinearity and conjugate symmetry and derives both the real- and imaginary-part identities with the proper factors and signs."
"du01_1","2881","3.5","false","Oba cílové vztahy jsou v zásadě správně. U imaginární části je ale přechod od smíšených členů k násobkům Im(⟨u,v⟩) zapsán nejednoznačně a znaménka nelze z řádku bezpečně ověřit. Doplňte explicitně vztah z−z̄=2i Im(z) pro oba rozvoje.","Both identities are essentially derived, but the conversion of the mixed imaginary terms to ±2 Im⟨u,v⟩ is stated too tersely and with ambiguous signs."
"du01_1","2887","3","false","Reálná část je správně. V imaginární části máte správný typ rozvoje, ale během úprav obrátíte znaménko rozdílu norem, takže jeden mezivýsledek odporuje závěru. Udržte pořadí ||u−iv||²−||u+iv||² a použijte z−z̄=2i Im(z) bez změny pořadí.","The real-part identity is correct and the imaginary-part method is appropriate, but the latter contains a sign inconsistency between the norm difference and the final multiple of Im⟨u,v⟩."
"du01_1","2888","4","true","Řešení je správné a úplné. Správně rozvíjíte čtverce norem pomocí vlastností komplexního skalárního součinu a v obou částech získáváte požadovaný faktor i znaménko.","The solution correctly expands the relevant squared norms using sesquilinearity and conjugate symmetry and derives both the real- and imaginary-part identities with the proper factors and signs."
"du01_1","2889","4","true","Řešení je správné a úplné. Správně rozvíjíte čtverce norem pomocí vlastností komplexního skalárního součinu a v obou částech získáváte požadovaný faktor i znaménko.","The solution correctly expands the relevant squared norms using sesquilinearity and conjugate symmetry and derives both the real- and imaginary-part identities with the proper factors and signs."
"du01_1","2892","4","true","Řešení je správné a úplné. Správně rozvíjíte čtverce norem pomocí vlastností komplexního skalárního součinu a v obou částech získáváte požadovaný faktor i znaménko.","The solution correctly expands the relevant squared norms using sesquilinearity and conjugate symmetry and derives both the real- and imaginary-part identities with the proper factors and signs."
"du01_1","2899","2.5","false","První identita je dokázána správně. Ve druhé části však používáte součet komplexního čísla a jeho sdružené hodnoty; ten určuje reálnou, nikoli imaginární část. Pro imaginární část je nutný rozdíl z−z̄ se správným faktorem 2i a podle něj je třeba opravit závěr.","The real-part identity is proved, but the imaginary-part argument replaces the required conjugate difference by a conjugate sum, which yields a real-part expression rather than Im⟨u,v⟩."
"du01_1","2900","4","true","Řešení je správné a úplné. Správně rozvíjíte čtverce norem pomocí vlastností komplexního skalárního součinu a v obou částech získáváte požadovaný faktor i znaménko.","The solution correctly expands the relevant squared norms using sesquilinearity and conjugate symmetry and derives both the real- and imaginary-part identities with the proper factors and signs."
"du01_1","2901","4","true","Řešení je správné a úplné. Správně rozvíjíte čtverce norem pomocí vlastností komplexního skalárního součinu a v obou částech získáváte požadovaný faktor i znaménko.","The solution correctly expands the relevant squared norms using sesquilinearity and conjugate symmetry and derives both the real- and imaginary-part identities with the proper factors and signs."
"du01_1","2903","4","true","Řešení je správné a úplné. Správně rozvíjíte čtverce norem pomocí vlastností komplexního skalárního součinu a v obou částech získáváte požadovaný faktor i znaménko.","The solution correctly expands the relevant squared norms using sesquilinearity and conjugate symmetry and derives both the real- and imaginary-part identities with the proper factors and signs."
"du01_1","2917","4","true","Řešení je správné a úplné. Správně rozvíjíte čtverce norem pomocí vlastností komplexního skalárního součinu a v obou částech získáváte požadovaný faktor i znaménko.","The solution correctly expands the relevant squared norms using sesquilinearity and conjugate symmetry and derives both the real- and imaginary-part identities with the proper factors and signs."
"du01_1","2918","4","true","Řešení je správné a úplné. Správně rozvíjíte čtverce norem pomocí vlastností komplexního skalárního součinu a v obou částech získáváte požadovaný faktor i znaménko.","The solution correctly expands the relevant squared norms using sesquilinearity and conjugate symmetry and derives both the real- and imaginary-part identities with the proper factors and signs."
"du01_1","2924","4","true","Řešení je správné a úplné. Správně rozvíjíte čtverce norem pomocí vlastností komplexního skalárního součinu a v obou částech získáváte požadovaný faktor i znaménko.","The solution correctly expands the relevant squared norms using sesquilinearity and conjugate symmetry and derives both the real- and imaginary-part identities with the proper factors and signs."
"du01_1","2932","4","true","Řešení je správné a úplné. Správně rozvíjíte čtverce norem pomocí vlastností komplexního skalárního součinu a v obou částech získáváte požadovaný faktor i znaménko.","The solution correctly expands the relevant squared norms using sesquilinearity and conjugate symmetry and derives both the real- and imaginary-part identities with the proper factors and signs."
"du01_1","2937","4","true","Řešení je správné a úplné. Správně rozvíjíte čtverce norem pomocí vlastností komplexního skalárního součinu a v obou částech získáváte požadovaný faktor i znaménko.","The solution correctly expands the relevant squared norms using sesquilinearity and conjugate symmetry and derives both the real- and imaginary-part identities with the proper factors and signs."
"du01_1","2941","4","true","Řešení je správné a úplné. Správně rozvíjíte čtverce norem pomocí vlastností komplexního skalárního součinu a v obou částech získáváte požadovaný faktor i znaménko.","The solution correctly expands the relevant squared norms using sesquilinearity and conjugate symmetry and derives both the real- and imaginary-part identities with the proper factors and signs."
"du01_1","2947","4","true","Řešení je správné a úplné. Správně rozvíjíte čtverce norem pomocí vlastností komplexního skalárního součinu a v obou částech získáváte požadovaný faktor i znaménko.","The solution correctly expands the relevant squared norms using sesquilinearity and conjugate symmetry and derives both the real- and imaginary-part identities with the proper factors and signs."
"du01_1","2948","4","true","Řešení je správné a úplné. Správně rozvíjíte čtverce norem pomocí vlastností komplexního skalárního součinu a v obou částech získáváte požadovaný faktor i znaménko.","The solution correctly expands the relevant squared norms using sesquilinearity and conjugate symmetry and derives both the real- and imaginary-part identities with the proper factors and signs."
"du01_1","2956","4","true","Řešení je správné a úplné. Správně rozvíjíte čtverce norem pomocí vlastností komplexního skalárního součinu a v obou částech získáváte požadovaný faktor i znaménko.","The solution correctly expands the relevant squared norms using sesquilinearity and conjugate symmetry and derives both the real- and imaginary-part identities with the proper factors and signs."
"du01_1","2968","4","true","Řešení je správné a úplné. Správně rozvíjíte čtverce norem pomocí vlastností komplexního skalárního součinu a v obou částech získáváte požadovaný faktor i znaménko.","The solution correctly expands the relevant squared norms using sesquilinearity and conjugate symmetry and derives both the real- and imaginary-part identities with the proper factors and signs."
"du01_1","2980","4","true","Řešení je správné a úplné. Správně rozvíjíte čtverce norem pomocí vlastností komplexního skalárního součinu a v obou částech získáváte požadovaný faktor i znaménko.","The solution correctly expands the relevant squared norms using sesquilinearity and conjugate symmetry and derives both the real- and imaginary-part identities with the proper factors and signs."
"du01_1","2984","4","true","Řešení je správné a úplné. Správně rozvíjíte čtverce norem pomocí vlastností komplexního skalárního součinu a v obou částech získáváte požadovaný faktor i znaménko.","The solution correctly expands the relevant squared norms using sesquilinearity and conjugate symmetry and derives both the real- and imaginary-part identities with the proper factors and signs."
"du01_1","2988","4","true","Řešení je správné a úplné. Správně rozvíjíte čtverce norem pomocí vlastností komplexního skalárního součinu a v obou částech získáváte požadovaný faktor i znaménko.","The solution correctly expands the relevant squared norms using sesquilinearity and conjugate symmetry and derives both the real- and imaginary-part identities with the proper factors and signs."
"du01_1","2993","4","true","Řešení je správné a úplné. Správně rozvíjíte čtverce norem pomocí vlastností komplexního skalárního součinu a v obou částech získáváte požadovaný faktor i znaménko.","The solution correctly expands the relevant squared norms using sesquilinearity and conjugate symmetry and derives both the real- and imaginary-part identities with the proper factors and signs."
"du01_1","3001","3.5","false","Obě identity jsou odvozeny správnou metodou a závěr vychází. V poznámce u imaginární části ale chybí faktor 2: výraz −iz+i z̄ je roven 2 Im(z), nikoli Im(z). Opravte tuto rovnost, aby navazující násobení jednou polovinou bylo logicky správné.","Both derivations have the correct structure and result, but the statement −iz+i z̄=Im(z) misses a factor of 2; the surrounding calculation implicitly uses the correct factor."
"du01_1","3002","3","false","Výsledné vzorce uvádíte, ale důkaz není souvisle korektní. V první části zaměňujete u±v za u±iv a ve druhé části jsou nezdůvodněné změny faktorů i znamének. Opravte vstupní výrazy a proveďte oba rozdíly norem po jednotlivých členech, včetně sdružení skaláru v první složce.","The intended conclusions are present, but the real-part calculation initially uses u±iv instead of u±v and the imaginary-part simplification contains several algebraically invalid or unexplained transformations."
"du01_1","3008","4","true","Řešení je správné a úplné. Správně rozvíjíte čtverce norem pomocí vlastností komplexního skalárního součinu a v obou částech získáváte požadovaný faktor i znaménko.","The solution correctly expands the relevant squared norms using sesquilinearity and conjugate symmetry and derives both the real- and imaginary-part identities with the proper factors and signs."
"du01_1","3009","2.5","false","Reálnou část v zásadě získáte, i když přes tvrzení, které je velmi blízké dokazovanému výsledku. U imaginární části končíte u výrazu se skalárními součiny a neukážete, že je roven Im(⟨u,v⟩). Doplňte převod pomocí seskvilinearity, skorosymetrie a vztahu z−z̄=2i Im(z).","The real-part relation is essentially recovered, but the solution relies on an equivalent polarization theorem and leaves the imaginary expression unevaluated, so the second identity is not proved."
"du01_1","3025","4","true","Řešení je správné a úplné. Správně rozvíjíte čtverce norem pomocí vlastností komplexního skalárního součinu a v obou částech získáváte požadovaný faktor i znaménko.","The solution correctly expands the relevant squared norms using sesquilinearity and conjugate symmetry and derives both the real- and imaginary-part identities with the proper factors and signs."
"du01_1","3036","4","true","Řešení je správné a úplné. Správně rozvíjíte čtverce norem pomocí vlastností komplexního skalárního součinu a v obou částech získáváte požadovaný faktor i znaménko.","The solution correctly expands the relevant squared norms using sesquilinearity and conjugate symmetry and derives both the real- and imaginary-part identities with the proper factors and signs."
"du01_1","3037","3.5","false","Oba konečné vztahy jsou správné. V důkazu imaginární části však v několika mezikrocích chybí nebo se přesouvají faktory i bez vysvětlení. Zapište zvlášť hodnoty ⟨u,iv⟩ a ⟨iv,u⟩ a až poté použijte vztah z−z̄=2i Im(z).","Both target identities are reached, but the imaginary-part algebra omits or misplaces factors of i in several intermediate equalities, so the displayed chain is not fully rigorous."
"du01_1","3039","2.5","false","První identita je doložena. Ve druhé části jsou ale rozdíly reálných čísel ztotožněny s nesprávně násobenými komplexními výrazy a výpočet nakonec pouze přepisuje definici imaginární části. Je třeba skutečně rozvinout obě normy a ukázat, že jejich rozdíl je 4 Im(⟨u,v⟩).","The real-part identity is established, but the imaginary-part chain equates real norm differences with improperly scaled complex expressions and becomes a tautology rather than a proof of the target formula."
"du01_1","3041","2","false","Reálná část je správně. V imaginární části chybně vytýkáte i z první složky, kde se musí komplexně sdružit; proto dostanete obrácené znaménko a na konci dokazujete opačné pořadí norem. Opravte pravidlo pro první složku a zachovejte rozdíl ||u−iv||²−||u+iv||².","The real-part identity is correct, but the scalar i is extracted incorrectly in the imaginary calculation, leading to the reversed norm difference and hence the opposite sign."
"du01_1","3045","4","true","Řešení je správné a úplné. Správně rozvíjíte čtverce norem pomocí vlastností komplexního skalárního součinu a v obou částech získáváte požadovaný faktor i znaménko.","The solution correctly expands the relevant squared norms using sesquilinearity and conjugate symmetry and derives both the real- and imaginary-part identities with the proper factors and signs."
"du01_1","3056","4","true","Řešení je správné a úplné. Správně rozvíjíte čtverce norem pomocí vlastností komplexního skalárního součinu a v obou částech získáváte požadovaný faktor i znaménko.","The solution correctly expands the relevant squared norms using sesquilinearity and conjugate symmetry and derives both the real- and imaginary-part identities with the proper factors and signs."
"du01_1","3057","4","true","Řešení je správné a úplné. Správně rozvíjíte čtverce norem pomocí vlastností komplexního skalárního součinu a v obou částech získáváte požadovaný faktor i znaménko.","The solution correctly expands the relevant squared norms using sesquilinearity and conjugate symmetry and derives both the real- and imaginary-part identities with the proper factors and signs."
"du01_1","3060","4","true","Řešení je správné a úplné. Správně rozvíjíte čtverce norem pomocí vlastností komplexního skalárního součinu a v obou částech získáváte požadovaný faktor i znaménko.","The solution correctly expands the relevant squared norms using sesquilinearity and conjugate symmetry and derives both the real- and imaginary-part identities with the proper factors and signs."
"du01_1","3062","3","false","První vztah je v zásadě odvozen. Ve druhém rozvoji jsou nesprávná znaménka při vytýkání i z první složky a následná rovnost s 4i Im(z) neplatí. Znovu určete oba smíšené členy pomocí linearity ve druhé a konjugované linearity v první složce.","The real-part calculation is usable, but the imaginary-part expansion mishandles conjugate-linearity and then uses incorrect identities involving 4i Im(z), so the proof of the second formula is invalid despite the stated conclusion."
"du01_1","3071","4","true","Řešení je správné a úplné. Správně rozvíjíte čtverce norem pomocí vlastností komplexního skalárního součinu a v obou částech získáváte požadovaný faktor i znaménko.","The solution correctly expands the relevant squared norms using sesquilinearity and conjugate symmetry and derives both the real- and imaginary-part identities with the proper factors and signs."
"du01_1","3072","4","true","Řešení je správné a úplné. Správně rozvíjíte čtverce norem pomocí vlastností komplexního skalárního součinu a v obou částech získáváte požadovaný faktor i znaménko.","The solution correctly expands the relevant squared norms using sesquilinearity and conjugate symmetry and derives both the real- and imaginary-part identities with the proper factors and signs."
"du01_1","3077","4","true","Řešení je správné a úplné. Správně rozvíjíte čtverce norem pomocí vlastností komplexního skalárního součinu a v obou částech získáváte požadovaný faktor i znaménko.","The solution correctly expands the relevant squared norms using sesquilinearity and conjugate symmetry and derives both the real- and imaginary-part identities with the proper factors and signs."
"du01_1","3089","4","true","Řešení je správné a úplné. Správně rozvíjíte čtverce norem pomocí vlastností komplexního skalárního součinu a v obou částech získáváte požadovaný faktor i znaménko.","The solution correctly expands the relevant squared norms using sesquilinearity and conjugate symmetry and derives both the real- and imaginary-part identities with the proper factors and signs."
"du01_1","3094","4","true","Řešení je správné a úplné. Správně rozvíjíte čtverce norem pomocí vlastností komplexního skalárního součinu a v obou částech získáváte požadovaný faktor i znaménko.","The solution correctly expands the relevant squared norms using sesquilinearity and conjugate symmetry and derives both the real- and imaginary-part identities with the proper factors and signs."
"du01_1","3102","4","true","Řešení je správné a úplné. Správně rozvíjíte čtverce norem pomocí vlastností komplexního skalárního součinu a v obou částech získáváte požadovaný faktor i znaménko.","The solution correctly expands the relevant squared norms using sesquilinearity and conjugate symmetry and derives both the real- and imaginary-part identities with the proper factors and signs."
"du01_1","3113","4","true","Řešení je správné a úplné. Správně rozvíjíte čtverce norem pomocí vlastností komplexního skalárního součinu a v obou částech získáváte požadovaný faktor i znaménko.","The solution correctly expands the relevant squared norms using sesquilinearity and conjugate symmetry and derives both the real- and imaginary-part identities with the proper factors and signs."
"du01_1","3116","4","true","Řešení je správné a úplné. Správně rozvíjíte čtverce norem pomocí vlastností komplexního skalárního součinu a v obou částech získáváte požadovaný faktor i znaménko.","The solution correctly expands the relevant squared norms using sesquilinearity and conjugate symmetry and derives both the real- and imaginary-part identities with the proper factors and signs."
"du01_1","3128","4","true","Řešení je správné a úplné. Správně rozvíjíte čtverce norem pomocí vlastností komplexního skalárního součinu a v obou částech získáváte požadovaný faktor i znaménko.","The solution correctly expands the relevant squared norms using sesquilinearity and conjugate symmetry and derives both the real- and imaginary-part identities with the proper factors and signs."
"du01_1","3135","4","true","Řešení je správné a úplné. Správně rozvíjíte čtverce norem pomocí vlastností komplexního skalárního součinu a v obou částech získáváte požadovaný faktor i znaménko.","The solution correctly expands the relevant squared norms using sesquilinearity and conjugate symmetry and derives both the real- and imaginary-part identities with the proper factors and signs."
"du01_1","3136","4","true","Řešení je správné a úplné. Správně rozvíjíte čtverce norem pomocí vlastností komplexního skalárního součinu a v obou částech získáváte požadovaný faktor i znaménko.","The solution correctly expands the relevant squared norms using sesquilinearity and conjugate symmetry and derives both the real- and imaginary-part identities with the proper factors and signs."
"du01_1","3139","4","true","Řešení je správné a úplné. Správně rozvíjíte čtverce norem pomocí vlastností komplexního skalárního součinu a v obou částech získáváte požadovaný faktor i znaménko.","The solution correctly expands the relevant squared norms using sesquilinearity and conjugate symmetry and derives both the real- and imaginary-part identities with the proper factors and signs."
"du01_1","3142","4","true","Řešení je správné a úplné. Správně rozvíjíte čtverce norem pomocí vlastností komplexního skalárního součinu a v obou částech získáváte požadovaný faktor i znaménko.","The solution correctly expands the relevant squared norms using sesquilinearity and conjugate symmetry and derives both the real- and imaginary-part identities with the proper factors and signs."
"du01_1","3149","4","true","Řešení je správné a úplné. Správně rozvíjíte čtverce norem pomocí vlastností komplexního skalárního součinu a v obou částech získáváte požadovaný faktor i znaménko.","The solution correctly expands the relevant squared norms using sesquilinearity and conjugate symmetry and derives both the real- and imaginary-part identities with the proper factors and signs."
"du01_1","3150","4","true","Řešení je správné a úplné. Správně rozvíjíte čtverce norem pomocí vlastností komplexního skalárního součinu a v obou částech získáváte požadovaný faktor i znaménko.","The solution correctly expands the relevant squared norms using sesquilinearity and conjugate symmetry and derives both the real- and imaginary-part identities with the proper factors and signs."
"du01_1","3164","3","false","Reálná část je správná. V imaginární části se objevuje chybné znaménko u členu ||v||² a také nesprávná změna znaménka při použití skorosymetrie. Tyto chyby se v zápisu náhodně vyruší, ale závěr z nich neplyne. Opravte rozvoj obou norem před jejich odečtením.","The real-part proof is correct, but the imaginary-part expansion assigns wrong signs to pure norm terms and changes signs when replacing inner products by conjugates; the final equality is therefore not supported by the displayed work."
"du01_1","3165","4","true","Řešení je správné a úplné. Správně rozvíjíte čtverce norem pomocí vlastností komplexního skalárního součinu a v obou částech získáváte požadovaný faktor i znaménko.","The solution correctly expands the relevant squared norms using sesquilinearity and conjugate symmetry and derives both the real- and imaginary-part identities with the proper factors and signs."
"du01_1","3166","3.5","false","Oba výsledky vycházejí správně. Text ale uvádí linearitu skalárního součinu v obou složkách, což v komplexním prostoru neplatí: první složka je konjugovaně lineární. Nahraďte toto tvrzení správnou seskvilinearitou a uveďte, že právě ta dává příslušná znaménka u i.","The numerical algebra and both conclusions are essentially correct, but the solution explicitly claims complex linearity in both arguments; an inner product is conjugate-linear in the first argument."
"du01_1","3167","3.5","false","Závěry jsou správné. V rozvoji ||u−iv||² však zapisujete člen s ||v||² se záporným znaménkem, ačkoli ||iv||²=||v||². Chyba se pouze vyruší s obdobným členem v druhé normě; opravte oba rozvoje, aby každý z nich byl sám o sobě správný.","Both final identities are correct, but the expansion of ||u−iv||² contains an incorrect negative ||v||² term; it cancels only because the same mistake is mirrored in the subtracted expression."
"du01_1","3188","4","true","Řešení je správné a úplné. Správně rozvíjíte čtverce norem pomocí vlastností komplexního skalárního součinu a v obou částech získáváte požadovaný faktor i znaménko.","The solution correctly expands the relevant squared norms using sesquilinearity and conjugate symmetry and derives both the real- and imaginary-part identities with the proper factors and signs."
"du01_1","3193","4","true","Řešení je správné a úplné. Správně rozvíjíte čtverce norem pomocí vlastností komplexního skalárního součinu a v obou částech získáváte požadovaný faktor i znaménko.","The solution correctly expands the relevant squared norms using sesquilinearity and conjugate symmetry and derives both the real- and imaginary-part identities with the proper factors and signs."
"du01_1","3194","4","true","Řešení je správné a úplné. Správně rozvíjíte čtverce norem pomocí vlastností komplexního skalárního součinu a v obou částech získáváte požadovaný faktor i znaménko.","The solution correctly expands the relevant squared norms using sesquilinearity and conjugate symmetry and derives both the real- and imaginary-part identities with the proper factors and signs."
"du01_1","3204","4","true","Řešení je správné a úplné. Správně rozvíjíte čtverce norem pomocí vlastností komplexního skalárního součinu a v obou částech získáváte požadovaný faktor i znaménko.","The solution correctly expands the relevant squared norms using sesquilinearity and conjugate symmetry and derives both the real- and imaginary-part identities with the proper factors and signs."
"du01_1","3209","4","true","Řešení je správné a úplné. Správně rozvíjíte čtverce norem pomocí vlastností komplexního skalárního součinu a v obou částech získáváte požadovaný faktor i znaménko.","The solution correctly expands the relevant squared norms using sesquilinearity and conjugate symmetry and derives both the real- and imaginary-part identities with the proper factors and signs."
"du01_1","3213","4","true","Řešení je správné a úplné. Správně rozvíjíte čtverce norem pomocí vlastností komplexního skalárního součinu a v obou částech získáváte požadovaný faktor i znaménko.","The solution correctly expands the relevant squared norms using sesquilinearity and conjugate symmetry and derives both the real- and imaginary-part identities with the proper factors and signs."
"du01_1","3218","4","true","Řešení je správné a úplné. Správně rozvíjíte čtverce norem pomocí vlastností komplexního skalárního součinu a v obou částech získáváte požadovaný faktor i znaménko.","The solution correctly expands the relevant squared norms using sesquilinearity and conjugate symmetry and derives both the real- and imaginary-part identities with the proper factors and signs."
"du01_1","3221","0","false","Odevzdané řešení patří k jiné úloze: zabývá se podmínkami, kdy matice určuje skalární součin. Neobsahuje důkaz ani jedné ze dvou požadovaných polarizačních identit pro reálnou a imaginární část ⟨u,v⟩.","The submission addresses a different exercise about matrix-defined inner products and does not prove either requested polarization identity."
"du01_1","3223","4","true","Řešení je správné a úplné. Správně rozvíjíte čtverce norem pomocí vlastností komplexního skalárního součinu a v obou částech získáváte požadovaný faktor i znaménko.","The solution correctly expands the relevant squared norms using sesquilinearity and conjugate symmetry and derives both the real- and imaginary-part identities with the proper factors and signs."
"du01_1","3225","4","true","Řešení je správné a úplné. Správně rozvíjíte čtverce norem pomocí vlastností komplexního skalárního součinu a v obou částech získáváte požadovaný faktor i znaménko.","The solution correctly expands the relevant squared norms using sesquilinearity and conjugate symmetry and derives both the real- and imaginary-part identities with the proper factors and signs."
"du01_1","3227","4","true","Řešení je správné a úplné. Správně rozvíjíte čtverce norem pomocí vlastností komplexního skalárního součinu a v obou částech získáváte požadovaný faktor i znaménko.","The solution correctly expands the relevant squared norms using sesquilinearity and conjugate symmetry and derives both the real- and imaginary-part identities with the proper factors and signs."
"du01_1","3231","4","true","Řešení je správné a úplné. Správně rozvíjíte čtverce norem pomocí vlastností komplexního skalárního součinu a v obou částech získáváte požadovaný faktor i znaménko.","The solution correctly expands the relevant squared norms using sesquilinearity and conjugate symmetry and derives both the real- and imaginary-part identities with the proper factors and signs."
"du01_1","3233","4","true","Řešení je správné a úplné. Správně rozvíjíte čtverce norem pomocí vlastností komplexního skalárního součinu a v obou částech získáváte požadovaný faktor i znaménko.","The solution correctly expands the relevant squared norms using sesquilinearity and conjugate symmetry and derives both the real- and imaginary-part identities with the proper factors and signs."
"du01_1","3238","4","true","Řešení je správné a úplné. Správně rozvíjíte čtverce norem pomocí vlastností komplexního skalárního součinu a v obou částech získáváte požadovaný faktor i znaménko.","The solution correctly expands the relevant squared norms using sesquilinearity and conjugate symmetry and derives both the real- and imaginary-part identities with the proper factors and signs."
"du01_1","3240","4","true","Řešení je správné a úplné. Správně rozvíjíte čtverce norem pomocí vlastností komplexního skalárního součinu a v obou částech získáváte požadovaný faktor i znaménko.","The solution correctly expands the relevant squared norms using sesquilinearity and conjugate symmetry and derives both the real- and imaginary-part identities with the proper factors and signs."
"du01_1","3241","4","true","Řešení je správné a úplné. Správně rozvíjíte čtverce norem pomocí vlastností komplexního skalárního součinu a v obou částech získáváte požadovaný faktor i znaménko.","The solution correctly expands the relevant squared norms using sesquilinearity and conjugate symmetry and derives both the real- and imaginary-part identities with the proper factors and signs."
"du01_1","3242","4","true","Řešení je správné a úplné. Správně rozvíjíte čtverce norem pomocí vlastností komplexního skalárního součinu a v obou částech získáváte požadovaný faktor i znaménko.","The solution correctly expands the relevant squared norms using sesquilinearity and conjugate symmetry and derives both the real- and imaginary-part identities with the proper factors and signs."
"du01_1","3244","4","true","Řešení je správné a úplné. Správně rozvíjíte čtverce norem pomocí vlastností komplexního skalárního součinu a v obou částech získáváte požadovaný faktor i znaménko.","The solution correctly expands the relevant squared norms using sesquilinearity and conjugate symmetry and derives both the real- and imaginary-part identities with the proper factors and signs."
"du01_1","3245","4","true","Řešení je správné a úplné. Správně rozvíjíte čtverce norem pomocí vlastností komplexního skalárního součinu a v obou částech získáváte požadovaný faktor i znaménko.","The solution correctly expands the relevant squared norms using sesquilinearity and conjugate symmetry and derives both the real- and imaginary-part identities with the proper factors and signs."
"du01_1","3248","4","true","Řešení je správné a úplné. Správně rozvíjíte čtverce norem pomocí vlastností komplexního skalárního součinu a v obou částech získáváte požadovaný faktor i znaménko.","The solution correctly expands the relevant squared norms using sesquilinearity and conjugate symmetry and derives both the real- and imaginary-part identities with the proper factors and signs."
"du01_1","3250","4","true","Řešení je správné a úplné. Správně rozvíjíte čtverce norem pomocí vlastností komplexního skalárního součinu a v obou částech získáváte požadovaný faktor i znaménko.","The solution correctly expands the relevant squared norms using sesquilinearity and conjugate symmetry and derives both the real- and imaginary-part identities with the proper factors and signs."
"du01_1","3253","4","true","Řešení je správné a úplné. Správně rozvíjíte čtverce norem pomocí vlastností komplexního skalárního součinu a v obou částech získáváte požadovaný faktor i znaménko.","The solution correctly expands the relevant squared norms using sesquilinearity and conjugate symmetry and derives both the real- and imaginary-part identities with the proper factors and signs."
"du01_1","3254","3","false","Reálná část je správně. V imaginární části při úpravě −2iz+2i z̄ zmizí faktor i, takže následující rovnost s imaginární částí neplatí v napsané podobě. Faktor i je nutné zachovat a teprve potom použít z−z̄=2i Im(z).","The real-part identity is correct, but the imaginary-part simplification drops a factor of i when passing from −2iz+2i z̄ to a conjugate difference; the correct conclusion is then asserted."
"du01_1","3256","4","true","Řešení je správné a úplné. Správně rozvíjíte čtverce norem pomocí vlastností komplexního skalárního součinu a v obou částech získáváte požadovaný faktor i znaménko.","The solution correctly expands the relevant squared norms using sesquilinearity and conjugate symmetry and derives both the real- and imaginary-part identities with the proper factors and signs."
"du01_1","3259","4","true","Řešení je správné a úplné. Správně rozvíjíte čtverce norem pomocí vlastností komplexního skalárního součinu a v obou částech získáváte požadovaný faktor i znaménko.","The solution correctly expands the relevant squared norms using sesquilinearity and conjugate symmetry and derives both the real- and imaginary-part identities with the proper factors and signs."
"du01_1","3260","4","true","Řešení je správné a úplné. Správně rozvíjíte čtverce norem pomocí vlastností komplexního skalárního součinu a v obou částech získáváte požadovaný faktor i znaménko.","The solution correctly expands the relevant squared norms using sesquilinearity and conjugate symmetry and derives both the real- and imaginary-part identities with the proper factors and signs."
"du01_1","3265","4","true","Řešení je správné a úplné. Správně rozvíjíte čtverce norem pomocí vlastností komplexního skalárního součinu a v obou částech získáváte požadovaný faktor i znaménko.","The solution correctly expands the relevant squared norms using sesquilinearity and conjugate symmetry and derives both the real- and imaginary-part identities with the proper factors and signs."
"du01_1","3268","3.5","false","Postup i oba závěry jsou správné. V imaginární části se však mezi dvěma řádky změní faktor 2 u výrazu i(z̄−z), aniž by se změnil vnější koeficient. Sjednoťte koeficienty; pak převod z̄−z=−2i Im(z) dá výsledek přímo.","Both ideas and conclusions are correct, but the imaginary-part calculation has an inconsistent factor of 2 between consecutive lines, making the final scalar simplification formally invalid."
"du01_1","3271","4","true","Řešení je správné a úplné. Správně rozvíjíte čtverce norem pomocí vlastností komplexního skalárního součinu a v obou částech získáváte požadovaný faktor i znaménko.","The solution correctly expands the relevant squared norms using sesquilinearity and conjugate symmetry and derives both the real- and imaginary-part identities with the proper factors and signs."
"du01_1","3275","4","true","Řešení je správné a úplné. Správně rozvíjíte čtverce norem pomocí vlastností komplexního skalárního součinu a v obou částech získáváte požadovaný faktor i znaménko.","The solution correctly expands the relevant squared norms using sesquilinearity and conjugate symmetry and derives both the real- and imaginary-part identities with the proper factors and signs."
"du01_1","3277","4","true","Řešení je správné a úplné. Správně rozvíjíte čtverce norem pomocí vlastností komplexního skalárního součinu a v obou částech získáváte požadovaný faktor i znaménko.","The solution correctly expands the relevant squared norms using sesquilinearity and conjugate symmetry and derives both the real- and imaginary-part identities with the proper factors and signs."
"du01_1","3285","4","true","Řešení je správné a úplné. Správně rozvíjíte čtverce norem pomocí vlastností komplexního skalárního součinu a v obou částech získáváte požadovaný faktor i znaménko.","The solution correctly expands the relevant squared norms using sesquilinearity and conjugate symmetry and derives both the real- and imaginary-part identities with the proper factors and signs."
"du01_1","3287","4","true","Řešení je správné a úplné. Správně rozvíjíte čtverce norem pomocí vlastností komplexního skalárního součinu a v obou částech získáváte požadovaný faktor i znaménko.","The solution correctly expands the relevant squared norms using sesquilinearity and conjugate symmetry and derives both the real- and imaginary-part identities with the proper factors and signs."
"du01_1","3288","3.5","false","Výsledné identity jsou správné, ale odůvodnění uvádí linearitu v obou složkách. V komplexním prostoru je první složka konjugovaně lineární, což je zásadní právě u násobků i. Upravte formulaci a výslovně zdůvodněte přechody s ⟨iv,u⟩ a ⟨iv,iv⟩.","The mixed-term computation leads to the correct identities, but the solution states that the complex inner product is linear in both arguments and does not justify the conjugation required in the first argument."
"du01_1","3294","4","true","Řešení je správné a úplné. Správně rozvíjíte čtverce norem pomocí vlastností komplexního skalárního součinu a v obou částech získáváte požadovaný faktor i znaménko.","The solution correctly expands the relevant squared norms using sesquilinearity and conjugate symmetry and derives both the real- and imaginary-part identities with the proper factors and signs."
"du01_1","3299","4","true","Řešení je správné a úplné. Správně rozvíjíte čtverce norem pomocí vlastností komplexního skalárního součinu a v obou částech získáváte požadovaný faktor i znaménko.","The solution correctly expands the relevant squared norms using sesquilinearity and conjugate symmetry and derives both the real- and imaginary-part identities with the proper factors and signs."
"du01_1","3301","4","true","Řešení je správné a úplné. Správně rozvíjíte čtverce norem pomocí vlastností komplexního skalárního součinu a v obou částech získáváte požadovaný faktor i znaménko.","The solution correctly expands the relevant squared norms using sesquilinearity and conjugate symmetry and derives both the real- and imaginary-part identities with the proper factors and signs."
"du01_1","3308","4","true","Řešení je správné a úplné. Správně rozvíjíte čtverce norem pomocí vlastností komplexního skalárního součinu a v obou částech získáváte požadovaný faktor i znaménko.","The solution correctly expands the relevant squared norms using sesquilinearity and conjugate symmetry and derives both the real- and imaginary-part identities with the proper factors and signs."
"du01_1","3309","4","true","Řešení je správné a úplné. Správně rozvíjíte čtverce norem pomocí vlastností komplexního skalárního součinu a v obou částech získáváte požadovaný faktor i znaménko.","The solution correctly expands the relevant squared norms using sesquilinearity and conjugate symmetry and derives both the real- and imaginary-part identities with the proper factors and signs."
"du01_1","3310","2.5","false","První identita je správně. Ve druhé vytýkáte i z první složky bez komplexního sdružení, takže vypočtený rozdíl má ve skutečnosti opačné znaménko, než uvádíte. Použijte ⟨iv,u⟩=−i⟨v,u⟩ a podle toho opravte oba rozvoje.","The real-part identity is correct, but the imaginary-part expansion extracts i from the first slot without conjugation, producing the opposite sign while the final line incorrectly declares it positive."
"du01_1","3314","4","true","Řešení je správné a úplné. Správně rozvíjíte čtverce norem pomocí vlastností komplexního skalárního součinu a v obou částech získáváte požadovaný faktor i znaménko.","The solution correctly expands the relevant squared norms using sesquilinearity and conjugate symmetry and derives both the real- and imaginary-part identities with the proper factors and signs."
"du01_1","3317","4","true","Řešení je správné a úplné. Správně rozvíjíte čtverce norem pomocí vlastností komplexního skalárního součinu a v obou částech získáváte požadovaný faktor i znaménko.","The solution correctly expands the relevant squared norms using sesquilinearity and conjugate symmetry and derives both the real- and imaginary-part identities with the proper factors and signs."
"du01_1","3318","4","true","Řešení je správné a úplné. Správně rozvíjíte čtverce norem pomocí vlastností komplexního skalárního součinu a v obou částech získáváte požadovaný faktor i znaménko.","The solution correctly expands the relevant squared norms using sesquilinearity and conjugate symmetry and derives both the real- and imaginary-part identities with the proper factors and signs."
"du01_1","3326","3","false","Reálná část je správně. U imaginární části během výpočtu získáte správné pořadí ||u−iv||²−||u+iv||², ale v závěrečném vzorci je obrátíte. Závěr musí zachovat pořadí z mezivýsledku; jinak se změní znaménko imaginární části.","The intermediate imaginary-part norm difference is essentially correct, but the final displayed formula reverses the order of the two norms, contradicting that computation and the assigned identity."
"du01_1","3329","4","true","Řešení je správné a úplné. Správně rozvíjíte čtverce norem pomocí vlastností komplexního skalárního součinu a v obou částech získáváte požadovaný faktor i znaménko.","The solution correctly expands the relevant squared norms using sesquilinearity and conjugate symmetry and derives both the real- and imaginary-part identities with the proper factors and signs."
"du01_1","3340","4","true","Řešení je správné a úplné. Správně rozvíjíte čtverce norem pomocí vlastností komplexního skalárního součinu a v obou částech získáváte požadovaný faktor i znaménko.","The solution correctly expands the relevant squared norms using sesquilinearity and conjugate symmetry and derives both the real- and imaginary-part identities with the proper factors and signs."
"du01_1","3344","3","false","Reálná část je v pořádku. V imaginární části máte výraz 2i(z̄−z), ale dosadíte do něj vztah pro opačný rozdíl z−z̄. Proto vyjde −4 Im(z), které pak bez zdůvodnění změníte na +4 Im(z). Použijte přímo z̄−z=−2i Im(z).","The real-part derivation is correct, but the imaginary-part argument substitutes z−z̄ for z̄−z, obtains −4 Im(z), and then changes it to +4 Im(z) without justification."
"du01_1","3345","4","true","Řešení je správné a úplné. Správně rozvíjíte čtverce norem pomocí vlastností komplexního skalárního součinu a v obou částech získáváte požadovaný faktor i znaménko.","The solution correctly expands the relevant squared norms using sesquilinearity and conjugate symmetry and derives both the real- and imaginary-part identities with the proper factors and signs."
"du01_1","3346","4","true","Řešení je správné a úplné. Správně rozvíjíte čtverce norem pomocí vlastností komplexního skalárního součinu a v obou částech získáváte požadovaný faktor i znaménko.","The solution correctly expands the relevant squared norms using sesquilinearity and conjugate symmetry and derives both the real- and imaginary-part identities with the proper factors and signs."
"du01_1","3347","4","true","Řešení je správné a úplné. Správně rozvíjíte čtverce norem pomocí vlastností komplexního skalárního součinu a v obou částech získáváte požadovaný faktor i znaménko.","The solution correctly expands the relevant squared norms using sesquilinearity and conjugate symmetry and derives both the real- and imaginary-part identities with the proper factors and signs."
"du01_1","3349","4","true","Řešení je správné a úplné. Správně rozvíjíte čtverce norem pomocí vlastností komplexního skalárního součinu a v obou částech získáváte požadovaný faktor i znaménko.","The solution correctly expands the relevant squared norms using sesquilinearity and conjugate symmetry and derives both the real- and imaginary-part identities with the proper factors and signs."
"du01_1","3403","4","true","Řešení je správné a úplné. Správně rozvíjíte čtverce norem pomocí vlastností komplexního skalárního součinu a v obou částech získáváte požadovaný faktor i znaménko.","The solution correctly expands the relevant squared norms using sesquilinearity and conjugate symmetry and derives both the real- and imaginary-part identities with the proper factors and signs."
"du01_2","273","4","true","Řešení je správné a úplné. Správně využíváte symetrii a linearitu maticového předpisu a v obou směrech dokazujete, že pozitivní definitnost je ekvivalentní podmínkám a₁₁ > 0 a det(A) > 0, včetně případu nulové hodnoty.","The solution correctly verifies the automatic symmetry and linearity properties and proves both directions of the positive-definiteness criterion, including the strict equality case."
"du01_2","534","2","false","Dokazujete pouze směr z podmínek a₁₁ > 0 a det(A) > 0 k pozitivní definitnosti. Pro ekvivalenci chybí opačný směr: ze skalárního součinu odvodit obě požadované nerovnosti.","Only the sufficiency implication is proved; necessity is absent."
"du01_2","1500","3.5","false","Řešení je téměř úplné. V opačné implikaci ale pouze tvrdíte, že koeficient u druhého čtverce musí být kladný; je třeba to zdůvodnit vhodnou volbou nenulového vektoru, pro který první čtverec vymizí.","The proof is essentially correct, but necessity jumps from positivity of the completed-square expression to positivity of its second coefficient without testing a vector that makes the first square zero."
"du01_2","1927","3","false","V dostačujícím směru není korektně dotažena ostrá kladnost ani případ rovnosti. Nestačí ukázat nezápornost jednotlivých částí; je třeba vysvětlit, proč jejich součet může být nulový jen pro nulový vektor.","The sufficiency argument does not correctly establish strict positivity and the equality case for every nonzero vector."
"du01_2","1989","4","true","Řešení je správné a úplné. Správně využíváte symetrii a linearitu maticového předpisu a v obou směrech dokazujete, že pozitivní definitnost je ekvivalentní podmínkám a₁₁ > 0 a det(A) > 0, včetně případu nulové hodnoty.","The solution correctly verifies the automatic symmetry and linearity properties and proves both directions of the positive-definiteness criterion, including the strict equality case."
"du01_2","2182","4","true","Řešení je správné a úplné. Správně využíváte symetrii a linearitu maticového předpisu a v obou směrech dokazujete, že pozitivní definitnost je ekvivalentní podmínkám a₁₁ > 0 a det(A) > 0, včetně případu nulové hodnoty.","The solution correctly verifies the automatic symmetry and linearity properties and proves both directions of the positive-definiteness criterion, including the strict equality case."
"du01_2","2202","2","false","Řešení pokrývá jen nutnost podmínek. Chybí důkaz, že z a₁₁ > 0 a det(A) > 0 skutečně plyne pozitivní definitnost, a tedy skalární součin.","Only necessity is addressed; the converse implication and the remaining inner-product axioms are not proved."
"du01_2","2377","2","false","Odvozujete pouze nutné podmínky. Pro tvrzení „právě tehdy“ je ještě nutné ověřit opačnou implikaci, zejména ostrou kladnost kvadratické formy pro každý nenulový vektor.","Only the necessary conditions are derived; sufficiency is missing."
"du01_2","2401","4","true","Řešení je správné a úplné. Správně využíváte symetrii a linearitu maticového předpisu a v obou směrech dokazujete, že pozitivní definitnost je ekvivalentní podmínkám a₁₁ > 0 a det(A) > 0, včetně případu nulové hodnoty.","The solution correctly verifies the automatic symmetry and linearity properties and proves both directions of the positive-definiteness criterion, including the strict equality case."
"du01_2","2464","2","false","Důkaz ukazuje pouze, že uvedené dvě nerovnosti postačují. Chybí opačný směr, tedy odvození a₁₁ > 0 a det(A) > 0 z pozitivní definitnosti skalárního součinu.","Only sufficiency is proved."
"du01_2","2492","4","true","Řešení je správné a úplné. Správně využíváte symetrii a linearitu maticového předpisu a v obou směrech dokazujete, že pozitivní definitnost je ekvivalentní podmínkám a₁₁ > 0 a det(A) > 0, včetně případu nulové hodnoty.","The solution correctly verifies the automatic symmetry and linearity properties and proves both directions of the positive-definiteness criterion, including the strict equality case."
"du01_2","2518","4","true","Řešení je správné a úplné. Správně využíváte symetrii a linearitu maticového předpisu a v obou směrech dokazujete, že pozitivní definitnost je ekvivalentní podmínkám a₁₁ > 0 a det(A) > 0, včetně případu nulové hodnoty.","The solution correctly verifies the automatic symmetry and linearity properties and proves both directions of the positive-definiteness criterion, including the strict equality case."
"du01_2","2542","3","false","Oba směry jsou naznačeny, ale odvození nutnosti det(A) > 0 není korektně doloženo. Je třeba přesně zvolit nenulový vektor, který při det(A) ≤ 0 poruší pozitivní definitnost, a správně spočítat jeho hodnotu.","Both directions are attempted, but the determinant necessity argument contains an algebraic/logical gap."
"du01_2","2562","2","false","V argumentaci o pozitivní definitnosti jsou podstatné algebraické i logické chyby v obou směrech. Je třeba správně upravit kvadratickou formu a zvlášť prokázat nutnost i dostatečnost obou ostrých nerovností.","The core positive-definiteness arguments in both directions contain substantial algebraic and logical errors."
"du01_2","2760","3.5","false","Výsledek i hlavní úprava jsou správné. Chybí jen přesné zdůvodnění, proč musí být koeficient u druhého čtverce kladný; doplňte volbu vektoru, která vynuluje první čtverec.","The result is correct apart from a small justification gap when inferring positivity of a coefficient in the completed-square form."
"du01_2","2763","4","true","Řešení je správné a úplné. Správně využíváte symetrii a linearitu maticového předpisu a v obou směrech dokazujete, že pozitivní definitnost je ekvivalentní podmínkám a₁₁ > 0 a det(A) > 0, včetně případu nulové hodnoty.","The solution correctly verifies the automatic symmetry and linearity properties and proves both directions of the positive-definiteness criterion, including the strict equality case."
"du01_2","2764","4","true","Řešení je správné a úplné. Správně využíváte symetrii a linearitu maticového předpisu a v obou směrech dokazujete, že pozitivní definitnost je ekvivalentní podmínkám a₁₁ > 0 a det(A) > 0, včetně případu nulové hodnoty.","The solution correctly verifies the automatic symmetry and linearity properties and proves both directions of the positive-definiteness criterion, including the strict equality case."
"du01_2","2766","4","true","Řešení je správné a úplné. Správně využíváte symetrii a linearitu maticového předpisu a v obou směrech dokazujete, že pozitivní definitnost je ekvivalentní podmínkám a₁₁ > 0 a det(A) > 0, včetně případu nulové hodnoty.","The solution correctly verifies the automatic symmetry and linearity properties and proves both directions of the positive-definiteness criterion, including the strict equality case."
"du01_2","2815","4","true","Řešení je správné a úplné. Správně využíváte symetrii a linearitu maticového předpisu a v obou směrech dokazujete, že pozitivní definitnost je ekvivalentní podmínkám a₁₁ > 0 a det(A) > 0, včetně případu nulové hodnoty.","The solution correctly verifies the automatic symmetry and linearity properties and proves both directions of the positive-definiteness criterion, including the strict equality case."
"du01_2","2826","4","true","Řešení je správné a úplné. Správně využíváte symetrii a linearitu maticového předpisu a v obou směrech dokazujete, že pozitivní definitnost je ekvivalentní podmínkám a₁₁ > 0 a det(A) > 0, včetně případu nulové hodnoty.","The solution correctly verifies the automatic symmetry and linearity properties and proves both directions of the positive-definiteness criterion, including the strict equality case."
"du01_2","2847","4","true","Řešení je správné a úplné. Správně využíváte symetrii a linearitu maticového předpisu a v obou směrech dokazujete, že pozitivní definitnost je ekvivalentní podmínkám a₁₁ > 0 a det(A) > 0, včetně případu nulové hodnoty.","The solution correctly verifies the automatic symmetry and linearity properties and proves both directions of the positive-definiteness criterion, including the strict equality case."
"du01_2","2857","4","true","Řešení je správné a úplné. Správně využíváte symetrii a linearitu maticového předpisu a v obou směrech dokazujete, že pozitivní definitnost je ekvivalentní podmínkám a₁₁ > 0 a det(A) > 0, včetně případu nulové hodnoty.","The solution correctly verifies the automatic symmetry and linearity properties and proves both directions of the positive-definiteness criterion, including the strict equality case."
"du01_2","2858","3.5","false","Důkaz je téměř hotový, ale v práci se znaménkem mimodiagonálního prvku chybí absolutní hodnota nebo rozlišení znamének. Bez toho zvolený vektor nepokrývá všechny možné matice.","A sign/absolute-value issue is left unresolved in the determinant argument."
"du01_2","2859","4","true","Řešení je správné a úplné. Správně využíváte symetrii a linearitu maticového předpisu a v obou směrech dokazujete, že pozitivní definitnost je ekvivalentní podmínkám a₁₁ > 0 a det(A) > 0, včetně případu nulové hodnoty.","The solution correctly verifies the automatic symmetry and linearity properties and proves both directions of the positive-definiteness criterion, including the strict equality case."
"du01_2","2860","4","true","Řešení je správné a úplné. Správně využíváte symetrii a linearitu maticového předpisu a v obou směrech dokazujete, že pozitivní definitnost je ekvivalentní podmínkám a₁₁ > 0 a det(A) > 0, včetně případu nulové hodnoty.","The solution correctly verifies the automatic symmetry and linearity properties and proves both directions of the positive-definiteness criterion, including the strict equality case."
"du01_2","2862","4","true","Řešení je správné a úplné. Správně využíváte symetrii a linearitu maticového předpisu a v obou směrech dokazujete, že pozitivní definitnost je ekvivalentní podmínkám a₁₁ > 0 a det(A) > 0, včetně případu nulové hodnoty.","The solution correctly verifies the automatic symmetry and linearity properties and proves both directions of the positive-definiteness criterion, including the strict equality case."
"du01_2","2864","4","true","Řešení je správné a úplné. Správně využíváte symetrii a linearitu maticového předpisu a v obou směrech dokazujete, že pozitivní definitnost je ekvivalentní podmínkám a₁₁ > 0 a det(A) > 0, včetně případu nulové hodnoty.","The solution correctly verifies the automatic symmetry and linearity properties and proves both directions of the positive-definiteness criterion, including the strict equality case."
"du01_2","2866","3.5","false","Postup je v zásadě správný, ale v nutné implikaci je chybně napsané znaménko determinantu, takže zapsaný řetězec nedává doslova požadovaný závěr. Opravte znaménko a jasně uveďte spor.","The proof is essentially correct, but the necessity part contains a determinant sign typo that makes the written implication inconsistent."
"du01_2","2868","4","true","Řešení je správné a úplné. Správně využíváte symetrii a linearitu maticového předpisu a v obou směrech dokazujete, že pozitivní definitnost je ekvivalentní podmínkám a₁₁ > 0 a det(A) > 0, včetně případu nulové hodnoty.","The solution correctly verifies the automatic symmetry and linearity properties and proves both directions of the positive-definiteness criterion, including the strict equality case."
"du01_2","2869","4","true","Řešení je správné a úplné. Správně využíváte symetrii a linearitu maticového předpisu a v obou směrech dokazujete, že pozitivní definitnost je ekvivalentní podmínkám a₁₁ > 0 a det(A) > 0, včetně případu nulové hodnoty.","The solution correctly verifies the automatic symmetry and linearity properties and proves both directions of the positive-definiteness criterion, including the strict equality case."
"du01_2","2874","4","true","Řešení je správné a úplné. Správně využíváte symetrii a linearitu maticového předpisu a v obou směrech dokazujete, že pozitivní definitnost je ekvivalentní podmínkám a₁₁ > 0 a det(A) > 0, včetně případu nulové hodnoty.","The solution correctly verifies the automatic symmetry and linearity properties and proves both directions of the positive-definiteness criterion, including the strict equality case."
"du01_2","2876","3.5","false","Myšlenka důkazu je správná, avšak speciálně zvolený vektor je v zápisu použit s nekonzistentními souřadnicemi. Sjednoťte volbu vektoru a následné dosazení do kvadratické formy.","The intended argument works, but the special vector is used with inconsistent coordinates/notation."
"du01_2","2877","3.5","false","Po doplnění na čtverec chybí krátké, ale důležité zdůvodnění ostré kladnosti druhého koeficientu. Je třeba využít nenulový vektor, který první čtverec vynuluje.","The completed-square proof has a minor gap in converting positive definiteness into strict positivity of the second coefficient."
"du01_2","2878","2","false","Je dokázán pouze směr od skalárního součinu k podmínkám na matici. Chybí důkaz opačné implikace a kontrola případu rovnosti v pozitivní definitnosti.","Only necessity is proved."
"du01_2","2887","4","true","Řešení je správné a úplné. Správně využíváte symetrii a linearitu maticového předpisu a v obou směrech dokazujete, že pozitivní definitnost je ekvivalentní podmínkám a₁₁ > 0 a det(A) > 0, včetně případu nulové hodnoty.","The solution correctly verifies the automatic symmetry and linearity properties and proves both directions of the positive-definiteness criterion, including the strict equality case."
"du01_2","2888","4","true","Řešení je správné a úplné. Správně využíváte symetrii a linearitu maticového předpisu a v obou směrech dokazujete, že pozitivní definitnost je ekvivalentní podmínkám a₁₁ > 0 a det(A) > 0, včetně případu nulové hodnoty.","The solution correctly verifies the automatic symmetry and linearity properties and proves both directions of the positive-definiteness criterion, including the strict equality case."
"du01_2","2892","4","true","Řešení je správné a úplné. Správně využíváte symetrii a linearitu maticového předpisu a v obou směrech dokazujete, že pozitivní definitnost je ekvivalentní podmínkám a₁₁ > 0 a det(A) > 0, včetně případu nulové hodnoty.","The solution correctly verifies the automatic symmetry and linearity properties and proves both directions of the positive-definiteness criterion, including the strict equality case."
"du01_2","2901","4","true","Řešení je správné a úplné. Správně využíváte symetrii a linearitu maticového předpisu a v obou směrech dokazujete, že pozitivní definitnost je ekvivalentní podmínkám a₁₁ > 0 a det(A) > 0, včetně případu nulové hodnoty.","The solution correctly verifies the automatic symmetry and linearity properties and proves both directions of the positive-definiteness criterion, including the strict equality case."
"du01_2","2903","4","true","Řešení je správné a úplné. Správně využíváte symetrii a linearitu maticového předpisu a v obou směrech dokazujete, že pozitivní definitnost je ekvivalentní podmínkám a₁₁ > 0 a det(A) > 0, včetně případu nulové hodnoty.","The solution correctly verifies the automatic symmetry and linearity properties and proves both directions of the positive-definiteness criterion, including the strict equality case."
"du01_2","2917","4","true","Řešení je správné a úplné. Správně využíváte symetrii a linearitu maticového předpisu a v obou směrech dokazujete, že pozitivní definitnost je ekvivalentní podmínkám a₁₁ > 0 a det(A) > 0, včetně případu nulové hodnoty.","The solution correctly verifies the automatic symmetry and linearity properties and proves both directions of the positive-definiteness criterion, including the strict equality case."
"du01_2","2918","4","true","Řešení je správné a úplné. Správně využíváte symetrii a linearitu maticového předpisu a v obou směrech dokazujete, že pozitivní definitnost je ekvivalentní podmínkám a₁₁ > 0 a det(A) > 0, včetně případu nulové hodnoty.","The solution correctly verifies the automatic symmetry and linearity properties and proves both directions of the positive-definiteness criterion, including the strict equality case."
"du01_2","2932","4","true","Řešení je správné a úplné. Správně využíváte symetrii a linearitu maticového předpisu a v obou směrech dokazujete, že pozitivní definitnost je ekvivalentní podmínkám a₁₁ > 0 a det(A) > 0, včetně případu nulové hodnoty.","The solution correctly verifies the automatic symmetry and linearity properties and proves both directions of the positive-definiteness criterion, including the strict equality case."
"du01_2","2935","3","false","Při konstrukci pro det(A) ≤ 0 chybí volba znaménka vektoru podle znaménka a₁₂. Zapsaná volba proto nezaručuje nekladnou hodnotu kvadratické formy ve všech případech.","The determinant counterexample omits the sign choice needed to cover both signs of the off-diagonal entry."
"du01_2","2937","4","true","Řešení je správné a úplné. Správně využíváte symetrii a linearitu maticového předpisu a v obou směrech dokazujete, že pozitivní definitnost je ekvivalentní podmínkám a₁₁ > 0 a det(A) > 0, včetně případu nulové hodnoty.","The solution correctly verifies the automatic symmetry and linearity properties and proves both directions of the positive-definiteness criterion, including the strict equality case."
"du01_2","2940","4","true","Řešení je správné a úplné. Správně využíváte symetrii a linearitu maticového předpisu a v obou směrech dokazujete, že pozitivní definitnost je ekvivalentní podmínkám a₁₁ > 0 a det(A) > 0, včetně případu nulové hodnoty.","The solution correctly verifies the automatic symmetry and linearity properties and proves both directions of the positive-definiteness criterion, including the strict equality case."
"du01_2","2948","1.5","false","Nutná implikace končí po odvození a₁₁ > 0, takže chybí determinant. V dostačujícím směru navíc nahrazujete a₁₂ odmocninou bez kontroly znaménka součinu u₁u₂ a výsledný čtverec může být nulový i pro nenulový vektor.","The necessity proof stops after a11>0, and the sufficiency estimate replaces the off-diagonal coefficient by square roots without controlling the sign of xy; the claimed square can also vanish for a nonzero vector."
"du01_2","2956","4","true","Řešení je správné a úplné. Správně využíváte symetrii a linearitu maticového předpisu a v obou směrech dokazujete, že pozitivní definitnost je ekvivalentní podmínkám a₁₁ > 0 a det(A) > 0, včetně případu nulové hodnoty.","The solution correctly verifies the automatic symmetry and linearity properties and proves both directions of the positive-definiteness criterion, including the strict equality case."
"du01_2","2980","4","true","Řešení je správné a úplné. Správně využíváte symetrii a linearitu maticového předpisu a v obou směrech dokazujete, že pozitivní definitnost je ekvivalentní podmínkám a₁₁ > 0 a det(A) > 0, včetně případu nulové hodnoty.","The solution correctly verifies the automatic symmetry and linearity properties and proves both directions of the positive-definiteness criterion, including the strict equality case."
"du01_2","2988","3","false","V nutné implikaci správně vylučujete det(A) = 0, ale nezabýváte se možností det(A) < 0. Právě pro ni je nutné najít nenulový vektor s nekladnou hodnotou kvadratické formy.","Necessity excludes determinant zero but does not rule out a negative determinant."
"du01_2","2989","3","false","Oba směry jsou zmíněny, avšak nutnost podmínek není skutečně dokázána. Ze samotného tvaru doplnění na čtverec je potřeba přesně odvodit ostré nerovnosti pomocí vhodných vektorů.","Both directions are mentioned, but the necessity implication is not established rigorously."
"du01_2","2993","4","true","Řešení je správné a úplné. Správně využíváte symetrii a linearitu maticového předpisu a v obou směrech dokazujete, že pozitivní definitnost je ekvivalentní podmínkám a₁₁ > 0 a det(A) > 0, včetně případu nulové hodnoty.","The solution correctly verifies the automatic symmetry and linearity properties and proves both directions of the positive-definiteness criterion, including the strict equality case."
"du01_2","3000","2","false","Ověřujete dostačující směr, ale chybí nutnost. Pro úplnou ekvivalenci je třeba ze skalárního součinu odvodit a₁₁ > 0 i det(A) > 0.","Only sufficiency is established."
"du01_2","3002","3.5","false","Řešení je téměř úplné. V opačném směru je však potřeba přesněji zdůvodnit volbu vektoru a výpočet, z něhož má plynout ostrá kladnost determinantu.","The solution is almost complete, with a small setup/justification gap in the necessity direction."
"du01_2","3007","3","false","Celkový postup je dobrý, ale v dostačujícím směru není první nerovnost ostrá při u₁ = 0 a porovnávací čtverec může být nulový i pro nenulový vektor. Je třeba tyto případy oddělit a správně doložit ostrou kladnost.","The overall approach is good, but the strict inequality in sufficiency fails when u1=0, and the comparison square may vanish for a nonzero vector; those cases need a separate argument."
"du01_2","3008","4","true","Řešení je správné a úplné. Správně využíváte symetrii a linearitu maticového předpisu a v obou směrech dokazujete, že pozitivní definitnost je ekvivalentní podmínkám a₁₁ > 0 a det(A) > 0, včetně případu nulové hodnoty.","The solution correctly verifies the automatic symmetry and linearity properties and proves both directions of the positive-definiteness criterion, including the strict equality case."
"du01_2","3025","4","true","Řešení je správné a úplné. Správně využíváte symetrii a linearitu maticového předpisu a v obou směrech dokazujete, že pozitivní definitnost je ekvivalentní podmínkám a₁₁ > 0 a det(A) > 0, včetně případu nulové hodnoty.","The solution correctly verifies the automatic symmetry and linearity properties and proves both directions of the positive-definiteness criterion, including the strict equality case."
"du01_2","3037","2","false","Je dokázáno pouze, že zadané podmínky vedou ke skalárnímu součinu. Chybí opačná implikace, bez níž není tvrzení „právě tehdy“ úplné.","Only sufficiency is proved."
"du01_2","3038","4","true","Řešení je správné a úplné. Správně využíváte symetrii a linearitu maticového předpisu a v obou směrech dokazujete, že pozitivní definitnost je ekvivalentní podmínkám a₁₁ > 0 a det(A) > 0, včetně případu nulové hodnoty.","The solution correctly verifies the automatic symmetry and linearity properties and proves both directions of the positive-definiteness criterion, including the strict equality case."
"du01_2","3041","2","false","Řešení obsahuje jen dostačující směr. Doplňte odvození obou nerovností z pozitivní definitnosti, včetně vyloučení det(A) ≤ 0.","Only sufficiency is proved."
"du01_2","3045","4","true","Řešení je správné a úplné. Správně využíváte symetrii a linearitu maticového předpisu a v obou směrech dokazujete, že pozitivní definitnost je ekvivalentní podmínkám a₁₁ > 0 a det(A) > 0, včetně případu nulové hodnoty.","The solution correctly verifies the automatic symmetry and linearity properties and proves both directions of the positive-definiteness criterion, including the strict equality case."
"du01_2","3056","4","true","Řešení je správné a úplné. Správně využíváte symetrii a linearitu maticového předpisu a v obou směrech dokazujete, že pozitivní definitnost je ekvivalentní podmínkám a₁₁ > 0 a det(A) > 0, včetně případu nulové hodnoty.","The solution correctly verifies the automatic symmetry and linearity properties and proves both directions of the positive-definiteness criterion, including the strict equality case."
"du01_2","3057","2.5","false","Nutná implikace je zpracována dobře. V dostačujícím směru ale odhad 2bxy pomocí −2|b|xy není platný pro obě znaménka xy; musí se pracovat s |xy| nebo použít doplnění na čtverec.","Necessity is sound, but the sufficiency inequality omits absolute values on xy and is false when xy has the opposite sign."
"du01_2","3060","4","true","Řešení je správné a úplné. Správně využíváte symetrii a linearitu maticového předpisu a v obou směrech dokazujete, že pozitivní definitnost je ekvivalentní podmínkám a₁₁ > 0 a det(A) > 0, včetně případu nulové hodnoty.","The solution correctly verifies the automatic symmetry and linearity properties and proves both directions of the positive-definiteness criterion, including the strict equality case."
"du01_2","3072","2.5","false","V dostačujícím směru je chybně zapsané doplnění na čtverec: chybí správný člen det(A)/a₁₁. Z uvedeného výrazu proto nelze odvodit pozitivní definitnost.","The completed-square formula in the sufficiency proof is missing/misstates the determinant term, so positive definiteness is not established."
"du01_2","3075","4","true","Řešení je správné a úplné. Správně využíváte symetrii a linearitu maticového předpisu a v obou směrech dokazujete, že pozitivní definitnost je ekvivalentní podmínkám a₁₁ > 0 a det(A) > 0, včetně případu nulové hodnoty.","The solution correctly verifies the automatic symmetry and linearity properties and proves both directions of the positive-definiteness criterion, including the strict equality case."
"du01_2","3077","3.5","false","Hlavní myšlenka je správná, avšak směry implikací a několik algebraických přechodů jsou zapsány nejasně. Oddělte oba směry a u každého explicitně dokažte ostrou kladnost příslušného koeficientu.","The main idea is correct, but the implication structure and some algebra are too unclear to constitute a fully rigorous proof."
"du01_2","3090","4","true","Řešení je správné a úplné. Správně využíváte symetrii a linearitu maticového předpisu a v obou směrech dokazujete, že pozitivní definitnost je ekvivalentní podmínkám a₁₁ > 0 a det(A) > 0, včetně případu nulové hodnoty.","The solution correctly verifies the automatic symmetry and linearity properties and proves both directions of the positive-definiteness criterion, including the strict equality case."
"du01_2","3102","4","true","Řešení je správné a úplné. Správně využíváte symetrii a linearitu maticového předpisu a v obou směrech dokazujete, že pozitivní definitnost je ekvivalentní podmínkám a₁₁ > 0 a det(A) > 0, včetně případu nulové hodnoty.","The solution correctly verifies the automatic symmetry and linearity properties and proves both directions of the positive-definiteness criterion, including the strict equality case."
"du01_2","3111","4","true","Řešení je správné a úplné. Správně využíváte symetrii a linearitu maticového předpisu a v obou směrech dokazujete, že pozitivní definitnost je ekvivalentní podmínkám a₁₁ > 0 a det(A) > 0, včetně případu nulové hodnoty.","The solution correctly verifies the automatic symmetry and linearity properties and proves both directions of the positive-definiteness criterion, including the strict equality case."
"du01_2","3113","3","false","Odvození det(A) > 0 v nutném směru není korektní. Samotná regularita dává jen det(A) ≠ 0; pro kladné znaménko je nutné použít pozitivní definitnost na vhodně zvoleném vektoru.","The determinant necessity argument is flawed."
"du01_2","3116","4","true","Řešení je správné a úplné. Správně využíváte symetrii a linearitu maticového předpisu a v obou směrech dokazujete, že pozitivní definitnost je ekvivalentní podmínkám a₁₁ > 0 a det(A) > 0, včetně případu nulové hodnoty.","The solution correctly verifies the automatic symmetry and linearity properties and proves both directions of the positive-definiteness criterion, including the strict equality case."
"du01_2","3121","2","false","Dokazujete pouze dostačující směr. Chybí důkaz nutnosti obou podmínek, zejména vyloučení záporného determinantu.","Only sufficiency is proved."
"du01_2","3128","4","true","Řešení je správné a úplné. Správně využíváte symetrii a linearitu maticového předpisu a v obou směrech dokazujete, že pozitivní definitnost je ekvivalentní podmínkám a₁₁ > 0 a det(A) > 0, včetně případu nulové hodnoty.","The solution correctly verifies the automatic symmetry and linearity properties and proves both directions of the positive-definiteness criterion, including the strict equality case."
"du01_2","3131","3.5","false","Po doplnění na čtverec je správný tvar, ale není doloženo, proč musí být druhý koeficient ostře kladný. Doplňte vhodnou volbu nenulového vektoru.","There is a minor gap when inferring coefficient positivity from the completed-square expression."
"du01_2","3135","3.5","false","V nutné implikaci přecházíte od pozitivní definitnosti rovnou ke kladnosti koeficientu, aniž zvolíte vektor, který odstraní první čtverec. Tento krok je třeba doplnit.","There is a minor gap in the necessity step from positive definiteness to a positive determinant."
"du01_2","3139","3.5","false","Důkaz je téměř správný, jen ostrá kladnost koeficientu det(A)/a₁₁ je tvrzena bez zdůvodnění. Uveďte nenulový vektor, pro který první čtverec zmizí.","The proof is essentially correct, but strict positivity of the determinant coefficient is asserted without justification."
"du01_2","3164","4","true","Řešení je správné a úplné. Správně využíváte symetrii a linearitu maticového předpisu a v obou směrech dokazujete, že pozitivní definitnost je ekvivalentní podmínkám a₁₁ > 0 a det(A) > 0, včetně případu nulové hodnoty.","The solution correctly verifies the automatic symmetry and linearity properties and proves both directions of the positive-definiteness criterion, including the strict equality case."
"du01_2","3166","4","true","Řešení je správné a úplné. Správně využíváte symetrii a linearitu maticového předpisu a v obou směrech dokazujete, že pozitivní definitnost je ekvivalentní podmínkám a₁₁ > 0 a det(A) > 0, včetně případu nulové hodnoty.","The solution correctly verifies the automatic symmetry and linearity properties and proves both directions of the positive-definiteness criterion, including the strict equality case."
"du01_2","3167","4","true","Řešení je správné a úplné. Správně využíváte symetrii a linearitu maticového předpisu a v obou směrech dokazujete, že pozitivní definitnost je ekvivalentní podmínkám a₁₁ > 0 a det(A) > 0, včetně případu nulové hodnoty.","The solution correctly verifies the automatic symmetry and linearity properties and proves both directions of the positive-definiteness criterion, including the strict equality case."
"du01_2","3174","0","false","V odevzdání není žádný důkaz, pouze odkaz na řešení v jiné úloze. Hodnotit lze jen zde zpřístupněný obsah; doplňte samotné řešení této úlohy.","No solution is included; the submission only refers to a solution elsewhere."
"du01_2","3188","3.5","false","V jinak správné argumentaci je chybný výraz pod odmocninou: musí jít o součin obou diagonálních prvků. Opravte tento zápis a navazující nerovnost.","The proof has a small but consequential notation error: the square-root product uses the wrong diagonal entry."
"du01_2","3193","4","true","Řešení je správné a úplné. Správně využíváte symetrii a linearitu maticového předpisu a v obou směrech dokazujete, že pozitivní definitnost je ekvivalentní podmínkám a₁₁ > 0 a det(A) > 0, včetně případu nulové hodnoty.","The solution correctly verifies the automatic symmetry and linearity properties and proves both directions of the positive-definiteness criterion, including the strict equality case."
"du01_2","3194","4","true","Řešení je správné a úplné. Správně využíváte symetrii a linearitu maticového předpisu a v obou směrech dokazujete, že pozitivní definitnost je ekvivalentní podmínkám a₁₁ > 0 a det(A) > 0, včetně případu nulové hodnoty.","The solution correctly verifies the automatic symmetry and linearity properties and proves both directions of the positive-definiteness criterion, including the strict equality case."
"du01_2","3196","4","true","Řešení je správné a úplné. Správně využíváte symetrii a linearitu maticového předpisu a v obou směrech dokazujete, že pozitivní definitnost je ekvivalentní podmínkám a₁₁ > 0 a det(A) > 0, včetně případu nulové hodnoty.","The solution correctly verifies the automatic symmetry and linearity properties and proves both directions of the positive-definiteness criterion, including the strict equality case."
"du01_2","3204","4","true","Řešení je správné a úplné. Správně využíváte symetrii a linearitu maticového předpisu a v obou směrech dokazujete, že pozitivní definitnost je ekvivalentní podmínkám a₁₁ > 0 a det(A) > 0, včetně případu nulové hodnoty.","The solution correctly verifies the automatic symmetry and linearity properties and proves both directions of the positive-definiteness criterion, including the strict equality case."
"du01_2","3209","4","true","Řešení je správné a úplné. Správně využíváte symetrii a linearitu maticového předpisu a v obou směrech dokazujete, že pozitivní definitnost je ekvivalentní podmínkám a₁₁ > 0 a det(A) > 0, včetně případu nulové hodnoty.","The solution correctly verifies the automatic symmetry and linearity properties and proves both directions of the positive-definiteness criterion, including the strict equality case."
"du01_2","3213","3.5","false","Oba směry jsou přítomné, avšak klíčové přechody mezi pozitivní definitností a podmínkami na koeficienty nejsou dostatečně vysvětlené. Především uveďte, jakými vektory se jednotlivé nerovnosti testují.","Both implications are present, but the logical transitions are insufficiently explicit."
"du01_2","3218","4","true","Řešení je správné a úplné. Správně využíváte symetrii a linearitu maticového předpisu a v obou směrech dokazujete, že pozitivní definitnost je ekvivalentní podmínkám a₁₁ > 0 a det(A) > 0, včetně případu nulové hodnoty.","The solution correctly verifies the automatic symmetry and linearity properties and proves both directions of the positive-definiteness criterion, including the strict equality case."
"du01_2","3219","2","false","Je ověřen jen směr z podmínek na matici ke skalárnímu součinu. Chybí opačný směr požadované ekvivalence.","Only sufficiency is proved."
"du01_2","3221","0","false","Odevzdaný text řeší jinou úlohu – polarizační identity. K této úloze chybí důkaz kritéria a₁₁ > 0 a det(A) > 0.","The submission solves a different problem (the polarization identities), not this matrix criterion."
"du01_2","3223","2","false","Řešení se zabývá pouze nutnými podmínkami. Chybí ověření, že při a₁₁ > 0 a det(A) > 0 je forma pozitivně definitní.","Only necessity is addressed."
"du01_2","3225","4","true","Řešení je správné a úplné. Správně využíváte symetrii a linearitu maticového předpisu a v obou směrech dokazujete, že pozitivní definitnost je ekvivalentní podmínkám a₁₁ > 0 a det(A) > 0, včetně případu nulové hodnoty.","The solution correctly verifies the automatic symmetry and linearity properties and proves both directions of the positive-definiteness criterion, including the strict equality case."
"du01_2","3227","3","false","Doplnění na čtverec je správný základ, ale není přesně rozlišeno, co se v kterém směru předpokládá a dokazuje. Také je třeba výslovně vyřešit ostrou kladnost a případ nulové hodnoty.","The completed-square identity is useful, but the two implications and strict equality case are not rigorously separated."
"du01_2","3231","4","true","Řešení je správné a úplné. Správně využíváte symetrii a linearitu maticového předpisu a v obou směrech dokazujete, že pozitivní definitnost je ekvivalentní podmínkám a₁₁ > 0 a det(A) > 0, včetně případu nulové hodnoty.","The solution correctly verifies the automatic symmetry and linearity properties and proves both directions of the positive-definiteness criterion, including the strict equality case."
"du01_2","3233","4","true","Řešení je správné a úplné. Správně využíváte symetrii a linearitu maticového předpisu a v obou směrech dokazujete, že pozitivní definitnost je ekvivalentní podmínkám a₁₁ > 0 a det(A) > 0, včetně případu nulové hodnoty.","The solution correctly verifies the automatic symmetry and linearity properties and proves both directions of the positive-definiteness criterion, including the strict equality case."
"du01_2","3238","3.5","false","Diskriminační argument je v zásadě správný. Pro úplnost ale výslovně dokažte, že hodnota je nulová právě pro nulový vektor, včetně případů, kdy jedna souřadnice je nulová.","The discriminant proof is essentially correct, but the strict-positivity/equality case is only implicit."
"du01_2","3240","3.5","false","Důkaz je téměř úplný, avšak v kroku se sporem je determinant označen opačným znaménkem, než odpovídá následujícímu výpočtu. Opravte znaménko a formulaci sporu.","The proof is essentially complete, but a determinant sign is written inconsistently in the contradiction step."
"du01_2","3241","4","true","Řešení je správné a úplné. Správně využíváte symetrii a linearitu maticového předpisu a v obou směrech dokazujete, že pozitivní definitnost je ekvivalentní podmínkám a₁₁ > 0 a det(A) > 0, včetně případu nulové hodnoty.","The solution correctly verifies the automatic symmetry and linearity properties and proves both directions of the positive-definiteness criterion, including the strict equality case."
"du01_2","3242","4","true","Řešení je správné a úplné. Správně využíváte symetrii a linearitu maticového předpisu a v obou směrech dokazujete, že pozitivní definitnost je ekvivalentní podmínkám a₁₁ > 0 a det(A) > 0, včetně případu nulové hodnoty.","The solution correctly verifies the automatic symmetry and linearity properties and proves both directions of the positive-definiteness criterion, including the strict equality case."
"du01_2","3245","2","false","Od začátku předpokládáte obě nerovnosti a ověřujete axiomy, takže dokazujete jen dostačující směr. Chybí odvození podmínek ze skutečnosti, že jde o skalární součin.","Only the sufficient direction is proved."
"du01_2","3248","2.5","false","Je zde správná myšlenka doplnění na čtverec, ale důkaz není dotažen do dvou jasných implikací. Chybí zejména přesné odvození ostrých podmínek a kontrola nenulových vektorů.","The completed-square idea is present, but neither implication is organized into a rigorous derivation of the strict conditions."
"du01_2","3250","2.5","false","Používáte pouze jednu volbu znaménka, takže získáte jen jednostrannou nerovnost pro mimodiagonální prvek. Je nutné pokrýt obě znaménka, tedy pracovat s absolutní hodnotou; současný nedostatek zasahuje oba směry důkazu.","A single sign choice yields only one bound on the off-diagonal entry; the missing opposite sign invalidates both the necessity and sufficiency estimates as written."
"du01_2","3254","3.5","false","V nutné implikaci je správně připravené doplnění na čtverec, ale chybí závěrečný argument, proč musí být druhý koeficient kladný. Doplňte nenulový vektor anulující první čtverec.","The necessity direction asserts positivity of the completed-square coefficient without a final test-vector argument."
"du01_2","3256","4","true","Řešení je správné a úplné. Správně využíváte symetrii a linearitu maticového předpisu a v obou směrech dokazujete, že pozitivní definitnost je ekvivalentní podmínkám a₁₁ > 0 a det(A) > 0, včetně případu nulové hodnoty.","The solution correctly verifies the automatic symmetry and linearity properties and proves both directions of the positive-definiteness criterion, including the strict equality case."
"du01_2","3259","3","false","Řešení správně rozpoznává doplnění na čtverec, ale směry implikací jsou promíchané a ostré nerovnosti nejsou v obou směrech přesně odvozeny. Uspořádejte důkaz na dvě samostatné části.","The proof mixes necessity and sufficiency and does not rigorously establish all strict inequalities in both directions."
"du01_2","3260","4","true","Řešení je správné a úplné. Správně využíváte symetrii a linearitu maticového předpisu a v obou směrech dokazujete, že pozitivní definitnost je ekvivalentní podmínkám a₁₁ > 0 a det(A) > 0, včetně případu nulové hodnoty.","The solution correctly verifies the automatic symmetry and linearity properties and proves both directions of the positive-definiteness criterion, including the strict equality case."
"du01_2","3265","4","true","Řešení je správné a úplné. Správně využíváte symetrii a linearitu maticového předpisu a v obou směrech dokazujete, že pozitivní definitnost je ekvivalentní podmínkám a₁₁ > 0 a det(A) > 0, včetně případu nulové hodnoty.","The solution correctly verifies the automatic symmetry and linearity properties and proves both directions of the positive-definiteness criterion, including the strict equality case."
"du01_2","3268","4","true","Řešení je správné a úplné. Správně využíváte symetrii a linearitu maticového předpisu a v obou směrech dokazujete, že pozitivní definitnost je ekvivalentní podmínkám a₁₁ > 0 a det(A) > 0, včetně případu nulové hodnoty.","The solution correctly verifies the automatic symmetry and linearity properties and proves both directions of the positive-definiteness criterion, including the strict equality case."
"du01_2","3271","4","true","Řešení je správné a úplné. Správně využíváte symetrii a linearitu maticového předpisu a v obou směrech dokazujete, že pozitivní definitnost je ekvivalentní podmínkám a₁₁ > 0 a det(A) > 0, včetně případu nulové hodnoty.","The solution correctly verifies the automatic symmetry and linearity properties and proves both directions of the positive-definiteness criterion, including the strict equality case."
"du01_2","3272","4","true","Řešení je správné a úplné. Správně využíváte symetrii a linearitu maticového předpisu a v obou směrech dokazujete, že pozitivní definitnost je ekvivalentní podmínkám a₁₁ > 0 a det(A) > 0, včetně případu nulové hodnoty.","The solution correctly verifies the automatic symmetry and linearity properties and proves both directions of the positive-definiteness criterion, including the strict equality case."
"du01_2","3275","3.5","false","V nutném směru je kladnost koeficientu po doplnění na čtverec spíše konstatována než dokázána. Je třeba uvést volbu vektoru, která vynuluje první člen, a využít ostrou pozitivní definitnost.","The coefficient argument in the necessity direction is not fully justified."
"du01_2","3276","4","true","Řešení je správné a úplné. Správně využíváte symetrii a linearitu maticového předpisu a v obou směrech dokazujete, že pozitivní definitnost je ekvivalentní podmínkám a₁₁ > 0 a det(A) > 0, včetně případu nulové hodnoty.","The solution correctly verifies the automatic symmetry and linearity properties and proves both directions of the positive-definiteness criterion, including the strict equality case."
"du01_2","3277","4","true","Řešení je správné a úplné. Správně využíváte symetrii a linearitu maticového předpisu a v obou směrech dokazujete, že pozitivní definitnost je ekvivalentní podmínkám a₁₁ > 0 a det(A) > 0, včetně případu nulové hodnoty.","The solution correctly verifies the automatic symmetry and linearity properties and proves both directions of the positive-definiteness criterion, including the strict equality case."
"du01_2","3281","4","true","Řešení je správné a úplné. Správně využíváte symetrii a linearitu maticového předpisu a v obou směrech dokazujete, že pozitivní definitnost je ekvivalentní podmínkám a₁₁ > 0 a det(A) > 0, včetně případu nulové hodnoty.","The solution correctly verifies the automatic symmetry and linearity properties and proves both directions of the positive-definiteness criterion, including the strict equality case."
"du01_2","3284","4","true","Řešení je správné a úplné. Správně využíváte symetrii a linearitu maticového předpisu a v obou směrech dokazujete, že pozitivní definitnost je ekvivalentní podmínkám a₁₁ > 0 a det(A) > 0, včetně případu nulové hodnoty.","The solution correctly verifies the automatic symmetry and linearity properties and proves both directions of the positive-definiteness criterion, including the strict equality case."
"du01_2","3285","4","true","Řešení je správné a úplné. Správně využíváte symetrii a linearitu maticového předpisu a v obou směrech dokazujete, že pozitivní definitnost je ekvivalentní podmínkám a₁₁ > 0 a det(A) > 0, včetně případu nulové hodnoty.","The solution correctly verifies the automatic symmetry and linearity properties and proves both directions of the positive-definiteness criterion, including the strict equality case."
"du01_2","3287","4","true","Řešení je správné a úplné. Správně využíváte symetrii a linearitu maticového předpisu a v obou směrech dokazujete, že pozitivní definitnost je ekvivalentní podmínkám a₁₁ > 0 a det(A) > 0, včetně případu nulové hodnoty.","The solution correctly verifies the automatic symmetry and linearity properties and proves both directions of the positive-definiteness criterion, including the strict equality case."
"du01_2","3288","3.5","false","Metoda s diskriminantem vede ke správnému výsledku, ale formulace o existenci řešení nerovnosti je nepřesná a případ rovnosti není čistě doložen. Upřesněte, co znamená záporný diskriminant pro kvadratický polynom s kladným vedoucím koeficientem.","The discriminant method is basically correct, but the text reverses/blurred the relation between a negative discriminant and solvability, and the equality case is not cleanly justified."
"du01_2","3294","4","true","Řešení je správné a úplné. Správně využíváte symetrii a linearitu maticového předpisu a v obou směrech dokazujete, že pozitivní definitnost je ekvivalentní podmínkám a₁₁ > 0 a det(A) > 0, včetně případu nulové hodnoty.","The solution correctly verifies the automatic symmetry and linearity properties and proves both directions of the positive-definiteness criterion, including the strict equality case."
"du01_2","3295","3","false","V nutné implikaci správně získáte a₁₁ > 0, ale det(A) > 0 je pouze tvrzeno. Je třeba zvlášť vyloučit det(A) ≤ 0 pomocí vhodného nenulového vektoru.","The necessity proof derives a11>0 but simply states det(A)>0 without proving it."
"du01_2","3297","3.5","false","Doplnění na čtverec je správné, ale v nutném směru je klíčový závěr skryt v tvrzení „právě tehdy“ bez důkazu. Uveďte testovací vektory, které vynutí kladnost obou koeficientů.","The completed-square criterion is used correctly in spirit, but necessity is compressed into an unjustified “if and only if” assertion."
"du01_2","3298","4","true","Řešení je správné a úplné. Správně využíváte symetrii a linearitu maticového předpisu a v obou směrech dokazujete, že pozitivní definitnost je ekvivalentní podmínkám a₁₁ > 0 a det(A) > 0, včetně případu nulové hodnoty.","The solution correctly verifies the automatic symmetry and linearity properties and proves both directions of the positive-definiteness criterion, including the strict equality case."
"du01_2","3299","4","true","Řešení je správné a úplné. Správně využíváte symetrii a linearitu maticového předpisu a v obou směrech dokazujete, že pozitivní definitnost je ekvivalentní podmínkám a₁₁ > 0 a det(A) > 0, včetně případu nulové hodnoty.","The solution correctly verifies the automatic symmetry and linearity properties and proves both directions of the positive-definiteness criterion, including the strict equality case."
"du01_2","3308","2","false","Řešení ověřuje pouze dostačující směr. Chybí celá opačná implikace od pozitivní definitnosti k a₁₁ > 0 a det(A) > 0.","Only sufficiency is shown."
"du01_2","3309","4","true","Řešení je správné a úplné. Správně využíváte symetrii a linearitu maticového předpisu a v obou směrech dokazujete, že pozitivní definitnost je ekvivalentní podmínkám a₁₁ > 0 a det(A) > 0, včetně případu nulové hodnoty.","The solution correctly verifies the automatic symmetry and linearity properties and proves both directions of the positive-definiteness criterion, including the strict equality case."
"du01_2","3317","3.5","false","Řešení je téměř úplné. V dostačujícím směru však dolní odhad může mít pro nenulový vektor nulový čtverec; je třeba vysvětlit, proč díky ostré nerovnosti |a₁₂| < √(a₁₁a₂₂) zůstává původní výraz kladný.","The proof is nearly complete, but strict positivity in the Cauchy-type estimate is not fully justified at the possible equality configuration."
"du01_2","3329","4","true","Řešení je správné a úplné. Správně využíváte symetrii a linearitu maticového předpisu a v obou směrech dokazujete, že pozitivní definitnost je ekvivalentní podmínkám a₁₁ > 0 a det(A) > 0, včetně případu nulové hodnoty.","The solution correctly verifies the automatic symmetry and linearity properties and proves both directions of the positive-definiteness criterion, including the strict equality case."
"du01_2","3347","4","true","Řešení je správné a úplné. Správně využíváte symetrii a linearitu maticového předpisu a v obou směrech dokazujete, že pozitivní definitnost je ekvivalentní podmínkám a₁₁ > 0 a det(A) > 0, včetně případu nulové hodnoty.","The solution correctly verifies the automatic symmetry and linearity properties and proves both directions of the positive-definiteness criterion, including the strict equality case."
"du01_2","3356","4","true","Řešení je správné a úplné. Správně využíváte symetrii a linearitu maticového předpisu a v obou směrech dokazujete, že pozitivní definitnost je ekvivalentní podmínkám a₁₁ > 0 a det(A) > 0, včetně případu nulové hodnoty.","The solution correctly verifies the automatic symmetry and linearity properties and proves both directions of the positive-definiteness criterion, including the strict equality case."
"du02_1","273","4","true","Řešení je správné a úplné. Správně využíváte ortonormalitu báze B, určujete souřadnice obou vektorů v této bázi a dostáváte výsledný předpis 53x₁y₁ − 23x₁y₂ − 23x₂y₁ + 10x₂y₂.","The solution correctly expresses both vectors in the orthonormal basis B and obtains the scalar product 53x1y1 - 23x1y2 - 23x2y1 + 10x2y2, with a sound derivation."
"du02_1","534","4","true","Řešení je správné a úplné. Správně využíváte ortonormalitu báze B, určujete souřadnice obou vektorů v této bázi a dostáváte výsledný předpis 53x₁y₁ − 23x₁y₂ − 23x₂y₁ + 10x₂y₂.","The solution correctly expresses both vectors in the orthonormal basis B and obtains the scalar product 53x1y1 - 23x1y2 - 23x2y1 + 10x2y2, with a sound derivation."
"du02_1","544","4","true","Řešení je správné a úplné. Správně využíváte ortonormalitu báze B, určujete souřadnice obou vektorů v této bázi a dostáváte výsledný předpis 53x₁y₁ − 23x₁y₂ − 23x₂y₁ + 10x₂y₂.","The solution correctly expresses both vectors in the orthonormal basis B and obtains the scalar product 53x1y1 - 23x1y2 - 23x2y1 + 10x2y2, with a sound derivation."
"du02_1","1500","4","true","Řešení je správné a úplné. Správně využíváte ortonormalitu báze B, určujete souřadnice obou vektorů v této bázi a dostáváte výsledný předpis 53x₁y₁ − 23x₁y₂ − 23x₂y₁ + 10x₂y₂.","The solution correctly expresses both vectors in the orthonormal basis B and obtains the scalar product 53x1y1 - 23x1y2 - 23x2y1 + 10x2y2, with a sound derivation."
"du02_1","1989","4","true","Řešení je správné a úplné. Správně využíváte ortonormalitu báze B, určujete souřadnice obou vektorů v této bázi a dostáváte výsledný předpis 53x₁y₁ − 23x₁y₂ − 23x₂y₁ + 10x₂y₂.","The solution correctly expresses both vectors in the orthonormal basis B and obtains the scalar product 53x1y1 - 23x1y2 - 23x2y1 + 10x2y2, with a sound derivation."
"du02_1","2125","3.5","false","Postup přes souřadnice v ortonormální bázi je správný. Ve výsledném rozvoji je ale smíšený koeficient uveden jako −25 místo −23. Opravte aritmetiku při sečtení příspěvků obou součinů.","The change-of-basis method is correct, but the final mixed coefficient is written as -25 instead of -23."
"du02_1","2182","4","true","Řešení je správné a úplné. Správně využíváte ortonormalitu báze B, určujete souřadnice obou vektorů v této bázi a dostáváte výsledný předpis 53x₁y₁ − 23x₁y₂ − 23x₂y₁ + 10x₂y₂.","The solution correctly expresses both vectors in the orthonormal basis B and obtains the scalar product 53x1y1 - 23x1y2 - 23x2y1 + 10x2y2, with a sound derivation."
"du02_1","2202","4","true","Řešení je správné a úplné. Správně využíváte ortonormalitu báze B, určujete souřadnice obou vektorů v této bázi a dostáváte výsledný předpis 53x₁y₁ − 23x₁y₂ − 23x₂y₁ + 10x₂y₂.","The solution correctly expresses both vectors in the orthonormal basis B and obtains the scalar product 53x1y1 - 23x1y2 - 23x2y1 + 10x2y2, with a sound derivation."
"du02_1","2377","4","true","Řešení je správné a úplné. Správně využíváte ortonormalitu báze B, určujete souřadnice obou vektorů v této bázi a dostáváte výsledný předpis 53x₁y₁ − 23x₁y₂ − 23x₂y₁ + 10x₂y₂.","The solution correctly expresses both vectors in the orthonormal basis B and obtains the scalar product 53x1y1 - 23x1y2 - 23x2y1 + 10x2y2, with a sound derivation."
"du02_1","2401","3.5","false","Souřadnice v bázi i použití jejich standardního součinu jsou správné. Poslední koeficient u členu x₂y₂ má však být 10, nikoli 53; opravte závěrečné roznásobení.","The derivation is correct except for the final coefficient of x2y2, which is 53 rather than 10."
"du02_1","2464","4","true","Řešení je správné a úplné. Správně využíváte ortonormalitu báze B, určujete souřadnice obou vektorů v této bázi a dostáváte výsledný předpis 53x₁y₁ − 23x₁y₂ − 23x₂y₁ + 10x₂y₂.","The solution correctly expresses both vectors in the orthonormal basis B and obtains the scalar product 53x1y1 - 23x1y2 - 23x2y1 + 10x2y2, with a sound derivation."
"du02_1","2492","4","true","Řešení je správné a úplné. Správně využíváte ortonormalitu báze B, určujete souřadnice obou vektorů v této bázi a dostáváte výsledný předpis 53x₁y₁ − 23x₁y₂ − 23x₂y₁ + 10x₂y₂.","The solution correctly expresses both vectors in the orthonormal basis B and obtains the scalar product 53x1y1 - 23x1y2 - 23x2y1 + 10x2y2, with a sound derivation."
"du02_1","2511","4","true","Řešení je správné a úplné. Správně využíváte ortonormalitu báze B, určujete souřadnice obou vektorů v této bázi a dostáváte výsledný předpis 53x₁y₁ − 23x₁y₂ − 23x₂y₁ + 10x₂y₂.","The solution correctly expresses both vectors in the orthonormal basis B and obtains the scalar product 53x1y1 - 23x1y2 - 23x2y1 + 10x2y2, with a sound derivation."
"du02_1","2736","4","true","Řešení je správné a úplné. Správně využíváte ortonormalitu báze B, určujete souřadnice obou vektorů v této bázi a dostáváte výsledný předpis 53x₁y₁ − 23x₁y₂ − 23x₂y₁ + 10x₂y₂.","The solution correctly expresses both vectors in the orthonormal basis B and obtains the scalar product 53x1y1 - 23x1y2 - 23x2y1 + 10x2y2, with a sound derivation."
"du02_1","2743","4","true","Řešení je správné a úplné. Správně využíváte ortonormalitu báze B, určujete souřadnice obou vektorů v této bázi a dostáváte výsledný předpis 53x₁y₁ − 23x₁y₂ − 23x₂y₁ + 10x₂y₂.","The solution correctly expresses both vectors in the orthonormal basis B and obtains the scalar product 53x1y1 - 23x1y2 - 23x2y1 + 10x2y2, with a sound derivation."
"du02_1","2760","3.5","false","Koeficienty jste odvodil(a) správně, ale v závěrečné matici je u prvku vpravo nahoře chybné znaménko. Matice skalárního součinu musí být symetrická, tedy oba mimodiagonální prvky mají být −23.","The coefficients are derived correctly, but the displayed final matrix has the wrong sign in its upper-right entry."
"du02_1","2764","4","true","Řešení je správné a úplné. Správně využíváte ortonormalitu báze B, určujete souřadnice obou vektorů v této bázi a dostáváte výsledný předpis 53x₁y₁ − 23x₁y₂ − 23x₂y₁ + 10x₂y₂.","The solution correctly expresses both vectors in the orthonormal basis B and obtains the scalar product 53x1y1 - 23x1y2 - 23x2y1 + 10x2y2, with a sound derivation."
"du02_1","2771","3.5","false","Postup je správný, jen výsledný koeficient u x₁y₁ je chybně 55. Po sečtení 49 a 4 má vyjít 53.","The method is correct, but the leading coefficient is miscomputed as 55 instead of 53."
"du02_1","2815","4","true","Řešení je správné a úplné. Správně využíváte ortonormalitu báze B, určujete souřadnice obou vektorů v této bázi a dostáváte výsledný předpis 53x₁y₁ − 23x₁y₂ − 23x₂y₁ + 10x₂y₂.","The solution correctly expresses both vectors in the orthonormal basis B and obtains the scalar product 53x1y1 - 23x1y2 - 23x2y1 + 10x2y2, with a sound derivation."
"du02_1","2826","4","true","Řešení je správné a úplné. Správně využíváte ortonormalitu báze B, určujete souřadnice obou vektorů v této bázi a dostáváte výsledný předpis 53x₁y₁ − 23x₁y₂ − 23x₂y₁ + 10x₂y₂.","The solution correctly expresses both vectors in the orthonormal basis B and obtains the scalar product 53x1y1 - 23x1y2 - 23x2y1 + 10x2y2, with a sound derivation."
"du02_1","2847","4","true","Řešení je správné a úplné. Správně využíváte ortonormalitu báze B, určujete souřadnice obou vektorů v této bázi a dostáváte výsledný předpis 53x₁y₁ − 23x₁y₂ − 23x₂y₁ + 10x₂y₂.","The solution correctly expresses both vectors in the orthonormal basis B and obtains the scalar product 53x1y1 - 23x1y2 - 23x2y1 + 10x2y2, with a sound derivation."
"du02_1","2857","4","true","Řešení je správné a úplné. Správně využíváte ortonormalitu báze B, určujete souřadnice obou vektorů v této bázi a dostáváte výsledný předpis 53x₁y₁ − 23x₁y₂ − 23x₂y₁ + 10x₂y₂.","The solution correctly expresses both vectors in the orthonormal basis B and obtains the scalar product 53x1y1 - 23x1y2 - 23x2y1 + 10x2y2, with a sound derivation."
"du02_1","2858","4","true","Řešení je správné a úplné. Správně využíváte ortonormalitu báze B, určujete souřadnice obou vektorů v této bázi a dostáváte výsledný předpis 53x₁y₁ − 23x₁y₂ − 23x₂y₁ + 10x₂y₂.","The solution correctly expresses both vectors in the orthonormal basis B and obtains the scalar product 53x1y1 - 23x1y2 - 23x2y1 + 10x2y2, with a sound derivation."
"du02_1","2860","4","true","Řešení je správné a úplné. Správně využíváte ortonormalitu báze B, určujete souřadnice obou vektorů v této bázi a dostáváte výsledný předpis 53x₁y₁ − 23x₁y₂ − 23x₂y₁ + 10x₂y₂.","The solution correctly expresses both vectors in the orthonormal basis B and obtains the scalar product 53x1y1 - 23x1y2 - 23x2y1 + 10x2y2, with a sound derivation."
"du02_1","2862","3","false","Přechod do báze B i součin souřadnic jsou správně. Chybí ale dokončit roznásobení a sečtení stejných členů do explicitního předpisu v proměnných x₁, x₂, y₁, y₂.","The coordinate transformation is correct, but the answer is left as an unexpanded product instead of giving the requested explicit formula in x1, x2, y1, y2."
"du02_1","2865","4","true","Řešení je správné a úplné. Správně využíváte ortonormalitu báze B, určujete souřadnice obou vektorů v této bázi a dostáváte výsledný předpis 53x₁y₁ − 23x₁y₂ − 23x₂y₁ + 10x₂y₂.","The solution correctly expresses both vectors in the orthonormal basis B and obtains the scalar product 53x1y1 - 23x1y2 - 23x2y1 + 10x2y2, with a sound derivation."
"du02_1","2867","4","true","Řešení je správné a úplné. Správně využíváte ortonormalitu báze B, určujete souřadnice obou vektorů v této bázi a dostáváte výsledný předpis 53x₁y₁ − 23x₁y₂ − 23x₂y₁ + 10x₂y₂.","The solution correctly expresses both vectors in the orthonormal basis B and obtains the scalar product 53x1y1 - 23x1y2 - 23x2y1 + 10x2y2, with a sound derivation."
"du02_1","2868","4","true","Řešení je správné a úplné. Správně využíváte ortonormalitu báze B, určujete souřadnice obou vektorů v této bázi a dostáváte výsledný předpis 53x₁y₁ − 23x₁y₂ − 23x₂y₁ + 10x₂y₂.","The solution correctly expresses both vectors in the orthonormal basis B and obtains the scalar product 53x1y1 - 23x1y2 - 23x2y1 + 10x2y2, with a sound derivation."
"du02_1","2869","4","true","Řešení je správné a úplné. Správně využíváte ortonormalitu báze B, určujete souřadnice obou vektorů v této bázi a dostáváte výsledný předpis 53x₁y₁ − 23x₁y₂ − 23x₂y₁ + 10x₂y₂.","The solution correctly expresses both vectors in the orthonormal basis B and obtains the scalar product 53x1y1 - 23x1y2 - 23x2y1 + 10x2y2, with a sound derivation."
"du02_1","2871","4","true","Řešení je správné a úplné. Správně využíváte ortonormalitu báze B, určujete souřadnice obou vektorů v této bázi a dostáváte výsledný předpis 53x₁y₁ − 23x₁y₂ − 23x₂y₁ + 10x₂y₂.","The solution correctly expresses both vectors in the orthonormal basis B and obtains the scalar product 53x1y1 - 23x1y2 - 23x2y1 + 10x2y2, with a sound derivation."
"du02_1","2876","4","true","Řešení je správné a úplné. Správně využíváte ortonormalitu báze B, určujete souřadnice obou vektorů v této bázi a dostáváte výsledný předpis 53x₁y₁ − 23x₁y₂ − 23x₂y₁ + 10x₂y₂.","The solution correctly expresses both vectors in the orthonormal basis B and obtains the scalar product 53x1y1 - 23x1y2 - 23x2y1 + 10x2y2, with a sound derivation."
"du02_1","2877","4","true","Řešení je správné a úplné. Správně využíváte ortonormalitu báze B, určujete souřadnice obou vektorů v této bázi a dostáváte výsledný předpis 53x₁y₁ − 23x₁y₂ − 23x₂y₁ + 10x₂y₂.","The solution correctly expresses both vectors in the orthonormal basis B and obtains the scalar product 53x1y1 - 23x1y2 - 23x2y1 + 10x2y2, with a sound derivation."
"du02_1","2878","4","true","Řešení je správné a úplné. Správně využíváte ortonormalitu báze B, určujete souřadnice obou vektorů v této bázi a dostáváte výsledný předpis 53x₁y₁ − 23x₁y₂ − 23x₂y₁ + 10x₂y₂.","The solution correctly expresses both vectors in the orthonormal basis B and obtains the scalar product 53x1y1 - 23x1y2 - 23x2y1 + 10x2y2, with a sound derivation."
"du02_1","2886","4","true","Řešení je správné a úplné. Správně využíváte ortonormalitu báze B, určujete souřadnice obou vektorů v této bázi a dostáváte výsledný předpis 53x₁y₁ − 23x₁y₂ − 23x₂y₁ + 10x₂y₂.","The solution correctly expresses both vectors in the orthonormal basis B and obtains the scalar product 53x1y1 - 23x1y2 - 23x2y1 + 10x2y2, with a sound derivation."
"du02_1","2887","3","false","Správně jste našel/našla souřadnice obou vektorů v bázi B. Výsledek je však ponechán jako součin závorek; doplňte explicitní předpis po roznásobení v původních souřadnicích.","The correct coordinate-product expression is obtained, but it is not expanded into the requested formula in the original coordinates."
"du02_1","2888","4","true","Řešení je správné a úplné. Správně využíváte ortonormalitu báze B, určujete souřadnice obou vektorů v této bázi a dostáváte výsledný předpis 53x₁y₁ − 23x₁y₂ − 23x₂y₁ + 10x₂y₂.","The solution correctly expresses both vectors in the orthonormal basis B and obtains the scalar product 53x1y1 - 23x1y2 - 23x2y1 + 10x2y2, with a sound derivation."
"du02_1","2899","4","true","Řešení je správné a úplné. Správně využíváte ortonormalitu báze B, určujete souřadnice obou vektorů v této bázi a dostáváte výsledný předpis 53x₁y₁ − 23x₁y₂ − 23x₂y₁ + 10x₂y₂.","The solution correctly expresses both vectors in the orthonormal basis B and obtains the scalar product 53x1y1 - 23x1y2 - 23x2y1 + 10x2y2, with a sound derivation."
"du02_1","2900","4","true","Řešení je správné a úplné. Správně využíváte ortonormalitu báze B, určujete souřadnice obou vektorů v této bázi a dostáváte výsledný předpis 53x₁y₁ − 23x₁y₂ − 23x₂y₁ + 10x₂y₂.","The solution correctly expresses both vectors in the orthonormal basis B and obtains the scalar product 53x1y1 - 23x1y2 - 23x2y1 + 10x2y2, with a sound derivation."
"du02_1","2903","4","true","Řešení je správné a úplné. Správně využíváte ortonormalitu báze B, určujete souřadnice obou vektorů v této bázi a dostáváte výsledný předpis 53x₁y₁ − 23x₁y₂ − 23x₂y₁ + 10x₂y₂.","The solution correctly expresses both vectors in the orthonormal basis B and obtains the scalar product 53x1y1 - 23x1y2 - 23x2y1 + 10x2y2, with a sound derivation."
"du02_1","2917","4","true","Řešení je správné a úplné. Správně využíváte ortonormalitu báze B, určujete souřadnice obou vektorů v této bázi a dostáváte výsledný předpis 53x₁y₁ − 23x₁y₂ − 23x₂y₁ + 10x₂y₂.","The solution correctly expresses both vectors in the orthonormal basis B and obtains the scalar product 53x1y1 - 23x1y2 - 23x2y1 + 10x2y2, with a sound derivation."
"du02_1","2918","3.5","false","Matice skalárního součinu je správná. V posledním rozpisu je však jeden smíšený člen přepsán jako x₂y₂ místo x₂y₁; sjednoťte závěrečný předpis se správně vypočtenou maticí.","The matrix and derivation are correct, but one mixed term is transcribed as x2y2 instead of x2y1 in the final formula."
"du02_1","2922","4","true","Řešení je správné a úplné. Správně využíváte ortonormalitu báze B, určujete souřadnice obou vektorů v této bázi a dostáváte výsledný předpis 53x₁y₁ − 23x₁y₂ − 23x₂y₁ + 10x₂y₂.","The solution correctly expresses both vectors in the orthonormal basis B and obtains the scalar product 53x1y1 - 23x1y2 - 23x2y1 + 10x2y2, with a sound derivation."
"du02_1","2932","4","true","Řešení je správné a úplné. Správně využíváte ortonormalitu báze B, určujete souřadnice obou vektorů v této bázi a dostáváte výsledný předpis 53x₁y₁ − 23x₁y₂ − 23x₂y₁ + 10x₂y₂.","The solution correctly expresses both vectors in the orthonormal basis B and obtains the scalar product 53x1y1 - 23x1y2 - 23x2y1 + 10x2y2, with a sound derivation."
"du02_1","2937","4","true","Řešení je správné a úplné. Správně využíváte ortonormalitu báze B, určujete souřadnice obou vektorů v této bázi a dostáváte výsledný předpis 53x₁y₁ − 23x₁y₂ − 23x₂y₁ + 10x₂y₂.","The solution correctly expresses both vectors in the orthonormal basis B and obtains the scalar product 53x1y1 - 23x1y2 - 23x2y1 + 10x2y2, with a sound derivation."
"du02_1","2940","3.5","false","Na předchozím řádku máte rozvoj správně. V závěrečném předpisu je ale první člen přepsán jako x₁x₂ místo x₁y₁; opravte tuto přepisovou chybu.","The expansion is correct on the preceding line, but the final answer transcribes the leading monomial as x1x2 rather than x1y1."
"du02_1","2956","4","true","Řešení je správné a úplné. Správně využíváte ortonormalitu báze B, určujete souřadnice obou vektorů v této bázi a dostáváte výsledný předpis 53x₁y₁ − 23x₁y₂ − 23x₂y₁ + 10x₂y₂.","The solution correctly expresses both vectors in the orthonormal basis B and obtains the scalar product 53x1y1 - 23x1y2 - 23x2y1 + 10x2y2, with a sound derivation."
"du02_1","2978","4","true","Řešení je správné a úplné. Správně využíváte ortonormalitu báze B, určujete souřadnice obou vektorů v této bázi a dostáváte výsledný předpis 53x₁y₁ − 23x₁y₂ − 23x₂y₁ + 10x₂y₂.","The solution correctly expresses both vectors in the orthonormal basis B and obtains the scalar product 53x1y1 - 23x1y2 - 23x2y1 + 10x2y2, with a sound derivation."
"du02_1","2980","4","true","Řešení je správné a úplné. Správně využíváte ortonormalitu báze B, určujete souřadnice obou vektorů v této bázi a dostáváte výsledný předpis 53x₁y₁ − 23x₁y₂ − 23x₂y₁ + 10x₂y₂.","The solution correctly expresses both vectors in the orthonormal basis B and obtains the scalar product 53x1y1 - 23x1y2 - 23x2y1 + 10x2y2, with a sound derivation."
"du02_1","2984","4","true","Řešení je správné a úplné. Správně využíváte ortonormalitu báze B, určujete souřadnice obou vektorů v této bázi a dostáváte výsledný předpis 53x₁y₁ − 23x₁y₂ − 23x₂y₁ + 10x₂y₂.","The solution correctly expresses both vectors in the orthonormal basis B and obtains the scalar product 53x1y1 - 23x1y2 - 23x2y1 + 10x2y2, with a sound derivation."
"du02_1","2988","4","true","Řešení je správné a úplné. Správně využíváte ortonormalitu báze B, určujete souřadnice obou vektorů v této bázi a dostáváte výsledný předpis 53x₁y₁ − 23x₁y₂ − 23x₂y₁ + 10x₂y₂.","The solution correctly expresses both vectors in the orthonormal basis B and obtains the scalar product 53x1y1 - 23x1y2 - 23x2y1 + 10x2y2, with a sound derivation."
"du02_1","3001","4","true","Řešení je správné a úplné. Správně využíváte ortonormalitu báze B, určujete souřadnice obou vektorů v této bázi a dostáváte výsledný předpis 53x₁y₁ − 23x₁y₂ − 23x₂y₁ + 10x₂y₂.","The solution correctly expresses both vectors in the orthonormal basis B and obtains the scalar product 53x1y1 - 23x1y2 - 23x2y1 + 10x2y2, with a sound derivation."
"du02_1","3002","4","true","Řešení je správné a úplné. Správně využíváte ortonormalitu báze B, určujete souřadnice obou vektorů v této bázi a dostáváte výsledný předpis 53x₁y₁ − 23x₁y₂ − 23x₂y₁ + 10x₂y₂.","The solution correctly expresses both vectors in the orthonormal basis B and obtains the scalar product 53x1y1 - 23x1y2 - 23x2y1 + 10x2y2, with a sound derivation."
"du02_1","3009","4","true","Řešení je správné a úplné. Správně využíváte ortonormalitu báze B, určujete souřadnice obou vektorů v této bázi a dostáváte výsledný předpis 53x₁y₁ − 23x₁y₂ − 23x₂y₁ + 10x₂y₂.","The solution correctly expresses both vectors in the orthonormal basis B and obtains the scalar product 53x1y1 - 23x1y2 - 23x2y1 + 10x2y2, with a sound derivation."
"du02_1","3036","4","true","Řešení je správné a úplné. Správně využíváte ortonormalitu báze B, určujete souřadnice obou vektorů v této bázi a dostáváte výsledný předpis 53x₁y₁ − 23x₁y₂ − 23x₂y₁ + 10x₂y₂.","The solution correctly expresses both vectors in the orthonormal basis B and obtains the scalar product 53x1y1 - 23x1y2 - 23x2y1 + 10x2y2, with a sound derivation."
"du02_1","3039","4","true","Řešení je správné a úplné. Správně využíváte ortonormalitu báze B, určujete souřadnice obou vektorů v této bázi a dostáváte výsledný předpis 53x₁y₁ − 23x₁y₂ − 23x₂y₁ + 10x₂y₂.","The solution correctly expresses both vectors in the orthonormal basis B and obtains the scalar product 53x1y1 - 23x1y2 - 23x2y1 + 10x2y2, with a sound derivation."
"du02_1","3041","4","true","Řešení je správné a úplné. Správně využíváte ortonormalitu báze B, určujete souřadnice obou vektorů v této bázi a dostáváte výsledný předpis 53x₁y₁ − 23x₁y₂ − 23x₂y₁ + 10x₂y₂.","The solution correctly expresses both vectors in the orthonormal basis B and obtains the scalar product 53x1y1 - 23x1y2 - 23x2y1 + 10x2y2, with a sound derivation."
"du02_1","3045","4","true","Řešení je správné a úplné. Správně využíváte ortonormalitu báze B, určujete souřadnice obou vektorů v této bázi a dostáváte výsledný předpis 53x₁y₁ − 23x₁y₂ − 23x₂y₁ + 10x₂y₂.","The solution correctly expresses both vectors in the orthonormal basis B and obtains the scalar product 53x1y1 - 23x1y2 - 23x2y1 + 10x2y2, with a sound derivation."
"du02_1","3056","4","true","Řešení je správné a úplné. Správně využíváte ortonormalitu báze B, určujete souřadnice obou vektorů v této bázi a dostáváte výsledný předpis 53x₁y₁ − 23x₁y₂ − 23x₂y₁ + 10x₂y₂.","The solution correctly expresses both vectors in the orthonormal basis B and obtains the scalar product 53x1y1 - 23x1y2 - 23x2y1 + 10x2y2, with a sound derivation."
"du02_1","3057","3.5","false","Přechod do báze B je správný. V posledním řádku je ale druhá souřadnice vektoru y přepsána s chybným znaménkem: má být −2y₁+y₂, ne −2y₁−y₂.","The coordinate change is correct, but the second factor is finally written as -2y1-y2 instead of -2y1+y2."
"du02_1","3060","3","false","Numerický předpis vychází správně, ale druhý argument skalárního součinu je v řešení označen jinak než zadaný vektor y. Upravte značení tak, aby bylo jednoznačné, které složky patří prvnímu a které druhému vektoru.","The numerical formula is correct, but the second input vector is consistently denoted by a different symbol than the requested y-vector, leaving the final statement notationally ambiguous."
"du02_1","3062","4","true","Řešení je správné a úplné. Správně využíváte ortonormalitu báze B, určujete souřadnice obou vektorů v této bázi a dostáváte výsledný předpis 53x₁y₁ − 23x₁y₂ − 23x₂y₁ + 10x₂y₂.","The solution correctly expresses both vectors in the orthonormal basis B and obtains the scalar product 53x1y1 - 23x1y2 - 23x2y1 + 10x2y2, with a sound derivation."
"du02_1","3071","4","true","Řešení je správné a úplné. Správně využíváte ortonormalitu báze B, určujete souřadnice obou vektorů v této bázi a dostáváte výsledný předpis 53x₁y₁ − 23x₁y₂ − 23x₂y₁ + 10x₂y₂.","The solution correctly expresses both vectors in the orthonormal basis B and obtains the scalar product 53x1y1 - 23x1y2 - 23x2y1 + 10x2y2, with a sound derivation."
"du02_1","3072","4","true","Řešení je správné a úplné. Správně využíváte ortonormalitu báze B, určujete souřadnice obou vektorů v této bázi a dostáváte výsledný předpis 53x₁y₁ − 23x₁y₂ − 23x₂y₁ + 10x₂y₂.","The solution correctly expresses both vectors in the orthonormal basis B and obtains the scalar product 53x1y1 - 23x1y2 - 23x2y1 + 10x2y2, with a sound derivation."
"du02_1","3075","4","true","Řešení je správné a úplné. Správně využíváte ortonormalitu báze B, určujete souřadnice obou vektorů v této bázi a dostáváte výsledný předpis 53x₁y₁ − 23x₁y₂ − 23x₂y₁ + 10x₂y₂.","The solution correctly expresses both vectors in the orthonormal basis B and obtains the scalar product 53x1y1 - 23x1y2 - 23x2y1 + 10x2y2, with a sound derivation."
"du02_1","3076","4","true","Řešení je správné a úplné. Správně využíváte ortonormalitu báze B, určujete souřadnice obou vektorů v této bázi a dostáváte výsledný předpis 53x₁y₁ − 23x₁y₂ − 23x₂y₁ + 10x₂y₂.","The solution correctly expresses both vectors in the orthonormal basis B and obtains the scalar product 53x1y1 - 23x1y2 - 23x2y1 + 10x2y2, with a sound derivation."
"du02_1","3077","4","true","Řešení je správné a úplné. Správně využíváte ortonormalitu báze B, určujete souřadnice obou vektorů v této bázi a dostáváte výsledný předpis 53x₁y₁ − 23x₁y₂ − 23x₂y₁ + 10x₂y₂.","The solution correctly expresses both vectors in the orthonormal basis B and obtains the scalar product 53x1y1 - 23x1y2 - 23x2y1 + 10x2y2, with a sound derivation."
"du02_1","3089","4","true","Řešení je správné a úplné. Správně využíváte ortonormalitu báze B, určujete souřadnice obou vektorů v této bázi a dostáváte výsledný předpis 53x₁y₁ − 23x₁y₂ − 23x₂y₁ + 10x₂y₂.","The solution correctly expresses both vectors in the orthonormal basis B and obtains the scalar product 53x1y1 - 23x1y2 - 23x2y1 + 10x2y2, with a sound derivation."
"du02_1","3102","3","false","Správně jste určil(a) matici skalárního součinu. Chybí však z ní rozepsat výsledný předpis pro obecné vektory (x₁,x₂)ᵀ a (y₁,y₂)ᵀ.","The correct Gram matrix is found, but the requested scalar-product formula is not written out in x1, x2, y1, y2."
"du02_1","3111","4","true","Řešení je správné a úplné. Správně využíváte ortonormalitu báze B, určujete souřadnice obou vektorů v této bázi a dostáváte výsledný předpis 53x₁y₁ − 23x₁y₂ − 23x₂y₁ + 10x₂y₂.","The solution correctly expresses both vectors in the orthonormal basis B and obtains the scalar product 53x1y1 - 23x1y2 - 23x2y1 + 10x2y2, with a sound derivation."
"du02_1","3116","4","true","Řešení je správné a úplné. Správně využíváte ortonormalitu báze B, určujete souřadnice obou vektorů v této bázi a dostáváte výsledný předpis 53x₁y₁ − 23x₁y₂ − 23x₂y₁ + 10x₂y₂.","The solution correctly expresses both vectors in the orthonormal basis B and obtains the scalar product 53x1y1 - 23x1y2 - 23x2y1 + 10x2y2, with a sound derivation."
"du02_1","3121","4","true","Řešení je správné a úplné. Správně využíváte ortonormalitu báze B, určujete souřadnice obou vektorů v této bázi a dostáváte výsledný předpis 53x₁y₁ − 23x₁y₂ − 23x₂y₁ + 10x₂y₂.","The solution correctly expresses both vectors in the orthonormal basis B and obtains the scalar product 53x1y1 - 23x1y2 - 23x2y1 + 10x2y2, with a sound derivation."
"du02_1","3128","4","true","Řešení je správné a úplné. Správně využíváte ortonormalitu báze B, určujete souřadnice obou vektorů v této bázi a dostáváte výsledný předpis 53x₁y₁ − 23x₁y₂ − 23x₂y₁ + 10x₂y₂.","The solution correctly expresses both vectors in the orthonormal basis B and obtains the scalar product 53x1y1 - 23x1y2 - 23x2y1 + 10x2y2, with a sound derivation."
"du02_1","3131","4","true","Řešení je správné a úplné. Správně využíváte ortonormalitu báze B, určujete souřadnice obou vektorů v této bázi a dostáváte výsledný předpis 53x₁y₁ − 23x₁y₂ − 23x₂y₁ + 10x₂y₂.","The solution correctly expresses both vectors in the orthonormal basis B and obtains the scalar product 53x1y1 - 23x1y2 - 23x2y1 + 10x2y2, with a sound derivation."
"du02_1","3142","4","true","Řešení je správné a úplné. Správně využíváte ortonormalitu báze B, určujete souřadnice obou vektorů v této bázi a dostáváte výsledný předpis 53x₁y₁ − 23x₁y₂ − 23x₂y₁ + 10x₂y₂.","The solution correctly expresses both vectors in the orthonormal basis B and obtains the scalar product 53x1y1 - 23x1y2 - 23x2y1 + 10x2y2, with a sound derivation."
"du02_1","3149","4","true","Řešení je správné a úplné. Správně využíváte ortonormalitu báze B, určujete souřadnice obou vektorů v této bázi a dostáváte výsledný předpis 53x₁y₁ − 23x₁y₂ − 23x₂y₁ + 10x₂y₂.","The solution correctly expresses both vectors in the orthonormal basis B and obtains the scalar product 53x1y1 - 23x1y2 - 23x2y1 + 10x2y2, with a sound derivation."
"du02_1","3164","4","true","Řešení je správné a úplné. Správně využíváte ortonormalitu báze B, určujete souřadnice obou vektorů v této bázi a dostáváte výsledný předpis 53x₁y₁ − 23x₁y₂ − 23x₂y₁ + 10x₂y₂.","The solution correctly expresses both vectors in the orthonormal basis B and obtains the scalar product 53x1y1 - 23x1y2 - 23x2y1 + 10x2y2, with a sound derivation."
"du02_1","3166","3","false","Maticový zápis je správný. Pro úplnou odpověď ještě vynásobte xᵀAy a uveďte výsledný předpis přímo pomocí x₁, x₂, y₁, y₂.","The correct matrix form is given, but the explicit scalar-product formula in the listed coordinates is not completed."
"du02_1","3167","4","true","Řešení je správné a úplné. Správně využíváte ortonormalitu báze B, určujete souřadnice obou vektorů v této bázi a dostáváte výsledný předpis 53x₁y₁ − 23x₁y₂ − 23x₂y₁ + 10x₂y₂.","The solution correctly expresses both vectors in the orthonormal basis B and obtains the scalar product 53x1y1 - 23x1y2 - 23x2y1 + 10x2y2, with a sound derivation."
"du02_1","3168","4","true","Řešení je správné a úplné. Správně využíváte ortonormalitu báze B, určujete souřadnice obou vektorů v této bázi a dostáváte výsledný předpis 53x₁y₁ − 23x₁y₂ − 23x₂y₁ + 10x₂y₂.","The solution correctly expresses both vectors in the orthonormal basis B and obtains the scalar product 53x1y1 - 23x1y2 - 23x2y1 + 10x2y2, with a sound derivation."
"du02_1","3174","3","false","Výpočet přechodu báze i výsledná matice jsou správné. Řešení ale končí maticovým zápisem; doplňte explicitní rozvoj skalárního součinu v zadaných souřadnicích.","The change-of-basis calculation is correct, but the answer stops at matrix form and does not provide the requested expanded formula."
"du02_1","3179","4","true","Řešení je správné a úplné. Správně využíváte ortonormalitu báze B, určujete souřadnice obou vektorů v této bázi a dostáváte výsledný předpis 53x₁y₁ − 23x₁y₂ − 23x₂y₁ + 10x₂y₂.","The solution correctly expresses both vectors in the orthonormal basis B and obtains the scalar product 53x1y1 - 23x1y2 - 23x2y1 + 10x2y2, with a sound derivation."
"du02_1","3188","3.5","false","Postup i první tři členy jsou správné. V posledním členu má být 10x₂y₂, nikoli 10x₁y₁; opravte závěrečný přepis.","The method is correct, but the last term in the final expression is written with x1y1 rather than x2y2."
"du02_1","3194","3","false","Souřadnice v ortonormální bázi i jejich standardní součin jsou správné. Chybí pouze roznásobit závorky a zapsat konečný předpis v proměnných ze zadání.","The correct dot product of B-coordinates is obtained, but it is left unexpanded rather than stated as the requested formula."
"du02_1","3196","4","true","Řešení je správné a úplné. Správně využíváte ortonormalitu báze B, určujete souřadnice obou vektorů v této bázi a dostáváte výsledný předpis 53x₁y₁ − 23x₁y₂ − 23x₂y₁ + 10x₂y₂.","The solution correctly expresses both vectors in the orthonormal basis B and obtains the scalar product 53x1y1 - 23x1y2 - 23x2y1 + 10x2y2, with a sound derivation."
"du02_1","3204","4","true","Řešení je správné a úplné. Správně využíváte ortonormalitu báze B, určujete souřadnice obou vektorů v této bázi a dostáváte výsledný předpis 53x₁y₁ − 23x₁y₂ − 23x₂y₁ + 10x₂y₂.","The solution correctly expresses both vectors in the orthonormal basis B and obtains the scalar product 53x1y1 - 23x1y2 - 23x2y1 + 10x2y2, with a sound derivation."
"du02_1","3205","3.5","false","Výsledná matice je správná. V rozepsaném předpisu je však první člen uveden jako 53x₁y₂; podle matice má být 53x₁y₁.","The matrix is correct, but the leading term of the expanded formula uses y2 instead of y1."
"du02_1","3209","4","true","Řešení je správné a úplné. Správně využíváte ortonormalitu báze B, určujete souřadnice obou vektorů v této bázi a dostáváte výsledný předpis 53x₁y₁ − 23x₁y₂ − 23x₂y₁ + 10x₂y₂.","The solution correctly expresses both vectors in the orthonormal basis B and obtains the scalar product 53x1y1 - 23x1y2 - 23x2y1 + 10x2y2, with a sound derivation."
"du02_1","3213","3","false","Matici skalárního součinu jste našel/našla správně. Doplňte ještě požadovaný předpis pro dvojici obecných vektorů roznásobením xᵀAy.","The correct matrix representation is reached, but no explicit expanded formula in the original coordinates is supplied."
"du02_1","3218","4","true","Řešení je správné a úplné. Správně využíváte ortonormalitu báze B, určujete souřadnice obou vektorů v této bázi a dostáváte výsledný předpis 53x₁y₁ − 23x₁y₂ − 23x₂y₁ + 10x₂y₂.","The solution correctly expresses both vectors in the orthonormal basis B and obtains the scalar product 53x1y1 - 23x1y2 - 23x2y1 + 10x2y2, with a sound derivation."
"du02_1","3219","4","true","Řešení je správné a úplné. Správně využíváte ortonormalitu báze B, určujete souřadnice obou vektorů v této bázi a dostáváte výsledný předpis 53x₁y₁ − 23x₁y₂ − 23x₂y₁ + 10x₂y₂.","The solution correctly expresses both vectors in the orthonormal basis B and obtains the scalar product 53x1y1 - 23x1y2 - 23x2y1 + 10x2y2, with a sound derivation."
"du02_1","3221","4","true","Řešení je správné a úplné. Správně využíváte ortonormalitu báze B, určujete souřadnice obou vektorů v této bázi a dostáváte výsledný předpis 53x₁y₁ − 23x₁y₂ − 23x₂y₁ + 10x₂y₂.","The solution correctly expresses both vectors in the orthonormal basis B and obtains the scalar product 53x1y1 - 23x1y2 - 23x2y1 + 10x2y2, with a sound derivation."
"du02_1","3223","4","true","Řešení je správné a úplné. Správně využíváte ortonormalitu báze B, určujete souřadnice obou vektorů v této bázi a dostáváte výsledný předpis 53x₁y₁ − 23x₁y₂ − 23x₂y₁ + 10x₂y₂.","The solution correctly expresses both vectors in the orthonormal basis B and obtains the scalar product 53x1y1 - 23x1y2 - 23x2y1 + 10x2y2, with a sound derivation."
"du02_1","3225","4","true","Řešení je správné a úplné. Správně využíváte ortonormalitu báze B, určujete souřadnice obou vektorů v této bázi a dostáváte výsledný předpis 53x₁y₁ − 23x₁y₂ − 23x₂y₁ + 10x₂y₂.","The solution correctly expresses both vectors in the orthonormal basis B and obtains the scalar product 53x1y1 - 23x1y2 - 23x2y1 + 10x2y2, with a sound derivation."
"du02_1","3231","4","true","Řešení je správné a úplné. Správně využíváte ortonormalitu báze B, určujete souřadnice obou vektorů v této bázi a dostáváte výsledný předpis 53x₁y₁ − 23x₁y₂ − 23x₂y₁ + 10x₂y₂.","The solution correctly expresses both vectors in the orthonormal basis B and obtains the scalar product 53x1y1 - 23x1y2 - 23x2y1 + 10x2y2, with a sound derivation."
"du02_1","3233","4","true","Řešení je správné a úplné. Správně využíváte ortonormalitu báze B, určujete souřadnice obou vektorů v této bázi a dostáváte výsledný předpis 53x₁y₁ − 23x₁y₂ − 23x₂y₁ + 10x₂y₂.","The solution correctly expresses both vectors in the orthonormal basis B and obtains the scalar product 53x1y1 - 23x1y2 - 23x2y1 + 10x2y2, with a sound derivation."
"du02_1","3238","3","false","Výpočet matice je správný, avšak zadání žádá přímo vzorec v závislosti na x₁, x₂, y₁, y₂. Tento závěrečný rozvoj doplňte.","The correct matrix is computed, but the requested explicit coordinate formula is omitted."
"du02_1","3240","4","true","Řešení je správné a úplné. Správně využíváte ortonormalitu báze B, určujete souřadnice obou vektorů v této bázi a dostáváte výsledný předpis 53x₁y₁ − 23x₁y₂ − 23x₂y₁ + 10x₂y₂.","The solution correctly expresses both vectors in the orthonormal basis B and obtains the scalar product 53x1y1 - 23x1y2 - 23x2y1 + 10x2y2, with a sound derivation."
"du02_1","3241","4","true","Řešení je správné a úplné. Správně využíváte ortonormalitu báze B, určujete souřadnice obou vektorů v této bázi a dostáváte výsledný předpis 53x₁y₁ − 23x₁y₂ − 23x₂y₁ + 10x₂y₂.","The solution correctly expresses both vectors in the orthonormal basis B and obtains the scalar product 53x1y1 - 23x1y2 - 23x2y1 + 10x2y2, with a sound derivation."
"du02_1","3242","4","true","Řešení je správné a úplné. Správně využíváte ortonormalitu báze B, určujete souřadnice obou vektorů v této bázi a dostáváte výsledný předpis 53x₁y₁ − 23x₁y₂ − 23x₂y₁ + 10x₂y₂.","The solution correctly expresses both vectors in the orthonormal basis B and obtains the scalar product 53x1y1 - 23x1y2 - 23x2y1 + 10x2y2, with a sound derivation."
"du02_1","3245","4","true","Řešení je správné a úplné. Správně využíváte ortonormalitu báze B, určujete souřadnice obou vektorů v této bázi a dostáváte výsledný předpis 53x₁y₁ − 23x₁y₂ − 23x₂y₁ + 10x₂y₂.","The solution correctly expresses both vectors in the orthonormal basis B and obtains the scalar product 53x1y1 - 23x1y2 - 23x2y1 + 10x2y2, with a sound derivation."
"du02_1","3248","4","true","Řešení je správné a úplné. Správně využíváte ortonormalitu báze B, určujete souřadnice obou vektorů v této bázi a dostáváte výsledný předpis 53x₁y₁ − 23x₁y₂ − 23x₂y₁ + 10x₂y₂.","The solution correctly expresses both vectors in the orthonormal basis B and obtains the scalar product 53x1y1 - 23x1y2 - 23x2y1 + 10x2y2, with a sound derivation."
"du02_1","3250","3","false","Koeficientní matice je správná. V závěrečném předpisu jsou ale promíchány složky prvního a druhého vektoru. Přepište výraz jako xᵀAy se složkami x v prvním argumentu a y ve druhém.","The correct coefficient matrix is found, but the final formula mixes the components of the two input vectors, so it does not correctly state the bilinear form."
"du02_1","3253","4","true","Řešení je správné a úplné. Správně využíváte ortonormalitu báze B, určujete souřadnice obou vektorů v této bázi a dostáváte výsledný předpis 53x₁y₁ − 23x₁y₂ − 23x₂y₁ + 10x₂y₂.","The solution correctly expresses both vectors in the orthonormal basis B and obtains the scalar product 53x1y1 - 23x1y2 - 23x2y1 + 10x2y2, with a sound derivation."
"du02_1","3256","4","true","Řešení je správné a úplné. Správně využíváte ortonormalitu báze B, určujete souřadnice obou vektorů v této bázi a dostáváte výsledný předpis 53x₁y₁ − 23x₁y₂ − 23x₂y₁ + 10x₂y₂.","The solution correctly expresses both vectors in the orthonormal basis B and obtains the scalar product 53x1y1 - 23x1y2 - 23x2y1 + 10x2y2, with a sound derivation."
"du02_1","3259","4","true","Řešení je správné a úplné. Správně využíváte ortonormalitu báze B, určujete souřadnice obou vektorů v této bázi a dostáváte výsledný předpis 53x₁y₁ − 23x₁y₂ − 23x₂y₁ + 10x₂y₂.","The solution correctly expresses both vectors in the orthonormal basis B and obtains the scalar product 53x1y1 - 23x1y2 - 23x2y1 + 10x2y2, with a sound derivation."
"du02_1","3260","4","true","Řešení je správné a úplné. Správně využíváte ortonormalitu báze B, určujete souřadnice obou vektorů v této bázi a dostáváte výsledný předpis 53x₁y₁ − 23x₁y₂ − 23x₂y₁ + 10x₂y₂.","The solution correctly expresses both vectors in the orthonormal basis B and obtains the scalar product 53x1y1 - 23x1y2 - 23x2y1 + 10x2y2, with a sound derivation."
"du02_1","3261","4","true","Řešení je správné a úplné. Správně využíváte ortonormalitu báze B, určujete souřadnice obou vektorů v této bázi a dostáváte výsledný předpis 53x₁y₁ − 23x₁y₂ − 23x₂y₁ + 10x₂y₂.","The solution correctly expresses both vectors in the orthonormal basis B and obtains the scalar product 53x1y1 - 23x1y2 - 23x2y1 + 10x2y2, with a sound derivation."
"du02_1","3264","3","false","Správně jste získal(a) maticový zápis. Pro úplnost ještě rozepište násobení tak, aby výsledkem byl explicitní vzorec v x₁, x₂, y₁, y₂.","The correct matrix form is obtained, but the scalar product is not expanded into the requested coordinate formula."
"du02_1","3265","4","true","Řešení je správné a úplné. Správně využíváte ortonormalitu báze B, určujete souřadnice obou vektorů v této bázi a dostáváte výsledný předpis 53x₁y₁ − 23x₁y₂ − 23x₂y₁ + 10x₂y₂.","The solution correctly expresses both vectors in the orthonormal basis B and obtains the scalar product 53x1y1 - 23x1y2 - 23x2y1 + 10x2y2, with a sound derivation."
"du02_1","3266","4","true","Řešení je správné a úplné. Správně využíváte ortonormalitu báze B, určujete souřadnice obou vektorů v této bázi a dostáváte výsledný předpis 53x₁y₁ − 23x₁y₂ − 23x₂y₁ + 10x₂y₂.","The solution correctly expresses both vectors in the orthonormal basis B and obtains the scalar product 53x1y1 - 23x1y2 - 23x2y1 + 10x2y2, with a sound derivation."
"du02_1","3268","3.5","false","Postup je správný. V posledním členu výsledku však chybí složka prvního vektoru: má být 10x₂y₂, nikoli 10y₁y₂.","The derivation is correct, but the last monomial is transcribed as y1y2 rather than x2y2."
"du02_1","3269","4","true","Řešení je správné a úplné. Správně využíváte ortonormalitu báze B, určujete souřadnice obou vektorů v této bázi a dostáváte výsledný předpis 53x₁y₁ − 23x₁y₂ − 23x₂y₁ + 10x₂y₂.","The solution correctly expresses both vectors in the orthonormal basis B and obtains the scalar product 53x1y1 - 23x1y2 - 23x2y1 + 10x2y2, with a sound derivation."
"du02_1","3271","4","true","Řešení je správné a úplné. Správně využíváte ortonormalitu báze B, určujete souřadnice obou vektorů v této bázi a dostáváte výsledný předpis 53x₁y₁ − 23x₁y₂ − 23x₂y₁ + 10x₂y₂.","The solution correctly expresses both vectors in the orthonormal basis B and obtains the scalar product 53x1y1 - 23x1y2 - 23x2y1 + 10x2y2, with a sound derivation."
"du02_1","3272","4","true","Řešení je správné a úplné. Správně využíváte ortonormalitu báze B, určujete souřadnice obou vektorů v této bázi a dostáváte výsledný předpis 53x₁y₁ − 23x₁y₂ − 23x₂y₁ + 10x₂y₂.","The solution correctly expresses both vectors in the orthonormal basis B and obtains the scalar product 53x1y1 - 23x1y2 - 23x2y1 + 10x2y2, with a sound derivation."
"du02_1","3273","4","true","Řešení je správné a úplné. Správně využíváte ortonormalitu báze B, určujete souřadnice obou vektorů v této bázi a dostáváte výsledný předpis 53x₁y₁ − 23x₁y₂ − 23x₂y₁ + 10x₂y₂.","The solution correctly expresses both vectors in the orthonormal basis B and obtains the scalar product 53x1y1 - 23x1y2 - 23x2y1 + 10x2y2, with a sound derivation."
"du02_1","3275","4","true","Řešení je správné a úplné. Správně využíváte ortonormalitu báze B, určujete souřadnice obou vektorů v této bázi a dostáváte výsledný předpis 53x₁y₁ − 23x₁y₂ − 23x₂y₁ + 10x₂y₂.","The solution correctly expresses both vectors in the orthonormal basis B and obtains the scalar product 53x1y1 - 23x1y2 - 23x2y1 + 10x2y2, with a sound derivation."
"du02_1","3277","4","true","Řešení je správné a úplné. Správně využíváte ortonormalitu báze B, určujete souřadnice obou vektorů v této bázi a dostáváte výsledný předpis 53x₁y₁ − 23x₁y₂ − 23x₂y₁ + 10x₂y₂.","The solution correctly expresses both vectors in the orthonormal basis B and obtains the scalar product 53x1y1 - 23x1y2 - 23x2y1 + 10x2y2, with a sound derivation."
"du02_1","3281","4","true","Řešení je správné a úplné. Správně využíváte ortonormalitu báze B, určujete souřadnice obou vektorů v této bázi a dostáváte výsledný předpis 53x₁y₁ − 23x₁y₂ − 23x₂y₁ + 10x₂y₂.","The solution correctly expresses both vectors in the orthonormal basis B and obtains the scalar product 53x1y1 - 23x1y2 - 23x2y1 + 10x2y2, with a sound derivation."
"du02_1","3283","4","true","Řešení je správné a úplné. Správně využíváte ortonormalitu báze B, určujete souřadnice obou vektorů v této bázi a dostáváte výsledný předpis 53x₁y₁ − 23x₁y₂ − 23x₂y₁ + 10x₂y₂.","The solution correctly expresses both vectors in the orthonormal basis B and obtains the scalar product 53x1y1 - 23x1y2 - 23x2y1 + 10x2y2, with a sound derivation."
"du02_1","3284","4","true","Řešení je správné a úplné. Správně využíváte ortonormalitu báze B, určujete souřadnice obou vektorů v této bázi a dostáváte výsledný předpis 53x₁y₁ − 23x₁y₂ − 23x₂y₁ + 10x₂y₂.","The solution correctly expresses both vectors in the orthonormal basis B and obtains the scalar product 53x1y1 - 23x1y2 - 23x2y1 + 10x2y2, with a sound derivation."
"du02_1","3294","3","false","Matice skalárního součinu je určena správně. Ještě z ní napište explicitní předpis pro ⟨(x₁,x₂)ᵀ,(y₁,y₂)ᵀ⟩.","The correct Gram matrix is given, but the explicit formula requested in the problem is not written out."
"du02_1","3295","4","true","Řešení je správné a úplné. Správně využíváte ortonormalitu báze B, určujete souřadnice obou vektorů v této bázi a dostáváte výsledný předpis 53x₁y₁ − 23x₁y₂ − 23x₂y₁ + 10x₂y₂.","The solution correctly expresses both vectors in the orthonormal basis B and obtains the scalar product 53x1y1 - 23x1y2 - 23x2y1 + 10x2y2, with a sound derivation."
"du02_1","3297","4","true","Řešení je správné a úplné. Správně využíváte ortonormalitu báze B, určujete souřadnice obou vektorů v této bázi a dostáváte výsledný předpis 53x₁y₁ − 23x₁y₂ − 23x₂y₁ + 10x₂y₂.","The solution correctly expresses both vectors in the orthonormal basis B and obtains the scalar product 53x1y1 - 23x1y2 - 23x2y1 + 10x2y2, with a sound derivation."
"du02_1","3299","4","true","Řešení je správné a úplné. Správně využíváte ortonormalitu báze B, určujete souřadnice obou vektorů v této bázi a dostáváte výsledný předpis 53x₁y₁ − 23x₁y₂ − 23x₂y₁ + 10x₂y₂.","The solution correctly expresses both vectors in the orthonormal basis B and obtains the scalar product 53x1y1 - 23x1y2 - 23x2y1 + 10x2y2, with a sound derivation."
"du02_1","3300","4","true","Řešení je správné a úplné. Správně využíváte ortonormalitu báze B, určujete souřadnice obou vektorů v této bázi a dostáváte výsledný předpis 53x₁y₁ − 23x₁y₂ − 23x₂y₁ + 10x₂y₂.","The solution correctly expresses both vectors in the orthonormal basis B and obtains the scalar product 53x1y1 - 23x1y2 - 23x2y1 + 10x2y2, with a sound derivation."
"du02_1","3301","4","true","Řešení je správné a úplné. Správně využíváte ortonormalitu báze B, určujete souřadnice obou vektorů v této bázi a dostáváte výsledný předpis 53x₁y₁ − 23x₁y₂ − 23x₂y₁ + 10x₂y₂.","The solution correctly expresses both vectors in the orthonormal basis B and obtains the scalar product 53x1y1 - 23x1y2 - 23x2y1 + 10x2y2, with a sound derivation."
"du02_1","3305","3","false","Maticový výsledek je správný. Chybí poslední krok: roznásobit jej a uvést předpis přímo pomocí souřadnic obou vektorů.","The matrix representation is correct, but the answer stops before expanding it into the requested scalar-product formula."
"du02_1","3309","4","true","Řešení je správné a úplné. Správně využíváte ortonormalitu báze B, určujete souřadnice obou vektorů v této bázi a dostáváte výsledný předpis 53x₁y₁ − 23x₁y₂ − 23x₂y₁ + 10x₂y₂.","The solution correctly expresses both vectors in the orthonormal basis B and obtains the scalar product 53x1y1 - 23x1y2 - 23x2y1 + 10x2y2, with a sound derivation."
"du02_1","3310","3","false","Správně jste našel/našla příslušnou matici. Pro úplné splnění zadání doplňte rozvinutý vzorec v souřadnicích x₁, x₂, y₁, y₂.","The correct matrix form is found, but the requested expanded expression in x1, x2, y1, y2 is absent."
"du02_1","3316","4","true","Řešení je správné a úplné. Správně využíváte ortonormalitu báze B, určujete souřadnice obou vektorů v této bázi a dostáváte výsledný předpis 53x₁y₁ − 23x₁y₂ − 23x₂y₁ + 10x₂y₂.","The solution correctly expresses both vectors in the orthonormal basis B and obtains the scalar product 53x1y1 - 23x1y2 - 23x2y1 + 10x2y2, with a sound derivation."
"du02_1","3317","3.5","false","Rozepsaný výsledný vzorec je správný, ale vedle uvedená matice mu odporuje: vlevo dole je −25 místo −23. Opravte matici tak, aby byla symetrická a odpovídala vzorci.","The expanded formula is correct, but the separately displayed matrix has -25 in its lower-left entry instead of -23."
"du02_1","3318","3","false","Výsledná matice je správná. Chybí ji převést na explicitní vzorec pro obecné složky x₁, x₂, y₁, y₂.","The correct matrix representation is obtained, but the requested explicit coordinate formula is not completed."
"du02_1","3320","4","true","Řešení je správné a úplné. Správně využíváte ortonormalitu báze B, určujete souřadnice obou vektorů v této bázi a dostáváte výsledný předpis 53x₁y₁ − 23x₁y₂ − 23x₂y₁ + 10x₂y₂.","The solution correctly expresses both vectors in the orthonormal basis B and obtains the scalar product 53x1y1 - 23x1y2 - 23x2y1 + 10x2y2, with a sound derivation."
"du02_1","3324","4","true","Řešení je správné a úplné. Správně využíváte ortonormalitu báze B, určujete souřadnice obou vektorů v této bázi a dostáváte výsledný předpis 53x₁y₁ − 23x₁y₂ − 23x₂y₁ + 10x₂y₂.","The solution correctly expresses both vectors in the orthonormal basis B and obtains the scalar product 53x1y1 - 23x1y2 - 23x2y1 + 10x2y2, with a sound derivation."
"du02_1","3329","4","true","Řešení je správné a úplné. Správně využíváte ortonormalitu báze B, určujete souřadnice obou vektorů v této bázi a dostáváte výsledný předpis 53x₁y₁ − 23x₁y₂ − 23x₂y₁ + 10x₂y₂.","The solution correctly expresses both vectors in the orthonormal basis B and obtains the scalar product 53x1y1 - 23x1y2 - 23x2y1 + 10x2y2, with a sound derivation."
"du02_1","3332","4","true","Řešení je správné a úplné. Správně využíváte ortonormalitu báze B, určujete souřadnice obou vektorů v této bázi a dostáváte výsledný předpis 53x₁y₁ − 23x₁y₂ − 23x₂y₁ + 10x₂y₂.","The solution correctly expresses both vectors in the orthonormal basis B and obtains the scalar product 53x1y1 - 23x1y2 - 23x2y1 + 10x2y2, with a sound derivation."
"du02_1","3339","4","true","Řešení je správné a úplné. Správně využíváte ortonormalitu báze B, určujete souřadnice obou vektorů v této bázi a dostáváte výsledný předpis 53x₁y₁ − 23x₁y₂ − 23x₂y₁ + 10x₂y₂.","The solution correctly expresses both vectors in the orthonormal basis B and obtains the scalar product 53x1y1 - 23x1y2 - 23x2y1 + 10x2y2, with a sound derivation."
"du02_1","3340","4","true","Řešení je správné a úplné. Správně využíváte ortonormalitu báze B, určujete souřadnice obou vektorů v této bázi a dostáváte výsledný předpis 53x₁y₁ − 23x₁y₂ − 23x₂y₁ + 10x₂y₂.","The solution correctly expresses both vectors in the orthonormal basis B and obtains the scalar product 53x1y1 - 23x1y2 - 23x2y1 + 10x2y2, with a sound derivation."
"du02_1","3346","4","true","Řešení je správné a úplné. Správně využíváte ortonormalitu báze B, určujete souřadnice obou vektorů v této bázi a dostáváte výsledný předpis 53x₁y₁ − 23x₁y₂ − 23x₂y₁ + 10x₂y₂.","The solution correctly expresses both vectors in the orthonormal basis B and obtains the scalar product 53x1y1 - 23x1y2 - 23x2y1 + 10x2y2, with a sound derivation."
"du02_1","3347","4","true","Řešení je správné a úplné. Správně využíváte ortonormalitu báze B, určujete souřadnice obou vektorů v této bázi a dostáváte výsledný předpis 53x₁y₁ − 23x₁y₂ − 23x₂y₁ + 10x₂y₂.","The solution correctly expresses both vectors in the orthonormal basis B and obtains the scalar product 53x1y1 - 23x1y2 - 23x2y1 + 10x2y2, with a sound derivation."
"du02_1","3349","4","true","Řešení je správné a úplné. Správně využíváte ortonormalitu báze B, určujete souřadnice obou vektorů v této bázi a dostáváte výsledný předpis 53x₁y₁ − 23x₁y₂ − 23x₂y₁ + 10x₂y₂.","The solution correctly expresses both vectors in the orthonormal basis B and obtains the scalar product 53x1y1 - 23x1y2 - 23x2y1 + 10x2y2, with a sound derivation."
"du02_1","3351","4","true","Řešení je správné a úplné. Správně využíváte ortonormalitu báze B, určujete souřadnice obou vektorů v této bázi a dostáváte výsledný předpis 53x₁y₁ − 23x₁y₂ − 23x₂y₁ + 10x₂y₂.","The solution correctly expresses both vectors in the orthonormal basis B and obtains the scalar product 53x1y1 - 23x1y2 - 23x2y1 + 10x2y2, with a sound derivation."
"du02_1","3356","4","true","Řešení je správné a úplné. Správně využíváte ortonormalitu báze B, určujete souřadnice obou vektorů v této bázi a dostáváte výsledný předpis 53x₁y₁ − 23x₁y₂ − 23x₂y₁ + 10x₂y₂.","The solution correctly expresses both vectors in the orthonormal basis B and obtains the scalar product 53x1y1 - 23x1y2 - 23x2y1 + 10x2y2, with a sound derivation."
"du02_1","3407","4","true","Řešení je správné a úplné. Správně využíváte ortonormalitu báze B, určujete souřadnice obou vektorů v této bázi a dostáváte výsledný předpis 53x₁y₁ − 23x₁y₂ − 23x₂y₁ + 10x₂y₂.","The solution correctly expresses both vectors in the orthonormal basis B and obtains the scalar product 53x1y1 - 23x1y2 - 23x2y1 + 10x2y2, with a sound derivation."
"du02_2","273","3","false","Výpočet skalárního součinu otočených vektorů je v zásadě správný. V závěru ale dělíte koeficientem nebo goniometrickým výrazem, který může být nulový, a příslušný zvláštní případ chybí. Rozdělte důkaz podle toho, zda je tento dělitel nulový, a v nulovém případě ověřte existenci úhlu přímo v původní rovnici.","The rotation computation is essentially correct, but the existence argument divides by a matrix coefficient or a trigonometric factor without handling the case in which that divisor is zero. Thus the claim is not proved for every positive-definite A."
"du02_2","534","4","true","Řešení je úplné. Správně konstruujete bázi, která zůstává ortonormální ve standardním skalárním součinu, a dokazujete existenci volby, pro niž jsou její vektory kolmé i ve skalárním součinu daném maticí A. Potřebné případy jsou pokryty.","The solution correctly constructs a rotated standard orthonormal basis and proves that its A-inner product vanishes for some angle, with all necessary exceptional cases (or an equivalent complete argument) handled."
"du02_2","544","3.5","false","Konstrukce dvojice (x,y), (−y,x) i odvozená rovnice jsou správné. Argument přes diskriminant ale předpokládá, že jde skutečně o kvadratickou rovnici. Když je její vedoucí koeficient nulový, rovnice je lineární nebo dokonce identicky nulová; tyto případy je třeba krátce oddělit a ověřit existenci řešení přímo.","The perpendicular-vector construction and resulting polynomial equation are correct, but the argument calls it a quadratic with nonnegative/positive discriminant without treating the case where its leading coefficient vanishes (including the identically zero case)."
"du02_2","1500","4","true","Řešení je úplné. Správně konstruujete bázi, která zůstává ortonormální ve standardním skalárním součinu, a dokazujete existenci volby, pro niž jsou její vektory kolmé i ve skalárním součinu daném maticí A. Potřebné případy jsou pokryty.","The solution correctly constructs a rotated standard orthonormal basis and proves that its A-inner product vanishes for some angle, with all necessary exceptional cases (or an equivalent complete argument) handled."
"du02_2","2125","4","true","Řešení je úplné. Správně konstruujete bázi, která zůstává ortonormální ve standardním skalárním součinu, a dokazujete existenci volby, pro niž jsou její vektory kolmé i ve skalárním součinu daném maticí A. Potřebné případy jsou pokryty.","The solution correctly constructs a rotated standard orthonormal basis and proves that its A-inner product vanishes for some angle, with all necessary exceptional cases (or an equivalent complete argument) handled."
"du02_2","2182","3","false","Výpočet skalárního součinu otočených vektorů je v zásadě správný. V závěru ale dělíte koeficientem nebo goniometrickým výrazem, který může být nulový, a příslušný zvláštní případ chybí. Rozdělte důkaz podle toho, zda je tento dělitel nulový, a v nulovém případě ověřte existenci úhlu přímo v původní rovnici.","The rotation computation is essentially correct, but the existence argument divides by a matrix coefficient or a trigonometric factor without handling the case in which that divisor is zero. Thus the claim is not proved for every positive-definite A."
"du02_2","2377","2.5","false","Volba otočené báze je správná, ale při úpravě rovnice chybně převádíte výraz cos²φ−sin²φ. Následný vzorec s arccos navíc nemusí být definovaný, protože jeho argument nemusí ležet v intervalu [−1,1]. Opravte goniometrickou úpravu a existence úhlu musí být odvozena z rovnice, která má řešení pro všechny přípustné prvky A.","The rotation setup is appropriate, but the trigonometric rearrangement replaces cos²φ−sin²φ incorrectly and leads to an arccos formula whose argument need not lie in [-1,1]; hence the constructed angle is not established."
"du02_2","2401","3","false","Výpočet skalárního součinu otočených vektorů je v zásadě správný. V závěru ale dělíte koeficientem nebo goniometrickým výrazem, který může být nulový, a příslušný zvláštní případ chybí. Rozdělte důkaz podle toho, zda je tento dělitel nulový, a v nulovém případě ověřte existenci úhlu přímo v původní rovnici.","The rotation computation is essentially correct, but the existence argument divides by a matrix coefficient or a trigonometric factor without handling the case in which that divisor is zero. Thus the claim is not proved for every positive-definite A."
"du02_2","2464","3","false","Výpočet skalárního součinu otočených vektorů je v zásadě správný. V závěru ale dělíte koeficientem nebo goniometrickým výrazem, který může být nulový, a příslušný zvláštní případ chybí. Rozdělte důkaz podle toho, zda je tento dělitel nulový, a v nulovém případě ověřte existenci úhlu přímo v původní rovnici.","The rotation computation is essentially correct, but the existence argument divides by a matrix coefficient or a trigonometric factor without handling the case in which that divisor is zero. Thus the claim is not proved for every positive-definite A."
"du02_2","2492","4","true","Řešení je úplné. Správně konstruujete bázi, která zůstává ortonormální ve standardním skalárním součinu, a dokazujete existenci volby, pro niž jsou její vektory kolmé i ve skalárním součinu daném maticí A. Potřebné případy jsou pokryty.","The solution correctly constructs a rotated standard orthonormal basis and proves that its A-inner product vanishes for some angle, with all necessary exceptional cases (or an equivalent complete argument) handled."
"du02_2","2511","3","false","Výpočet skalárního součinu otočených vektorů je v zásadě správný. V závěru ale dělíte koeficientem nebo goniometrickým výrazem, který může být nulový, a příslušný zvláštní případ chybí. Rozdělte důkaz podle toho, zda je tento dělitel nulový, a v nulovém případě ověřte existenci úhlu přímo v původní rovnici.","The rotation computation is essentially correct, but the existence argument divides by a matrix coefficient or a trigonometric factor without handling the case in which that divisor is zero. Thus the claim is not proved for every positive-definite A."
"du02_2","2517","3","false","Výpočet skalárního součinu otočených vektorů je v zásadě správný. V závěru ale dělíte koeficientem nebo goniometrickým výrazem, který může být nulový, a příslušný zvláštní případ chybí. Rozdělte důkaz podle toho, zda je tento dělitel nulový, a v nulovém případě ověřte existenci úhlu přímo v původní rovnici.","The rotation computation is essentially correct, but the existence argument divides by a matrix coefficient or a trigonometric factor without handling the case in which that divisor is zero. Thus the claim is not proved for every positive-definite A."
"du02_2","2518","3","false","Výpočet skalárního součinu otočených vektorů je v zásadě správný. V závěru ale dělíte koeficientem nebo goniometrickým výrazem, který může být nulový, a příslušný zvláštní případ chybí. Rozdělte důkaz podle toho, zda je tento dělitel nulový, a v nulovém případě ověřte existenci úhlu přímo v původní rovnici.","The rotation computation is essentially correct, but the existence argument divides by a matrix coefficient or a trigonometric factor without handling the case in which that divisor is zero. Thus the claim is not proved for every positive-definite A."
"du02_2","2736","4","true","Řešení je úplné. Správně konstruujete bázi, která zůstává ortonormální ve standardním skalárním součinu, a dokazujete existenci volby, pro niž jsou její vektory kolmé i ve skalárním součinu daném maticí A. Potřebné případy jsou pokryty.","The solution correctly constructs a rotated standard orthonormal basis and proves that its A-inner product vanishes for some angle, with all necessary exceptional cases (or an equivalent complete argument) handled."
"du02_2","2743","4","true","Řešení je úplné. Správně konstruujete bázi, která zůstává ortonormální ve standardním skalárním součinu, a dokazujete existenci volby, pro niž jsou její vektory kolmé i ve skalárním součinu daném maticí A. Potřebné případy jsou pokryty.","The solution correctly constructs a rotated standard orthonormal basis and proves that its A-inner product vanishes for some angle, with all necessary exceptional cases (or an equivalent complete argument) handled."
"du02_2","2760","4","true","Řešení je úplné. Správně konstruujete bázi, která zůstává ortonormální ve standardním skalárním součinu, a dokazujete existenci volby, pro niž jsou její vektory kolmé i ve skalárním součinu daném maticí A. Potřebné případy jsou pokryty.","The solution correctly constructs a rotated standard orthonormal basis and proves that its A-inner product vanishes for some angle, with all necessary exceptional cases (or an equivalent complete argument) handled."
"du02_2","2763","3","false","Výpočet skalárního součinu otočených vektorů je v zásadě správný. V závěru ale dělíte koeficientem nebo goniometrickým výrazem, který může být nulový, a příslušný zvláštní případ chybí. Rozdělte důkaz podle toho, zda je tento dělitel nulový, a v nulovém případě ověřte existenci úhlu přímo v původní rovnici.","The rotation computation is essentially correct, but the existence argument divides by a matrix coefficient or a trigonometric factor without handling the case in which that divisor is zero. Thus the claim is not proved for every positive-definite A."
"du02_2","2764","3.5","false","Konstrukce dvojice (x,y), (−y,x) i odvozená rovnice jsou správné. Argument přes diskriminant ale předpokládá, že jde skutečně o kvadratickou rovnici. Když je její vedoucí koeficient nulový, rovnice je lineární nebo dokonce identicky nulová; tyto případy je třeba krátce oddělit a ověřit existenci řešení přímo.","The perpendicular-vector construction and resulting polynomial equation are correct, but the argument calls it a quadratic with nonnegative/positive discriminant without treating the case where its leading coefficient vanishes (including the identically zero case)."
"du02_2","2766","4","true","Řešení je úplné. Správně konstruujete bázi, která zůstává ortonormální ve standardním skalárním součinu, a dokazujete existenci volby, pro niž jsou její vektory kolmé i ve skalárním součinu daném maticí A. Potřebné případy jsou pokryty.","The solution correctly constructs a rotated standard orthonormal basis and proves that its A-inner product vanishes for some angle, with all necessary exceptional cases (or an equivalent complete argument) handled."
"du02_2","2815","4","true","Řešení je úplné. Správně konstruujete bázi, která zůstává ortonormální ve standardním skalárním součinu, a dokazujete existenci volby, pro niž jsou její vektory kolmé i ve skalárním součinu daném maticí A. Potřebné případy jsou pokryty.","The solution correctly constructs a rotated standard orthonormal basis and proves that its A-inner product vanishes for some angle, with all necessary exceptional cases (or an equivalent complete argument) handled."
"du02_2","2847","4","true","Řešení je úplné. Správně konstruujete bázi, která zůstává ortonormální ve standardním skalárním součinu, a dokazujete existenci volby, pro niž jsou její vektory kolmé i ve skalárním součinu daném maticí A. Potřebné případy jsou pokryty.","The solution correctly constructs a rotated standard orthonormal basis and proves that its A-inner product vanishes for some angle, with all necessary exceptional cases (or an equivalent complete argument) handled."
"du02_2","2857","4","true","Řešení je úplné. Správně konstruujete bázi, která zůstává ortonormální ve standardním skalárním součinu, a dokazujete existenci volby, pro niž jsou její vektory kolmé i ve skalárním součinu daném maticí A. Potřebné případy jsou pokryty.","The solution correctly constructs a rotated standard orthonormal basis and proves that its A-inner product vanishes for some angle, with all necessary exceptional cases (or an equivalent complete argument) handled."
"du02_2","2859","4","true","Řešení je úplné. Správně konstruujete bázi, která zůstává ortonormální ve standardním skalárním součinu, a dokazujete existenci volby, pro niž jsou její vektory kolmé i ve skalárním součinu daném maticí A. Potřebné případy jsou pokryty.","The solution correctly constructs a rotated standard orthonormal basis and proves that its A-inner product vanishes for some angle, with all necessary exceptional cases (or an equivalent complete argument) handled."
"du02_2","2862","3.5","false","Geometrická myšlenka s otočením a větou o mezihodnotě je správná. Pro úplnost však výslovně zdůvodněte, proč otočení o 90° změní hodnotu uvažovaného skalárního součinu na opačnou, a stručně uveďte spojitost funkce i to, že otočené nenulové kolmé vektory tvoří bázi.","The geometric rotation and intermediate-value argument is essentially correct, but the sign change under a quarter-turn and the continuity/basis conclusion are only asserted informally rather than fully justified."
"du02_2","2864","4","true","Řešení je úplné. Správně konstruujete bázi, která zůstává ortonormální ve standardním skalárním součinu, a dokazujete existenci volby, pro niž jsou její vektory kolmé i ve skalárním součinu daném maticí A. Potřebné případy jsou pokryty.","The solution correctly constructs a rotated standard orthonormal basis and proves that its A-inner product vanishes for some angle, with all necessary exceptional cases (or an equivalent complete argument) handled."
"du02_2","2867","3","false","Výpočet skalárního součinu otočených vektorů je v zásadě správný. V závěru ale dělíte koeficientem nebo goniometrickým výrazem, který může být nulový, a příslušný zvláštní případ chybí. Rozdělte důkaz podle toho, zda je tento dělitel nulový, a v nulovém případě ověřte existenci úhlu přímo v původní rovnici.","The rotation computation is essentially correct, but the existence argument divides by a matrix coefficient or a trigonometric factor without handling the case in which that divisor is zero. Thus the claim is not proved for every positive-definite A."
"du02_2","2871","4","true","Řešení je úplné. Správně konstruujete bázi, která zůstává ortonormální ve standardním skalárním součinu, a dokazujete existenci volby, pro niž jsou její vektory kolmé i ve skalárním součinu daném maticí A. Potřebné případy jsou pokryty.","The solution correctly constructs a rotated standard orthonormal basis and proves that its A-inner product vanishes for some angle, with all necessary exceptional cases (or an equivalent complete argument) handled."
"du02_2","2874","4","true","Řešení je úplné. Správně konstruujete bázi, která zůstává ortonormální ve standardním skalárním součinu, a dokazujete existenci volby, pro niž jsou její vektory kolmé i ve skalárním součinu daném maticí A. Potřebné případy jsou pokryty.","The solution correctly constructs a rotated standard orthonormal basis and proves that its A-inner product vanishes for some angle, with all necessary exceptional cases (or an equivalent complete argument) handled."
"du02_2","2876","4","true","Řešení je úplné. Správně konstruujete bázi, která zůstává ortonormální ve standardním skalárním součinu, a dokazujete existenci volby, pro niž jsou její vektory kolmé i ve skalárním součinu daném maticí A. Potřebné případy jsou pokryty.","The solution correctly constructs a rotated standard orthonormal basis and proves that its A-inner product vanishes for some angle, with all necessary exceptional cases (or an equivalent complete argument) handled."
"du02_2","2877","3","false","Výpočet skalárního součinu otočených vektorů je v zásadě správný. V závěru ale dělíte koeficientem nebo goniometrickým výrazem, který může být nulový, a příslušný zvláštní případ chybí. Rozdělte důkaz podle toho, zda je tento dělitel nulový, a v nulovém případě ověřte existenci úhlu přímo v původní rovnici.","The rotation computation is essentially correct, but the existence argument divides by a matrix coefficient or a trigonometric factor without handling the case in which that divisor is zero. Thus the claim is not proved for every positive-definite A."
"du02_2","2878","4","true","Řešení je úplné. Správně konstruujete bázi, která zůstává ortonormální ve standardním skalárním součinu, a dokazujete existenci volby, pro niž jsou její vektory kolmé i ve skalárním součinu daném maticí A. Potřebné případy jsou pokryty.","The solution correctly constructs a rotated standard orthonormal basis and proves that its A-inner product vanishes for some angle, with all necessary exceptional cases (or an equivalent complete argument) handled."
"du02_2","2881","4","true","Řešení je úplné. Správně konstruujete bázi, která zůstává ortonormální ve standardním skalárním součinu, a dokazujete existenci volby, pro niž jsou její vektory kolmé i ve skalárním součinu daném maticí A. Potřebné případy jsou pokryty.","The solution correctly constructs a rotated standard orthonormal basis and proves that its A-inner product vanishes for some angle, with all necessary exceptional cases (or an equivalent complete argument) handled."
"du02_2","2887","3","false","Výpočet skalárního součinu otočených vektorů je v zásadě správný. V závěru ale dělíte koeficientem nebo goniometrickým výrazem, který může být nulový, a příslušný zvláštní případ chybí. Rozdělte důkaz podle toho, zda je tento dělitel nulový, a v nulovém případě ověřte existenci úhlu přímo v původní rovnici.","The rotation computation is essentially correct, but the existence argument divides by a matrix coefficient or a trigonometric factor without handling the case in which that divisor is zero. Thus the claim is not proved for every positive-definite A."
"du02_2","2888","4","true","Řešení je úplné. Správně konstruujete bázi, která zůstává ortonormální ve standardním skalárním součinu, a dokazujete existenci volby, pro niž jsou její vektory kolmé i ve skalárním součinu daném maticí A. Potřebné případy jsou pokryty.","The solution correctly constructs a rotated standard orthonormal basis and proves that its A-inner product vanishes for some angle, with all necessary exceptional cases (or an equivalent complete argument) handled."
"du02_2","2892","4","true","Řešení je úplné. Správně konstruujete bázi, která zůstává ortonormální ve standardním skalárním součinu, a dokazujete existenci volby, pro niž jsou její vektory kolmé i ve skalárním součinu daném maticí A. Potřebné případy jsou pokryty.","The solution correctly constructs a rotated standard orthonormal basis and proves that its A-inner product vanishes for some angle, with all necessary exceptional cases (or an equivalent complete argument) handled."
"du02_2","2900","4","true","Řešení je úplné. Správně konstruujete bázi, která zůstává ortonormální ve standardním skalárním součinu, a dokazujete existenci volby, pro niž jsou její vektory kolmé i ve skalárním součinu daném maticí A. Potřebné případy jsou pokryty.","The solution correctly constructs a rotated standard orthonormal basis and proves that its A-inner product vanishes for some angle, with all necessary exceptional cases (or an equivalent complete argument) handled."
"du02_2","2903","4","true","Řešení je úplné. Správně konstruujete bázi, která zůstává ortonormální ve standardním skalárním součinu, a dokazujete existenci volby, pro niž jsou její vektory kolmé i ve skalárním součinu daném maticí A. Potřebné případy jsou pokryty.","The solution correctly constructs a rotated standard orthonormal basis and proves that its A-inner product vanishes for some angle, with all necessary exceptional cases (or an equivalent complete argument) handled."
"du02_2","2917","4","true","Řešení je úplné. Správně konstruujete bázi, která zůstává ortonormální ve standardním skalárním součinu, a dokazujete existenci volby, pro niž jsou její vektory kolmé i ve skalárním součinu daném maticí A. Potřebné případy jsou pokryty.","The solution correctly constructs a rotated standard orthonormal basis and proves that its A-inner product vanishes for some angle, with all necessary exceptional cases (or an equivalent complete argument) handled."
"du02_2","2918","3.5","false","Výsledný výraz pro skalární součin je správný, ale po vytknutí cos(2α) nelze bez dalšího považovat cos(2α)=0 za řešení původní rovnice. Je třeba oddělit případ c=a od případu c≠a a v každém ověřit podmínku přímo; tím se odstraní mezera spojená s nedefinovaným tangensem.","The correct rotation formula is obtained and the relevant cases are visible, but the factorization is treated as a disjunction even where tangent is undefined; the exceptional case is not stated rigorously."
"du02_2","2922","4","true","Řešení je úplné. Správně konstruujete bázi, která zůstává ortonormální ve standardním skalárním součinu, a dokazujete existenci volby, pro niž jsou její vektory kolmé i ve skalárním součinu daném maticí A. Potřebné případy jsou pokryty.","The solution correctly constructs a rotated standard orthonormal basis and proves that its A-inner product vanishes for some angle, with all necessary exceptional cases (or an equivalent complete argument) handled."
"du02_2","2932","4","true","Řešení je úplné. Správně konstruujete bázi, která zůstává ortonormální ve standardním skalárním součinu, a dokazujete existenci volby, pro niž jsou její vektory kolmé i ve skalárním součinu daném maticí A. Potřebné případy jsou pokryty.","The solution correctly constructs a rotated standard orthonormal basis and proves that its A-inner product vanishes for some angle, with all necessary exceptional cases (or an equivalent complete argument) handled."
"du02_2","2935","3","false","Výpočet skalárního součinu otočených vektorů je v zásadě správný. V závěru ale dělíte koeficientem nebo goniometrickým výrazem, který může být nulový, a příslušný zvláštní případ chybí. Rozdělte důkaz podle toho, zda je tento dělitel nulový, a v nulovém případě ověřte existenci úhlu přímo v původní rovnici.","The rotation computation is essentially correct, but the existence argument divides by a matrix coefficient or a trigonometric factor without handling the case in which that divisor is zero. Thus the claim is not proved for every positive-definite A."
"du02_2","2937","4","true","Řešení je úplné. Správně konstruujete bázi, která zůstává ortonormální ve standardním skalárním součinu, a dokazujete existenci volby, pro niž jsou její vektory kolmé i ve skalárním součinu daném maticí A. Potřebné případy jsou pokryty.","The solution correctly constructs a rotated standard orthonormal basis and proves that its A-inner product vanishes for some angle, with all necessary exceptional cases (or an equivalent complete argument) handled."
"du02_2","2940","3","false","Výpočet skalárního součinu otočených vektorů je v zásadě správný. V závěru ale dělíte koeficientem nebo goniometrickým výrazem, který může být nulový, a příslušný zvláštní případ chybí. Rozdělte důkaz podle toho, zda je tento dělitel nulový, a v nulovém případě ověřte existenci úhlu přímo v původní rovnici.","The rotation computation is essentially correct, but the existence argument divides by a matrix coefficient or a trigonometric factor without handling the case in which that divisor is zero. Thus the claim is not proved for every positive-definite A."
"du02_2","2941","4","true","Řešení je úplné. Správně konstruujete bázi, která zůstává ortonormální ve standardním skalárním součinu, a dokazujete existenci volby, pro niž jsou její vektory kolmé i ve skalárním součinu daném maticí A. Potřebné případy jsou pokryty.","The solution correctly constructs a rotated standard orthonormal basis and proves that its A-inner product vanishes for some angle, with all necessary exceptional cases (or an equivalent complete argument) handled."
"du02_2","2947","4","true","Řešení je úplné. Správně konstruujete bázi, která zůstává ortonormální ve standardním skalárním součinu, a dokazujete existenci volby, pro niž jsou její vektory kolmé i ve skalárním součinu daném maticí A. Potřebné případy jsou pokryty.","The solution correctly constructs a rotated standard orthonormal basis and proves that its A-inner product vanishes for some angle, with all necessary exceptional cases (or an equivalent complete argument) handled."
"du02_2","2956","4","true","Řešení je úplné. Správně konstruujete bázi, která zůstává ortonormální ve standardním skalárním součinu, a dokazujete existenci volby, pro niž jsou její vektory kolmé i ve skalárním součinu daném maticí A. Potřebné případy jsou pokryty.","The solution correctly constructs a rotated standard orthonormal basis and proves that its A-inner product vanishes for some angle, with all necessary exceptional cases (or an equivalent complete argument) handled."
"du02_2","2968","4","true","Řešení je úplné. Správně konstruujete bázi, která zůstává ortonormální ve standardním skalárním součinu, a dokazujete existenci volby, pro niž jsou její vektory kolmé i ve skalárním součinu daném maticí A. Potřebné případy jsou pokryty.","The solution correctly constructs a rotated standard orthonormal basis and proves that its A-inner product vanishes for some angle, with all necessary exceptional cases (or an equivalent complete argument) handled."
"du02_2","2978","4","true","Řešení je úplné. Správně konstruujete bázi, která zůstává ortonormální ve standardním skalárním součinu, a dokazujete existenci volby, pro niž jsou její vektory kolmé i ve skalárním součinu daném maticí A. Potřebné případy jsou pokryty.","The solution correctly constructs a rotated standard orthonormal basis and proves that its A-inner product vanishes for some angle, with all necessary exceptional cases (or an equivalent complete argument) handled."
"du02_2","2984","3","false","Výpočet skalárního součinu otočených vektorů je v zásadě správný. V závěru ale dělíte koeficientem nebo goniometrickým výrazem, který může být nulový, a příslušný zvláštní případ chybí. Rozdělte důkaz podle toho, zda je tento dělitel nulový, a v nulovém případě ověřte existenci úhlu přímo v původní rovnici.","The rotation computation is essentially correct, but the existence argument divides by a matrix coefficient or a trigonometric factor without handling the case in which that divisor is zero. Thus the claim is not proved for every positive-definite A."
"du02_2","2988","2.5","false","Začátek s otočenou bází je správný, zásadní chyba je však v goniometrické úpravě: ze součinů sinα cosα a rozdílu cos²α−sin²α vznikají funkce dvojnásobného úhlu, nikoli polovičního. Kvůli tomu neplatí uvedené hodnoty v krajních bodech pro původní skalární součin. Opravte tento přepis a teprve pro správnou funkci použijte větu o mezihodnotě.","The rotation setup is correct, but the double-angle identities are applied backwards as sin(α/2) and cos(α/2). Consequently the claimed endpoint values and the intermediate-value argument refer to a different function."
"du02_2","3001","3.5","false","Hlavní výpočet i kombinace rovnic s tangensem a kotangensem jsou v pořádku. Doplňte však zvlášť případ a=c a b=0, kdy oba uvedené podíly nejsou použitelné, a opravte mezikrok s členem b: má jít o cos²α−sin²α, nikoli o jejich součet.","The rotation method and the tangent/cotangent equations cover the nondegenerate cases, but the scalar-matrix case a=c and b=0 is not explicitly covered, and one intermediate trigonometric line contains a sign typo."
"du02_2","3002","4","true","Řešení je úplné. Správně konstruujete bázi, která zůstává ortonormální ve standardním skalárním součinu, a dokazujete existenci volby, pro niž jsou její vektory kolmé i ve skalárním součinu daném maticí A. Potřebné případy jsou pokryty.","The solution correctly constructs a rotated standard orthonormal basis and proves that its A-inner product vanishes for some angle, with all necessary exceptional cases (or an equivalent complete argument) handled."
"du02_2","3007","2.5","false","Myšlenka s ortogonálním zobrazením a větou o mezihodnotě je vhodná. V roznásobení ale vzniká koeficient (a−c)sinα cosα, nikoli (a+c)sinα cosα. Dále už pracujete s jinou funkcí, takže nalezený úhel nemusí nulovat původní skalární součin. Po opravě znaménka zopakujte argument pro skutečný výraz.","The orthogonal-change-of-basis and continuity idea is sound, but the expansion changes the coefficient (a−c) to (a+c). The angle obtained from the resulting intermediate-value argument therefore need not make the original A-inner product zero."
"du02_2","3025","4","true","Řešení je úplné. Správně konstruujete bázi, která zůstává ortonormální ve standardním skalárním součinu, a dokazujete existenci volby, pro niž jsou její vektory kolmé i ve skalárním součinu daném maticí A. Potřebné případy jsou pokryty.","The solution correctly constructs a rotated standard orthonormal basis and proves that its A-inner product vanishes for some angle, with all necessary exceptional cases (or an equivalent complete argument) handled."
"du02_2","3036","4","true","Řešení je úplné. Správně konstruujete bázi, která zůstává ortonormální ve standardním skalárním součinu, a dokazujete existenci volby, pro niž jsou její vektory kolmé i ve skalárním součinu daném maticí A. Potřebné případy jsou pokryty.","The solution correctly constructs a rotated standard orthonormal basis and proves that its A-inner product vanishes for some angle, with all necessary exceptional cases (or an equivalent complete argument) handled."
"du02_2","3038","4","true","Řešení je úplné. Správně konstruujete bázi, která zůstává ortonormální ve standardním skalárním součinu, a dokazujete existenci volby, pro niž jsou její vektory kolmé i ve skalárním součinu daném maticí A. Potřebné případy jsou pokryty.","The solution correctly constructs a rotated standard orthonormal basis and proves that its A-inner product vanishes for some angle, with all necessary exceptional cases (or an equivalent complete argument) handled."
"du02_2","3039","4","true","Řešení je úplné. Správně konstruujete bázi, která zůstává ortonormální ve standardním skalárním součinu, a dokazujete existenci volby, pro niž jsou její vektory kolmé i ve skalárním součinu daném maticí A. Potřebné případy jsou pokryty.","The solution correctly constructs a rotated standard orthonormal basis and proves that its A-inner product vanishes for some angle, with all necessary exceptional cases (or an equivalent complete argument) handled."
"du02_2","3041","3","false","Výpočet skalárního součinu otočených vektorů je v zásadě správný. V závěru ale dělíte koeficientem nebo goniometrickým výrazem, který může být nulový, a příslušný zvláštní případ chybí. Rozdělte důkaz podle toho, zda je tento dělitel nulový, a v nulovém případě ověřte existenci úhlu přímo v původní rovnici.","The rotation computation is essentially correct, but the existence argument divides by a matrix coefficient or a trigonometric factor without handling the case in which that divisor is zero. Thus the claim is not proved for every positive-definite A."
"du02_2","3045","4","true","Řešení je úplné. Správně konstruujete bázi, která zůstává ortonormální ve standardním skalárním součinu, a dokazujete existenci volby, pro niž jsou její vektory kolmé i ve skalárním součinu daném maticí A. Potřebné případy jsou pokryty.","The solution correctly constructs a rotated standard orthonormal basis and proves that its A-inner product vanishes for some angle, with all necessary exceptional cases (or an equivalent complete argument) handled."
"du02_2","3056","4","true","Řešení je úplné. Správně konstruujete bázi, která zůstává ortonormální ve standardním skalárním součinu, a dokazujete existenci volby, pro niž jsou její vektory kolmé i ve skalárním součinu daném maticí A. Potřebné případy jsou pokryty.","The solution correctly constructs a rotated standard orthonormal basis and proves that its A-inner product vanishes for some angle, with all necessary exceptional cases (or an equivalent complete argument) handled."
"du02_2","3057","4","true","Řešení je úplné. Správně konstruujete bázi, která zůstává ortonormální ve standardním skalárním součinu, a dokazujete existenci volby, pro niž jsou její vektory kolmé i ve skalárním součinu daném maticí A. Potřebné případy jsou pokryty.","The solution correctly constructs a rotated standard orthonormal basis and proves that its A-inner product vanishes for some angle, with all necessary exceptional cases (or an equivalent complete argument) handled."
"du02_2","3060","4","true","Řešení je úplné. Správně konstruujete bázi, která zůstává ortonormální ve standardním skalárním součinu, a dokazujete existenci volby, pro niž jsou její vektory kolmé i ve skalárním součinu daném maticí A. Potřebné případy jsou pokryty.","The solution correctly constructs a rotated standard orthonormal basis and proves that its A-inner product vanishes for some angle, with all necessary exceptional cases (or an equivalent complete argument) handled."
"du02_2","3062","4","true","Řešení je úplné. Správně konstruujete bázi, která zůstává ortonormální ve standardním skalárním součinu, a dokazujete existenci volby, pro niž jsou její vektory kolmé i ve skalárním součinu daném maticí A. Potřebné případy jsou pokryty.","The solution correctly constructs a rotated standard orthonormal basis and proves that its A-inner product vanishes for some angle, with all necessary exceptional cases (or an equivalent complete argument) handled."
"du02_2","3072","4","true","Řešení je úplné. Správně konstruujete bázi, která zůstává ortonormální ve standardním skalárním součinu, a dokazujete existenci volby, pro niž jsou její vektory kolmé i ve skalárním součinu daném maticí A. Potřebné případy jsou pokryty.","The solution correctly constructs a rotated standard orthonormal basis and proves that its A-inner product vanishes for some angle, with all necessary exceptional cases (or an equivalent complete argument) handled."
"du02_2","3075","4","true","Řešení je úplné. Správně konstruujete bázi, která zůstává ortonormální ve standardním skalárním součinu, a dokazujete existenci volby, pro niž jsou její vektory kolmé i ve skalárním součinu daném maticí A. Potřebné případy jsou pokryty.","The solution correctly constructs a rotated standard orthonormal basis and proves that its A-inner product vanishes for some angle, with all necessary exceptional cases (or an equivalent complete argument) handled."
"du02_2","3077","4","true","Řešení je úplné. Správně konstruujete bázi, která zůstává ortonormální ve standardním skalárním součinu, a dokazujete existenci volby, pro niž jsou její vektory kolmé i ve skalárním součinu daném maticí A. Potřebné případy jsou pokryty.","The solution correctly constructs a rotated standard orthonormal basis and proves that its A-inner product vanishes for some angle, with all necessary exceptional cases (or an equivalent complete argument) handled."
"du02_2","3089","4","true","Řešení je úplné. Správně konstruujete bázi, která zůstává ortonormální ve standardním skalárním součinu, a dokazujete existenci volby, pro niž jsou její vektory kolmé i ve skalárním součinu daném maticí A. Potřebné případy jsou pokryty.","The solution correctly constructs a rotated standard orthonormal basis and proves that its A-inner product vanishes for some angle, with all necessary exceptional cases (or an equivalent complete argument) handled."
"du02_2","3090","4","true","Řešení je úplné. Správně konstruujete bázi, která zůstává ortonormální ve standardním skalárním součinu, a dokazujete existenci volby, pro niž jsou její vektory kolmé i ve skalárním součinu daném maticí A. Potřebné případy jsou pokryty.","The solution correctly constructs a rotated standard orthonormal basis and proves that its A-inner product vanishes for some angle, with all necessary exceptional cases (or an equivalent complete argument) handled."
"du02_2","3094","4","true","Řešení je úplné. Správně konstruujete bázi, která zůstává ortonormální ve standardním skalárním součinu, a dokazujete existenci volby, pro niž jsou její vektory kolmé i ve skalárním součinu daném maticí A. Potřebné případy jsou pokryty.","The solution correctly constructs a rotated standard orthonormal basis and proves that its A-inner product vanishes for some angle, with all necessary exceptional cases (or an equivalent complete argument) handled."
"du02_2","3102","4","true","Řešení je úplné. Správně konstruujete bázi, která zůstává ortonormální ve standardním skalárním součinu, a dokazujete existenci volby, pro niž jsou její vektory kolmé i ve skalárním součinu daném maticí A. Potřebné případy jsou pokryty.","The solution correctly constructs a rotated standard orthonormal basis and proves that its A-inner product vanishes for some angle, with all necessary exceptional cases (or an equivalent complete argument) handled."
"du02_2","3108","4","true","Řešení je úplné. Správně konstruujete bázi, která zůstává ortonormální ve standardním skalárním součinu, a dokazujete existenci volby, pro niž jsou její vektory kolmé i ve skalárním součinu daném maticí A. Potřebné případy jsou pokryty.","The solution correctly constructs a rotated standard orthonormal basis and proves that its A-inner product vanishes for some angle, with all necessary exceptional cases (or an equivalent complete argument) handled."
"du02_2","3115","4","true","Řešení je úplné. Správně konstruujete bázi, která zůstává ortonormální ve standardním skalárním součinu, a dokazujete existenci volby, pro niž jsou její vektory kolmé i ve skalárním součinu daném maticí A. Potřebné případy jsou pokryty.","The solution correctly constructs a rotated standard orthonormal basis and proves that its A-inner product vanishes for some angle, with all necessary exceptional cases (or an equivalent complete argument) handled."
"du02_2","3116","4","true","Řešení je úplné. Správně konstruujete bázi, která zůstává ortonormální ve standardním skalárním součinu, a dokazujete existenci volby, pro niž jsou její vektory kolmé i ve skalárním součinu daném maticí A. Potřebné případy jsou pokryty.","The solution correctly constructs a rotated standard orthonormal basis and proves that its A-inner product vanishes for some angle, with all necessary exceptional cases (or an equivalent complete argument) handled."
"du02_2","3121","4","true","Řešení je úplné. Správně konstruujete bázi, která zůstává ortonormální ve standardním skalárním součinu, a dokazujete existenci volby, pro niž jsou její vektory kolmé i ve skalárním součinu daném maticí A. Potřebné případy jsou pokryty.","The solution correctly constructs a rotated standard orthonormal basis and proves that its A-inner product vanishes for some angle, with all necessary exceptional cases (or an equivalent complete argument) handled."
"du02_2","3128","4","true","Řešení je úplné. Správně konstruujete bázi, která zůstává ortonormální ve standardním skalárním součinu, a dokazujete existenci volby, pro niž jsou její vektory kolmé i ve skalárním součinu daném maticí A. Potřebné případy jsou pokryty.","The solution correctly constructs a rotated standard orthonormal basis and proves that its A-inner product vanishes for some angle, with all necessary exceptional cases (or an equivalent complete argument) handled."
"du02_2","3131","4","true","Řešení je úplné. Správně konstruujete bázi, která zůstává ortonormální ve standardním skalárním součinu, a dokazujete existenci volby, pro niž jsou její vektory kolmé i ve skalárním součinu daném maticí A. Potřebné případy jsou pokryty.","The solution correctly constructs a rotated standard orthonormal basis and proves that its A-inner product vanishes for some angle, with all necessary exceptional cases (or an equivalent complete argument) handled."
"du02_2","3135","3","false","Výpočet skalárního součinu otočených vektorů je v zásadě správný. V závěru ale dělíte koeficientem nebo goniometrickým výrazem, který může být nulový, a příslušný zvláštní případ chybí. Rozdělte důkaz podle toho, zda je tento dělitel nulový, a v nulovém případě ověřte existenci úhlu přímo v původní rovnici.","The rotation computation is essentially correct, but the existence argument divides by a matrix coefficient or a trigonometric factor without handling the case in which that divisor is zero. Thus the claim is not proved for every positive-definite A."
"du02_2","3136","4","true","Řešení je úplné. Správně konstruujete bázi, která zůstává ortonormální ve standardním skalárním součinu, a dokazujete existenci volby, pro niž jsou její vektory kolmé i ve skalárním součinu daném maticí A. Potřebné případy jsou pokryty.","The solution correctly constructs a rotated standard orthonormal basis and proves that its A-inner product vanishes for some angle, with all necessary exceptional cases (or an equivalent complete argument) handled."
"du02_2","3150","2.5","false","Správně jste získal(a) rovnici s funkcemi sin(2θ) a cos(2θ), ale v dalším kroku má vystupovat tan(2θ), nikoli tanθ. Navíc je nutné oddělit případy, kdy dělitel nebo cos(2θ) může být nulový. V nynější podobě proto uvedený úhel z odvozené rovnice neplyne.","The correct expression involving sin(2θ) and cos(2θ) is reached, but it is then converted to an equation for tan θ instead of tan(2θ), and the divisions omit exceptional cases. Thus the claimed angle is not justified."
"du02_2","3164","4","true","Řešení je úplné. Správně konstruujete bázi, která zůstává ortonormální ve standardním skalárním součinu, a dokazujete existenci volby, pro niž jsou její vektory kolmé i ve skalárním součinu daném maticí A. Potřebné případy jsou pokryty.","The solution correctly constructs a rotated standard orthonormal basis and proves that its A-inner product vanishes for some angle, with all necessary exceptional cases (or an equivalent complete argument) handled."
"du02_2","3165","4","true","Řešení je úplné. Správně konstruujete bázi, která zůstává ortonormální ve standardním skalárním součinu, a dokazujete existenci volby, pro niž jsou její vektory kolmé i ve skalárním součinu daném maticí A. Potřebné případy jsou pokryty.","The solution correctly constructs a rotated standard orthonormal basis and proves that its A-inner product vanishes for some angle, with all necessary exceptional cases (or an equivalent complete argument) handled."
"du02_2","3166","4","true","Řešení je úplné. Správně konstruujete bázi, která zůstává ortonormální ve standardním skalárním součinu, a dokazujete existenci volby, pro niž jsou její vektory kolmé i ve skalárním součinu daném maticí A. Potřebné případy jsou pokryty.","The solution correctly constructs a rotated standard orthonormal basis and proves that its A-inner product vanishes for some angle, with all necessary exceptional cases (or an equivalent complete argument) handled."
"du02_2","3167","4","true","Řešení je úplné. Správně konstruujete bázi, která zůstává ortonormální ve standardním skalárním součinu, a dokazujete existenci volby, pro niž jsou její vektory kolmé i ve skalárním součinu daném maticí A. Potřebné případy jsou pokryty.","The solution correctly constructs a rotated standard orthonormal basis and proves that its A-inner product vanishes for some angle, with all necessary exceptional cases (or an equivalent complete argument) handled."
"du02_2","3174","3","false","Výpočet skalárního součinu otočených vektorů je v zásadě správný. V závěru ale dělíte koeficientem nebo goniometrickým výrazem, který může být nulový, a příslušný zvláštní případ chybí. Rozdělte důkaz podle toho, zda je tento dělitel nulový, a v nulovém případě ověřte existenci úhlu přímo v původní rovnici.","The rotation computation is essentially correct, but the existence argument divides by a matrix coefficient or a trigonometric factor without handling the case in which that divisor is zero. Thus the claim is not proved for every positive-definite A."
"du02_2","3179","4","true","Řešení je úplné. Správně konstruujete bázi, která zůstává ortonormální ve standardním skalárním součinu, a dokazujete existenci volby, pro niž jsou její vektory kolmé i ve skalárním součinu daném maticí A. Potřebné případy jsou pokryty.","The solution correctly constructs a rotated standard orthonormal basis and proves that its A-inner product vanishes for some angle, with all necessary exceptional cases (or an equivalent complete argument) handled."
"du02_2","3188","4","true","Řešení je úplné. Správně konstruujete bázi, která zůstává ortonormální ve standardním skalárním součinu, a dokazujete existenci volby, pro niž jsou její vektory kolmé i ve skalárním součinu daném maticí A. Potřebné případy jsou pokryty.","The solution correctly constructs a rotated standard orthonormal basis and proves that its A-inner product vanishes for some angle, with all necessary exceptional cases (or an equivalent complete argument) handled."
"du02_2","3194","4","true","Řešení je úplné. Správně konstruujete bázi, která zůstává ortonormální ve standardním skalárním součinu, a dokazujete existenci volby, pro niž jsou její vektory kolmé i ve skalárním součinu daném maticí A. Potřebné případy jsou pokryty.","The solution correctly constructs a rotated standard orthonormal basis and proves that its A-inner product vanishes for some angle, with all necessary exceptional cases (or an equivalent complete argument) handled."
"du02_2","3204","4","true","Řešení je úplné. Správně konstruujete bázi, která zůstává ortonormální ve standardním skalárním součinu, a dokazujete existenci volby, pro niž jsou její vektory kolmé i ve skalárním součinu daném maticí A. Potřebné případy jsou pokryty.","The solution correctly constructs a rotated standard orthonormal basis and proves that its A-inner product vanishes for some angle, with all necessary exceptional cases (or an equivalent complete argument) handled."
"du02_2","3205","4","true","Řešení je úplné. Správně konstruujete bázi, která zůstává ortonormální ve standardním skalárním součinu, a dokazujete existenci volby, pro niž jsou její vektory kolmé i ve skalárním součinu daném maticí A. Potřebné případy jsou pokryty.","The solution correctly constructs a rotated standard orthonormal basis and proves that its A-inner product vanishes for some angle, with all necessary exceptional cases (or an equivalent complete argument) handled."
"du02_2","3213","4","true","Řešení je úplné. Správně konstruujete bázi, která zůstává ortonormální ve standardním skalárním součinu, a dokazujete existenci volby, pro niž jsou její vektory kolmé i ve skalárním součinu daném maticí A. Potřebné případy jsou pokryty.","The solution correctly constructs a rotated standard orthonormal basis and proves that its A-inner product vanishes for some angle, with all necessary exceptional cases (or an equivalent complete argument) handled."
"du02_2","3218","4","true","Řešení je úplné. Správně konstruujete bázi, která zůstává ortonormální ve standardním skalárním součinu, a dokazujete existenci volby, pro niž jsou její vektory kolmé i ve skalárním součinu daném maticí A. Potřebné případy jsou pokryty.","The solution correctly constructs a rotated standard orthonormal basis and proves that its A-inner product vanishes for some angle, with all necessary exceptional cases (or an equivalent complete argument) handled."
"du02_2","3221","4","true","Řešení je úplné. Správně konstruujete bázi, která zůstává ortonormální ve standardním skalárním součinu, a dokazujete existenci volby, pro niž jsou její vektory kolmé i ve skalárním součinu daném maticí A. Potřebné případy jsou pokryty.","The solution correctly constructs a rotated standard orthonormal basis and proves that its A-inner product vanishes for some angle, with all necessary exceptional cases (or an equivalent complete argument) handled."
"du02_2","3223","3","false","Výpočet skalárního součinu otočených vektorů je v zásadě správný. V závěru ale dělíte koeficientem nebo goniometrickým výrazem, který může být nulový, a příslušný zvláštní případ chybí. Rozdělte důkaz podle toho, zda je tento dělitel nulový, a v nulovém případě ověřte existenci úhlu přímo v původní rovnici.","The rotation computation is essentially correct, but the existence argument divides by a matrix coefficient or a trigonometric factor without handling the case in which that divisor is zero. Thus the claim is not proved for every positive-definite A."
"du02_2","3225","4","true","Řešení je úplné. Správně konstruujete bázi, která zůstává ortonormální ve standardním skalárním součinu, a dokazujete existenci volby, pro niž jsou její vektory kolmé i ve skalárním součinu daném maticí A. Potřebné případy jsou pokryty.","The solution correctly constructs a rotated standard orthonormal basis and proves that its A-inner product vanishes for some angle, with all necessary exceptional cases (or an equivalent complete argument) handled."
"du02_2","3238","3","false","Výpočet skalárního součinu otočených vektorů je v zásadě správný. V závěru ale dělíte koeficientem nebo goniometrickým výrazem, který může být nulový, a příslušný zvláštní případ chybí. Rozdělte důkaz podle toho, zda je tento dělitel nulový, a v nulovém případě ověřte existenci úhlu přímo v původní rovnici.","The rotation computation is essentially correct, but the existence argument divides by a matrix coefficient or a trigonometric factor without handling the case in which that divisor is zero. Thus the claim is not proved for every positive-definite A."
"du02_2","3240","4","true","Řešení je úplné. Správně konstruujete bázi, která zůstává ortonormální ve standardním skalárním součinu, a dokazujete existenci volby, pro niž jsou její vektory kolmé i ve skalárním součinu daném maticí A. Potřebné případy jsou pokryty.","The solution correctly constructs a rotated standard orthonormal basis and proves that its A-inner product vanishes for some angle, with all necessary exceptional cases (or an equivalent complete argument) handled."
"du02_2","3241","4","true","Řešení je úplné. Správně konstruujete bázi, která zůstává ortonormální ve standardním skalárním součinu, a dokazujete existenci volby, pro niž jsou její vektory kolmé i ve skalárním součinu daném maticí A. Potřebné případy jsou pokryty.","The solution correctly constructs a rotated standard orthonormal basis and proves that its A-inner product vanishes for some angle, with all necessary exceptional cases (or an equivalent complete argument) handled."
"du02_2","3242","4","true","Řešení je úplné. Správně konstruujete bázi, která zůstává ortonormální ve standardním skalárním součinu, a dokazujete existenci volby, pro niž jsou její vektory kolmé i ve skalárním součinu daném maticí A. Potřebné případy jsou pokryty.","The solution correctly constructs a rotated standard orthonormal basis and proves that its A-inner product vanishes for some angle, with all necessary exceptional cases (or an equivalent complete argument) handled."
"du02_2","3244","4","true","Řešení je úplné. Správně konstruujete bázi, která zůstává ortonormální ve standardním skalárním součinu, a dokazujete existenci volby, pro niž jsou její vektory kolmé i ve skalárním součinu daném maticí A. Potřebné případy jsou pokryty.","The solution correctly constructs a rotated standard orthonormal basis and proves that its A-inner product vanishes for some angle, with all necessary exceptional cases (or an equivalent complete argument) handled."
"du02_2","3245","3","false","Výpočet skalárního součinu otočených vektorů je v zásadě správný. V závěru ale dělíte koeficientem nebo goniometrickým výrazem, který může být nulový, a příslušný zvláštní případ chybí. Rozdělte důkaz podle toho, zda je tento dělitel nulový, a v nulovém případě ověřte existenci úhlu přímo v původní rovnici.","The rotation computation is essentially correct, but the existence argument divides by a matrix coefficient or a trigonometric factor without handling the case in which that divisor is zero. Thus the claim is not proved for every positive-definite A."
"du02_2","3248","3","false","Výpočet skalárního součinu otočených vektorů je v zásadě správný. V závěru ale dělíte koeficientem nebo goniometrickým výrazem, který může být nulový, a příslušný zvláštní případ chybí. Rozdělte důkaz podle toho, zda je tento dělitel nulový, a v nulovém případě ověřte existenci úhlu přímo v původní rovnici.","The rotation computation is essentially correct, but the existence argument divides by a matrix coefficient or a trigonometric factor without handling the case in which that divisor is zero. Thus the claim is not proved for every positive-definite A."
"du02_2","3250","3.5","false","Konstrukce dvojice (x,y), (−y,x) i odvozená rovnice jsou správné. Argument přes diskriminant ale předpokládá, že jde skutečně o kvadratickou rovnici. Když je její vedoucí koeficient nulový, rovnice je lineární nebo dokonce identicky nulová; tyto případy je třeba krátce oddělit a ověřit existenci řešení přímo.","The perpendicular-vector construction and resulting polynomial equation are correct, but the argument calls it a quadratic with nonnegative/positive discriminant without treating the case where its leading coefficient vanishes (including the identically zero case)."
"du02_2","3254","4","true","Řešení je úplné. Správně konstruujete bázi, která zůstává ortonormální ve standardním skalárním součinu, a dokazujete existenci volby, pro niž jsou její vektory kolmé i ve skalárním součinu daném maticí A. Potřebné případy jsou pokryty.","The solution correctly constructs a rotated standard orthonormal basis and proves that its A-inner product vanishes for some angle, with all necessary exceptional cases (or an equivalent complete argument) handled."
"du02_2","3256","3","false","Výpočet skalárního součinu otočených vektorů je v zásadě správný. V závěru ale dělíte koeficientem nebo goniometrickým výrazem, který může být nulový, a příslušný zvláštní případ chybí. Rozdělte důkaz podle toho, zda je tento dělitel nulový, a v nulovém případě ověřte existenci úhlu přímo v původní rovnici.","The rotation computation is essentially correct, but the existence argument divides by a matrix coefficient or a trigonometric factor without handling the case in which that divisor is zero. Thus the claim is not proved for every positive-definite A."
"du02_2","3259","4","true","Řešení je úplné. Správně konstruujete bázi, která zůstává ortonormální ve standardním skalárním součinu, a dokazujete existenci volby, pro niž jsou její vektory kolmé i ve skalárním součinu daném maticí A. Potřebné případy jsou pokryty.","The solution correctly constructs a rotated standard orthonormal basis and proves that its A-inner product vanishes for some angle, with all necessary exceptional cases (or an equivalent complete argument) handled."
"du02_2","3260","4","true","Řešení je úplné. Správně konstruujete bázi, která zůstává ortonormální ve standardním skalárním součinu, a dokazujete existenci volby, pro niž jsou její vektory kolmé i ve skalárním součinu daném maticí A. Potřebné případy jsou pokryty.","The solution correctly constructs a rotated standard orthonormal basis and proves that its A-inner product vanishes for some angle, with all necessary exceptional cases (or an equivalent complete argument) handled."
"du02_2","3261","3","false","Výpočet skalárního součinu otočených vektorů je v zásadě správný. V závěru ale dělíte koeficientem nebo goniometrickým výrazem, který může být nulový, a příslušný zvláštní případ chybí. Rozdělte důkaz podle toho, zda je tento dělitel nulový, a v nulovém případě ověřte existenci úhlu přímo v původní rovnici.","The rotation computation is essentially correct, but the existence argument divides by a matrix coefficient or a trigonometric factor without handling the case in which that divisor is zero. Thus the claim is not proved for every positive-definite A."
"du02_2","3264","3","false","Výpočet skalárního součinu otočených vektorů je v zásadě správný. V závěru ale dělíte koeficientem nebo goniometrickým výrazem, který může být nulový, a příslušný zvláštní případ chybí. Rozdělte důkaz podle toho, zda je tento dělitel nulový, a v nulovém případě ověřte existenci úhlu přímo v původní rovnici.","The rotation computation is essentially correct, but the existence argument divides by a matrix coefficient or a trigonometric factor without handling the case in which that divisor is zero. Thus the claim is not proved for every positive-definite A."
"du02_2","3265","3","false","Výpočet skalárního součinu otočených vektorů je v zásadě správný. V závěru ale dělíte koeficientem nebo goniometrickým výrazem, který může být nulový, a příslušný zvláštní případ chybí. Rozdělte důkaz podle toho, zda je tento dělitel nulový, a v nulovém případě ověřte existenci úhlu přímo v původní rovnici.","The rotation computation is essentially correct, but the existence argument divides by a matrix coefficient or a trigonometric factor without handling the case in which that divisor is zero. Thus the claim is not proved for every positive-definite A."
"du02_2","3266","3","false","Výpočet skalárního součinu otočených vektorů je v zásadě správný. V závěru ale dělíte koeficientem nebo goniometrickým výrazem, který může být nulový, a příslušný zvláštní případ chybí. Rozdělte důkaz podle toho, zda je tento dělitel nulový, a v nulovém případě ověřte existenci úhlu přímo v původní rovnici.","The rotation computation is essentially correct, but the existence argument divides by a matrix coefficient or a trigonometric factor without handling the case in which that divisor is zero. Thus the claim is not proved for every positive-definite A."
"du02_2","3268","4","true","Řešení je úplné. Správně konstruujete bázi, která zůstává ortonormální ve standardním skalárním součinu, a dokazujete existenci volby, pro niž jsou její vektory kolmé i ve skalárním součinu daném maticí A. Potřebné případy jsou pokryty.","The solution correctly constructs a rotated standard orthonormal basis and proves that its A-inner product vanishes for some angle, with all necessary exceptional cases (or an equivalent complete argument) handled."
"du02_2","3269","4","true","Řešení je úplné. Správně konstruujete bázi, která zůstává ortonormální ve standardním skalárním součinu, a dokazujete existenci volby, pro niž jsou její vektory kolmé i ve skalárním součinu daném maticí A. Potřebné případy jsou pokryty.","The solution correctly constructs a rotated standard orthonormal basis and proves that its A-inner product vanishes for some angle, with all necessary exceptional cases (or an equivalent complete argument) handled."
"du02_2","3271","4","true","Řešení je úplné. Správně konstruujete bázi, která zůstává ortonormální ve standardním skalárním součinu, a dokazujete existenci volby, pro niž jsou její vektory kolmé i ve skalárním součinu daném maticí A. Potřebné případy jsou pokryty.","The solution correctly constructs a rotated standard orthonormal basis and proves that its A-inner product vanishes for some angle, with all necessary exceptional cases (or an equivalent complete argument) handled."
"du02_2","3273","4","true","Řešení je úplné. Správně konstruujete bázi, která zůstává ortonormální ve standardním skalárním součinu, a dokazujete existenci volby, pro niž jsou její vektory kolmé i ve skalárním součinu daném maticí A. Potřebné případy jsou pokryty.","The solution correctly constructs a rotated standard orthonormal basis and proves that its A-inner product vanishes for some angle, with all necessary exceptional cases (or an equivalent complete argument) handled."
"du02_2","3275","4","true","Řešení je úplné. Správně konstruujete bázi, která zůstává ortonormální ve standardním skalárním součinu, a dokazujete existenci volby, pro niž jsou její vektory kolmé i ve skalárním součinu daném maticí A. Potřebné případy jsou pokryty.","The solution correctly constructs a rotated standard orthonormal basis and proves that its A-inner product vanishes for some angle, with all necessary exceptional cases (or an equivalent complete argument) handled."
"du02_2","3277","4","true","Řešení je úplné. Správně konstruujete bázi, která zůstává ortonormální ve standardním skalárním součinu, a dokazujete existenci volby, pro niž jsou její vektory kolmé i ve skalárním součinu daném maticí A. Potřebné případy jsou pokryty.","The solution correctly constructs a rotated standard orthonormal basis and proves that its A-inner product vanishes for some angle, with all necessary exceptional cases (or an equivalent complete argument) handled."
"du02_2","3281","4","true","Řešení je úplné. Správně konstruujete bázi, která zůstává ortonormální ve standardním skalárním součinu, a dokazujete existenci volby, pro niž jsou její vektory kolmé i ve skalárním součinu daném maticí A. Potřebné případy jsou pokryty.","The solution correctly constructs a rotated standard orthonormal basis and proves that its A-inner product vanishes for some angle, with all necessary exceptional cases (or an equivalent complete argument) handled."
"du02_2","3283","4","true","Řešení je úplné. Správně konstruujete bázi, která zůstává ortonormální ve standardním skalárním součinu, a dokazujete existenci volby, pro niž jsou její vektory kolmé i ve skalárním součinu daném maticí A. Potřebné případy jsou pokryty.","The solution correctly constructs a rotated standard orthonormal basis and proves that its A-inner product vanishes for some angle, with all necessary exceptional cases (or an equivalent complete argument) handled."
"du02_2","3294","4","true","Řešení je úplné. Správně konstruujete bázi, která zůstává ortonormální ve standardním skalárním součinu, a dokazujete existenci volby, pro niž jsou její vektory kolmé i ve skalárním součinu daném maticí A. Potřebné případy jsou pokryty.","The solution correctly constructs a rotated standard orthonormal basis and proves that its A-inner product vanishes for some angle, with all necessary exceptional cases (or an equivalent complete argument) handled."
"du02_2","3295","3","false","Výpočet skalárního součinu otočených vektorů je v zásadě správný. V závěru ale dělíte koeficientem nebo goniometrickým výrazem, který může být nulový, a příslušný zvláštní případ chybí. Rozdělte důkaz podle toho, zda je tento dělitel nulový, a v nulovém případě ověřte existenci úhlu přímo v původní rovnici.","The rotation computation is essentially correct, but the existence argument divides by a matrix coefficient or a trigonometric factor without handling the case in which that divisor is zero. Thus the claim is not proved for every positive-definite A."
"du02_2","3298","4","true","Řešení je úplné. Správně konstruujete bázi, která zůstává ortonormální ve standardním skalárním součinu, a dokazujete existenci volby, pro niž jsou její vektory kolmé i ve skalárním součinu daném maticí A. Potřebné případy jsou pokryty.","The solution correctly constructs a rotated standard orthonormal basis and proves that its A-inner product vanishes for some angle, with all necessary exceptional cases (or an equivalent complete argument) handled."
"du02_2","3299","4","true","Řešení je úplné. Správně konstruujete bázi, která zůstává ortonormální ve standardním skalárním součinu, a dokazujete existenci volby, pro niž jsou její vektory kolmé i ve skalárním součinu daném maticí A. Potřebné případy jsou pokryty.","The solution correctly constructs a rotated standard orthonormal basis and proves that its A-inner product vanishes for some angle, with all necessary exceptional cases (or an equivalent complete argument) handled."
"du02_2","3305","2.5","false","Rovnici tan(2φ)=2b/(a−c) odvozujete správně. Při jejím řešení však chybí faktor 1/2 před arctan a je uvedena nesprávná perioda; navíc vzorec nepokrývá případ a=c. Upravte řešení rovnice pro dvojnásobný úhel a zvlášť ošetřete nulový jmenovatel.","The off-diagonal rotation formula is correct, but the solution of tan(2φ)=2b/(a−c) drops the factor 1/2 in front of arctan and uses the wrong period; it also omits a=c. The displayed angles therefore do not generally solve the equation."
"du02_2","3316","4","true","Řešení je úplné. Správně konstruujete bázi, která zůstává ortonormální ve standardním skalárním součinu, a dokazujete existenci volby, pro niž jsou její vektory kolmé i ve skalárním součinu daném maticí A. Potřebné případy jsou pokryty.","The solution correctly constructs a rotated standard orthonormal basis and proves that its A-inner product vanishes for some angle, with all necessary exceptional cases (or an equivalent complete argument) handled."
"du02_2","3317","4","true","Řešení je úplné. Správně konstruujete bázi, která zůstává ortonormální ve standardním skalárním součinu, a dokazujete existenci volby, pro niž jsou její vektory kolmé i ve skalárním součinu daném maticí A. Potřebné případy jsou pokryty.","The solution correctly constructs a rotated standard orthonormal basis and proves that its A-inner product vanishes for some angle, with all necessary exceptional cases (or an equivalent complete argument) handled."
"du02_2","3326","3","false","Výpočet skalárního součinu otočených vektorů je v zásadě správný. V závěru ale dělíte koeficientem nebo goniometrickým výrazem, který může být nulový, a příslušný zvláštní případ chybí. Rozdělte důkaz podle toho, zda je tento dělitel nulový, a v nulovém případě ověřte existenci úhlu přímo v původní rovnici.","The rotation computation is essentially correct, but the existence argument divides by a matrix coefficient or a trigonometric factor without handling the case in which that divisor is zero. Thus the claim is not proved for every positive-definite A."
"du02_2","3329","4","true","Řešení je úplné. Správně konstruujete bázi, která zůstává ortonormální ve standardním skalárním součinu, a dokazujete existenci volby, pro niž jsou její vektory kolmé i ve skalárním součinu daném maticí A. Potřebné případy jsou pokryty.","The solution correctly constructs a rotated standard orthonormal basis and proves that its A-inner product vanishes for some angle, with all necessary exceptional cases (or an equivalent complete argument) handled."
"du02_2","3332","4","true","Řešení je úplné. Správně konstruujete bázi, která zůstává ortonormální ve standardním skalárním součinu, a dokazujete existenci volby, pro niž jsou její vektory kolmé i ve skalárním součinu daném maticí A. Potřebné případy jsou pokryty.","The solution correctly constructs a rotated standard orthonormal basis and proves that its A-inner product vanishes for some angle, with all necessary exceptional cases (or an equivalent complete argument) handled."
"du02_2","3339","4","true","Řešení je úplné. Správně konstruujete bázi, která zůstává ortonormální ve standardním skalárním součinu, a dokazujete existenci volby, pro niž jsou její vektory kolmé i ve skalárním součinu daném maticí A. Potřebné případy jsou pokryty.","The solution correctly constructs a rotated standard orthonormal basis and proves that its A-inner product vanishes for some angle, with all necessary exceptional cases (or an equivalent complete argument) handled."
"du02_2","3340","3","false","Výpočet skalárního součinu otočených vektorů je v zásadě správný. V závěru ale dělíte koeficientem nebo goniometrickým výrazem, který může být nulový, a příslušný zvláštní případ chybí. Rozdělte důkaz podle toho, zda je tento dělitel nulový, a v nulovém případě ověřte existenci úhlu přímo v původní rovnici.","The rotation computation is essentially correct, but the existence argument divides by a matrix coefficient or a trigonometric factor without handling the case in which that divisor is zero. Thus the claim is not proved for every positive-definite A."
"du02_2","3345","4","true","Řešení je úplné. Správně konstruujete bázi, která zůstává ortonormální ve standardním skalárním součinu, a dokazujete existenci volby, pro niž jsou její vektory kolmé i ve skalárním součinu daném maticí A. Potřebné případy jsou pokryty.","The solution correctly constructs a rotated standard orthonormal basis and proves that its A-inner product vanishes for some angle, with all necessary exceptional cases (or an equivalent complete argument) handled."
"du02_2","3346","4","true","Řešení je úplné. Správně konstruujete bázi, která zůstává ortonormální ve standardním skalárním součinu, a dokazujete existenci volby, pro niž jsou její vektory kolmé i ve skalárním součinu daném maticí A. Potřebné případy jsou pokryty.","The solution correctly constructs a rotated standard orthonormal basis and proves that its A-inner product vanishes for some angle, with all necessary exceptional cases (or an equivalent complete argument) handled."
"du02_2","3347","4","true","Řešení je úplné. Správně konstruujete bázi, která zůstává ortonormální ve standardním skalárním součinu, a dokazujete existenci volby, pro niž jsou její vektory kolmé i ve skalárním součinu daném maticí A. Potřebné případy jsou pokryty.","The solution correctly constructs a rotated standard orthonormal basis and proves that its A-inner product vanishes for some angle, with all necessary exceptional cases (or an equivalent complete argument) handled."
"du02_2","3349","2","false","Volba otočené báze a definice spojité funkce jsou dobrým začátkem. Klíčové tvrzení, že funkce přechází z kladných hodnot do záporných, však pouze uvádíte bez výpočtu. Je nutné spočítat její hodnoty ve dvou konkrétních polohách otočené báze a ukázat, že jsou opačné (případně jedna je nulová); teprve potom lze použít větu o mezihodnotě.","The response defines the right continuous function along a rotated basis, but merely asserts that it changes sign. No endpoint computation or other proof of the sign change is supplied, so the central existence claim is unproved."
"du02_2","3350","4","true","Řešení je úplné. Správně konstruujete bázi, která zůstává ortonormální ve standardním skalárním součinu, a dokazujete existenci volby, pro niž jsou její vektory kolmé i ve skalárním součinu daném maticí A. Potřebné případy jsou pokryty.","The solution correctly constructs a rotated standard orthonormal basis and proves that its A-inner product vanishes for some angle, with all necessary exceptional cases (or an equivalent complete argument) handled."
"du02_2","3407","4","true","Řešení je úplné. Správně konstruujete bázi, která zůstává ortonormální ve standardním skalárním součinu, a dokazujete existenci volby, pro niž jsou její vektory kolmé i ve skalárním součinu daném maticí A. Potřebné případy jsou pokryty.","The solution correctly constructs a rotated standard orthonormal basis and proves that its A-inner product vanishes for some angle, with all necessary exceptional cases (or an equivalent complete argument) handled."
"du03_1","534","4","true","Správně dokazujete oba směry. Ortogonální zobrazení zachovává skalární součin, takže se shodují všechny prvky Gramových matic; v opačném směru je zobrazení určené předpisem u_i ↦ v_i a z rovnosti Gramových matic správně plyne jeho ortogonalita. Řešení je úplné.","The response correctly proves both implications: orthogonal maps preserve all Gram-matrix entries, and equality of the Gram matrices yields the basis map Q = VU^{-1} (or an equivalent construction), which is shown to preserve the inner product or satisfy Q^TQ = I."
"du03_1","1500","4","true","Správně dokazujete oba směry. Ortogonální zobrazení zachovává skalární součin, takže se shodují všechny prvky Gramových matic; v opačném směru je zobrazení určené předpisem u_i ↦ v_i a z rovnosti Gramových matic správně plyne jeho ortogonalita. Řešení je úplné.","The response correctly proves both implications: orthogonal maps preserve all Gram-matrix entries, and equality of the Gram matrices yields the basis map Q = VU^{-1} (or an equivalent construction), which is shown to preserve the inner product or satisfy Q^TQ = I."
"du03_1","1927","3.5","false","Směr (a) ⇒ (b) je správně. V opačném směru ale jako Q zapisujete (U^T)^{-1}V^T=(VU^{-1})^T, zatímco podmínku Qu_i=v_i splňuje VU^{-1}. Pro zvolenou matici tedy není tvrzená zobrazovací vlastnost doložena, i když její ortogonalitu počítáte správně.","The forward implication is correct, and the reverse direction constructs an orthogonal matrix from the Gram equality. However, the displayed matrix is (VU^{-1})^T, while the matrix that maps every u_i to v_i is VU^{-1}; the claimed mapping property is therefore not established for the matrix actually denoted by Q."
"du03_1","2125","4","true","Správně dokazujete oba směry. Ortogonální zobrazení zachovává skalární součin, takže se shodují všechny prvky Gramových matic; v opačném směru je zobrazení určené předpisem u_i ↦ v_i a z rovnosti Gramových matic správně plyne jeho ortogonalita. Řešení je úplné.","The response correctly proves both implications: orthogonal maps preserve all Gram-matrix entries, and equality of the Gram matrices yields the basis map Q = VU^{-1} (or an equivalent construction), which is shown to preserve the inner product or satisfy Q^TQ = I."
"du03_1","2182","4","true","Správně dokazujete oba směry. Ortogonální zobrazení zachovává skalární součin, takže se shodují všechny prvky Gramových matic; v opačném směru je zobrazení určené předpisem u_i ↦ v_i a z rovnosti Gramových matic správně plyne jeho ortogonalita. Řešení je úplné.","The response correctly proves both implications: orthogonal maps preserve all Gram-matrix entries, and equality of the Gram matrices yields the basis map Q = VU^{-1} (or an equivalent construction), which is shown to preserve the inner product or satisfy Q^TQ = I."
"du03_1","2377","4","true","Správně dokazujete oba směry. Ortogonální zobrazení zachovává skalární součin, takže se shodují všechny prvky Gramových matic; v opačném směru je zobrazení určené předpisem u_i ↦ v_i a z rovnosti Gramových matic správně plyne jeho ortogonalita. Řešení je úplné.","The response correctly proves both implications: orthogonal maps preserve all Gram-matrix entries, and equality of the Gram matrices yields the basis map Q = VU^{-1} (or an equivalent construction), which is shown to preserve the inner product or satisfy Q^TQ = I."
"du03_1","2398","4","true","Správně dokazujete oba směry. Ortogonální zobrazení zachovává skalární součin, takže se shodují všechny prvky Gramových matic; v opačném směru je zobrazení určené předpisem u_i ↦ v_i a z rovnosti Gramových matic správně plyne jeho ortogonalita. Řešení je úplné.","The response correctly proves both implications: orthogonal maps preserve all Gram-matrix entries, and equality of the Gram matrices yields the basis map Q = VU^{-1} (or an equivalent construction), which is shown to preserve the inner product or satisfy Q^TQ = I."
"du03_1","2401","4","true","Správně dokazujete oba směry. Ortogonální zobrazení zachovává skalární součin, takže se shodují všechny prvky Gramových matic; v opačném směru je zobrazení určené předpisem u_i ↦ v_i a z rovnosti Gramových matic správně plyne jeho ortogonalita. Řešení je úplné.","The response correctly proves both implications: orthogonal maps preserve all Gram-matrix entries, and equality of the Gram matrices yields the basis map Q = VU^{-1} (or an equivalent construction), which is shown to preserve the inner product or satisfy Q^TQ = I."
"du03_1","2430","4","true","Správně dokazujete oba směry. Ortogonální zobrazení zachovává skalární součin, takže se shodují všechny prvky Gramových matic; v opačném směru je zobrazení určené předpisem u_i ↦ v_i a z rovnosti Gramových matic správně plyne jeho ortogonalita. Řešení je úplné.","The response correctly proves both implications: orthogonal maps preserve all Gram-matrix entries, and equality of the Gram matrices yields the basis map Q = VU^{-1} (or an equivalent construction), which is shown to preserve the inner product or satisfy Q^TQ = I."
"du03_1","2464","4","true","Správně dokazujete oba směry. Ortogonální zobrazení zachovává skalární součin, takže se shodují všechny prvky Gramových matic; v opačném směru je zobrazení určené předpisem u_i ↦ v_i a z rovnosti Gramových matic správně plyne jeho ortogonalita. Řešení je úplné.","The response correctly proves both implications: orthogonal maps preserve all Gram-matrix entries, and equality of the Gram matrices yields the basis map Q = VU^{-1} (or an equivalent construction), which is shown to preserve the inner product or satisfy Q^TQ = I."
"du03_1","2492","4","true","Správně dokazujete oba směry. Ortogonální zobrazení zachovává skalární součin, takže se shodují všechny prvky Gramových matic; v opačném směru je zobrazení určené předpisem u_i ↦ v_i a z rovnosti Gramových matic správně plyne jeho ortogonalita. Řešení je úplné.","The response correctly proves both implications: orthogonal maps preserve all Gram-matrix entries, and equality of the Gram matrices yields the basis map Q = VU^{-1} (or an equivalent construction), which is shown to preserve the inner product or satisfy Q^TQ = I."
"du03_1","2562","4","true","Správně dokazujete oba směry. Ortogonální zobrazení zachovává skalární součin, takže se shodují všechny prvky Gramových matic; v opačném směru je zobrazení určené předpisem u_i ↦ v_i a z rovnosti Gramových matic správně plyne jeho ortogonalita. Řešení je úplné.","The response correctly proves both implications: orthogonal maps preserve all Gram-matrix entries, and equality of the Gram matrices yields the basis map Q = VU^{-1} (or an equivalent construction), which is shown to preserve the inner product or satisfy Q^TQ = I."
"du03_1","2743","4","true","Správně dokazujete oba směry. Ortogonální zobrazení zachovává skalární součin, takže se shodují všechny prvky Gramových matic; v opačném směru je zobrazení určené předpisem u_i ↦ v_i a z rovnosti Gramových matic správně plyne jeho ortogonalita. Řešení je úplné.","The response correctly proves both implications: orthogonal maps preserve all Gram-matrix entries, and equality of the Gram matrices yields the basis map Q = VU^{-1} (or an equivalent construction), which is shown to preserve the inner product or satisfy Q^TQ = I."
"du03_1","2760","4","true","Správně dokazujete oba směry. Ortogonální zobrazení zachovává skalární součin, takže se shodují všechny prvky Gramových matic; v opačném směru je zobrazení určené předpisem u_i ↦ v_i a z rovnosti Gramových matic správně plyne jeho ortogonalita. Řešení je úplné.","The response correctly proves both implications: orthogonal maps preserve all Gram-matrix entries, and equality of the Gram matrices yields the basis map Q = VU^{-1} (or an equivalent construction), which is shown to preserve the inner product or satisfy Q^TQ = I."
"du03_1","2764","4","true","Správně dokazujete oba směry. Ortogonální zobrazení zachovává skalární součin, takže se shodují všechny prvky Gramových matic; v opačném směru je zobrazení určené předpisem u_i ↦ v_i a z rovnosti Gramových matic správně plyne jeho ortogonalita. Řešení je úplné.","The response correctly proves both implications: orthogonal maps preserve all Gram-matrix entries, and equality of the Gram matrices yields the basis map Q = VU^{-1} (or an equivalent construction), which is shown to preserve the inner product or satisfy Q^TQ = I."
"du03_1","2766","4","true","Správně dokazujete oba směry. Ortogonální zobrazení zachovává skalární součin, takže se shodují všechny prvky Gramových matic; v opačném směru je zobrazení určené předpisem u_i ↦ v_i a z rovnosti Gramových matic správně plyne jeho ortogonalita. Řešení je úplné.","The response correctly proves both implications: orthogonal maps preserve all Gram-matrix entries, and equality of the Gram matrices yields the basis map Q = VU^{-1} (or an equivalent construction), which is shown to preserve the inner product or satisfy Q^TQ = I."
"du03_1","2771","4","true","Správně dokazujete oba směry. Ortogonální zobrazení zachovává skalární součin, takže se shodují všechny prvky Gramových matic; v opačném směru je zobrazení určené předpisem u_i ↦ v_i a z rovnosti Gramových matic správně plyne jeho ortogonalita. Řešení je úplné.","The response correctly proves both implications: orthogonal maps preserve all Gram-matrix entries, and equality of the Gram matrices yields the basis map Q = VU^{-1} (or an equivalent construction), which is shown to preserve the inner product or satisfy Q^TQ = I."
"du03_1","2815","3.5","false","Oba směry máte téměř správně. V závěru však neplatí uvedené zdůvodnění, že nenulová matice A musí dát nenulovou hodnotu už pro některý pár se stejnými vektory; například nenulová antisymetrická matice má x^TAx=0 pro každé x. Rozhodující je, že u_i^TAu_j=0 pro všechny uspořádané dvojice bázových vektorů.","Both main constructions are present, but the justification of the final step is flawed: from a nonzero matrix A it does not follow that some diagonal value u_i^T A u_i is nonzero (a nonzero skew-symmetric matrix is a counterexample). The conclusion follows from vanishing on all ordered basis pairs, not from the stated alternatives."
"du03_1","2826","4","true","Správně dokazujete oba směry. Ortogonální zobrazení zachovává skalární součin, takže se shodují všechny prvky Gramových matic; v opačném směru je zobrazení určené předpisem u_i ↦ v_i a z rovnosti Gramových matic správně plyne jeho ortogonalita. Řešení je úplné.","The response correctly proves both implications: orthogonal maps preserve all Gram-matrix entries, and equality of the Gram matrices yields the basis map Q = VU^{-1} (or an equivalent construction), which is shown to preserve the inner product or satisfy Q^TQ = I."
"du03_1","2847","4","true","Správně dokazujete oba směry. Ortogonální zobrazení zachovává skalární součin, takže se shodují všechny prvky Gramových matic; v opačném směru je zobrazení určené předpisem u_i ↦ v_i a z rovnosti Gramových matic správně plyne jeho ortogonalita. Řešení je úplné.","The response correctly proves both implications: orthogonal maps preserve all Gram-matrix entries, and equality of the Gram matrices yields the basis map Q = VU^{-1} (or an equivalent construction), which is shown to preserve the inner product or satisfy Q^TQ = I."
"du03_1","2857","4","true","Správně dokazujete oba směry. Ortogonální zobrazení zachovává skalární součin, takže se shodují všechny prvky Gramových matic; v opačném směru je zobrazení určené předpisem u_i ↦ v_i a z rovnosti Gramových matic správně plyne jeho ortogonalita. Řešení je úplné.","The response correctly proves both implications: orthogonal maps preserve all Gram-matrix entries, and equality of the Gram matrices yields the basis map Q = VU^{-1} (or an equivalent construction), which is shown to preserve the inner product or satisfy Q^TQ = I."
"du03_1","2858","3.5","false","Konstrukce zobrazení i rovnosti skalárních součinů pro všechny dvojice bázových vektorů jsou správné. Chybí však odůvodnění přechodu k Q^TQ=I: je třeba výslovně využít, že u_i tvoří bázi, případně rozšířit rovnost bilineárně na libovolné vektory.","The basis map is constructed and equality of inner products is obtained for every basis pair, but the response then asserts Q^TQ=I without explaining why equality on basis pairs forces this matrix identity (or extending the equality bilinearly to arbitrary vectors)."
"du03_1","2860","4","true","Správně dokazujete oba směry. Ortogonální zobrazení zachovává skalární součin, takže se shodují všechny prvky Gramových matic; v opačném směru je zobrazení určené předpisem u_i ↦ v_i a z rovnosti Gramových matic správně plyne jeho ortogonalita. Řešení je úplné.","The response correctly proves both implications: orthogonal maps preserve all Gram-matrix entries, and equality of the Gram matrices yields the basis map Q = VU^{-1} (or an equivalent construction), which is shown to preserve the inner product or satisfy Q^TQ = I."
"du03_1","2864","4","true","Správně dokazujete oba směry. Ortogonální zobrazení zachovává skalární součin, takže se shodují všechny prvky Gramových matic; v opačném směru je zobrazení určené předpisem u_i ↦ v_i a z rovnosti Gramových matic správně plyne jeho ortogonalita. Řešení je úplné.","The response correctly proves both implications: orthogonal maps preserve all Gram-matrix entries, and equality of the Gram matrices yields the basis map Q = VU^{-1} (or an equivalent construction), which is shown to preserve the inner product or satisfy Q^TQ = I."
"du03_1","2865","4","true","Správně dokazujete oba směry. Ortogonální zobrazení zachovává skalární součin, takže se shodují všechny prvky Gramových matic; v opačném směru je zobrazení určené předpisem u_i ↦ v_i a z rovnosti Gramových matic správně plyne jeho ortogonalita. Řešení je úplné.","The response correctly proves both implications: orthogonal maps preserve all Gram-matrix entries, and equality of the Gram matrices yields the basis map Q = VU^{-1} (or an equivalent construction), which is shown to preserve the inner product or satisfy Q^TQ = I."
"du03_1","2868","4","true","Správně dokazujete oba směry. Ortogonální zobrazení zachovává skalární součin, takže se shodují všechny prvky Gramových matic; v opačném směru je zobrazení určené předpisem u_i ↦ v_i a z rovnosti Gramových matic správně plyne jeho ortogonalita. Řešení je úplné.","The response correctly proves both implications: orthogonal maps preserve all Gram-matrix entries, and equality of the Gram matrices yields the basis map Q = VU^{-1} (or an equivalent construction), which is shown to preserve the inner product or satisfy Q^TQ = I."
"du03_1","2869","4","true","Správně dokazujete oba směry. Ortogonální zobrazení zachovává skalární součin, takže se shodují všechny prvky Gramových matic; v opačném směru je zobrazení určené předpisem u_i ↦ v_i a z rovnosti Gramových matic správně plyne jeho ortogonalita. Řešení je úplné.","The response correctly proves both implications: orthogonal maps preserve all Gram-matrix entries, and equality of the Gram matrices yields the basis map Q = VU^{-1} (or an equivalent construction), which is shown to preserve the inner product or satisfy Q^TQ = I."
"du03_1","2874","4","true","Správně dokazujete oba směry. Ortogonální zobrazení zachovává skalární součin, takže se shodují všechny prvky Gramových matic; v opačném směru je zobrazení určené předpisem u_i ↦ v_i a z rovnosti Gramových matic správně plyne jeho ortogonalita. Řešení je úplné.","The response correctly proves both implications: orthogonal maps preserve all Gram-matrix entries, and equality of the Gram matrices yields the basis map Q = VU^{-1} (or an equivalent construction), which is shown to preserve the inner product or satisfy Q^TQ = I."
"du03_1","2876","4","true","Správně dokazujete oba směry. Ortogonální zobrazení zachovává skalární součin, takže se shodují všechny prvky Gramových matic; v opačném směru je zobrazení určené předpisem u_i ↦ v_i a z rovnosti Gramových matic správně plyne jeho ortogonalita. Řešení je úplné.","The response correctly proves both implications: orthogonal maps preserve all Gram-matrix entries, and equality of the Gram matrices yields the basis map Q = VU^{-1} (or an equivalent construction), which is shown to preserve the inner product or satisfy Q^TQ = I."
"du03_1","2878","4","true","Správně dokazujete oba směry. Ortogonální zobrazení zachovává skalární součin, takže se shodují všechny prvky Gramových matic; v opačném směru je zobrazení určené předpisem u_i ↦ v_i a z rovnosti Gramových matic správně plyne jeho ortogonalita. Řešení je úplné.","The response correctly proves both implications: orthogonal maps preserve all Gram-matrix entries, and equality of the Gram matrices yields the basis map Q = VU^{-1} (or an equivalent construction), which is shown to preserve the inner product or satisfy Q^TQ = I."
"du03_1","2887","4","true","Správně dokazujete oba směry. Ortogonální zobrazení zachovává skalární součin, takže se shodují všechny prvky Gramových matic; v opačném směru je zobrazení určené předpisem u_i ↦ v_i a z rovnosti Gramových matic správně plyne jeho ortogonalita. Řešení je úplné.","The response correctly proves both implications: orthogonal maps preserve all Gram-matrix entries, and equality of the Gram matrices yields the basis map Q = VU^{-1} (or an equivalent construction), which is shown to preserve the inner product or satisfy Q^TQ = I."
"du03_1","2888","4","true","Správně dokazujete oba směry. Ortogonální zobrazení zachovává skalární součin, takže se shodují všechny prvky Gramových matic; v opačném směru je zobrazení určené předpisem u_i ↦ v_i a z rovnosti Gramových matic správně plyne jeho ortogonalita. Řešení je úplné.","The response correctly proves both implications: orthogonal maps preserve all Gram-matrix entries, and equality of the Gram matrices yields the basis map Q = VU^{-1} (or an equivalent construction), which is shown to preserve the inner product or satisfy Q^TQ = I."
"du03_1","2892","4","true","Správně dokazujete oba směry. Ortogonální zobrazení zachovává skalární součin, takže se shodují všechny prvky Gramových matic; v opačném směru je zobrazení určené předpisem u_i ↦ v_i a z rovnosti Gramových matic správně plyne jeho ortogonalita. Řešení je úplné.","The response correctly proves both implications: orthogonal maps preserve all Gram-matrix entries, and equality of the Gram matrices yields the basis map Q = VU^{-1} (or an equivalent construction), which is shown to preserve the inner product or satisfy Q^TQ = I."
"du03_1","2900","4","true","Správně dokazujete oba směry. Ortogonální zobrazení zachovává skalární součin, takže se shodují všechny prvky Gramových matic; v opačném směru je zobrazení určené předpisem u_i ↦ v_i a z rovnosti Gramových matic správně plyne jeho ortogonalita. Řešení je úplné.","The response correctly proves both implications: orthogonal maps preserve all Gram-matrix entries, and equality of the Gram matrices yields the basis map Q = VU^{-1} (or an equivalent construction), which is shown to preserve the inner product or satisfy Q^TQ = I."
"du03_1","2901","4","true","Správně dokazujete oba směry. Ortogonální zobrazení zachovává skalární součin, takže se shodují všechny prvky Gramových matic; v opačném směru je zobrazení určené předpisem u_i ↦ v_i a z rovnosti Gramových matic správně plyne jeho ortogonalita. Řešení je úplné.","The response correctly proves both implications: orthogonal maps preserve all Gram-matrix entries, and equality of the Gram matrices yields the basis map Q = VU^{-1} (or an equivalent construction), which is shown to preserve the inner product or satisfy Q^TQ = I."
"du03_1","2903","4","true","Správně dokazujete oba směry. Ortogonální zobrazení zachovává skalární součin, takže se shodují všechny prvky Gramových matic; v opačném směru je zobrazení určené předpisem u_i ↦ v_i a z rovnosti Gramových matic správně plyne jeho ortogonalita. Řešení je úplné.","The response correctly proves both implications: orthogonal maps preserve all Gram-matrix entries, and equality of the Gram matrices yields the basis map Q = VU^{-1} (or an equivalent construction), which is shown to preserve the inner product or satisfy Q^TQ = I."
"du03_1","2917","4","true","Správně dokazujete oba směry. Ortogonální zobrazení zachovává skalární součin, takže se shodují všechny prvky Gramových matic; v opačném směru je zobrazení určené předpisem u_i ↦ v_i a z rovnosti Gramových matic správně plyne jeho ortogonalita. Řešení je úplné.","The response correctly proves both implications: orthogonal maps preserve all Gram-matrix entries, and equality of the Gram matrices yields the basis map Q = VU^{-1} (or an equivalent construction), which is shown to preserve the inner product or satisfy Q^TQ = I."
"du03_1","2918","4","true","Správně dokazujete oba směry. Ortogonální zobrazení zachovává skalární součin, takže se shodují všechny prvky Gramových matic; v opačném směru je zobrazení určené předpisem u_i ↦ v_i a z rovnosti Gramových matic správně plyne jeho ortogonalita. Řešení je úplné.","The response correctly proves both implications: orthogonal maps preserve all Gram-matrix entries, and equality of the Gram matrices yields the basis map Q = VU^{-1} (or an equivalent construction), which is shown to preserve the inner product or satisfy Q^TQ = I."
"du03_1","2922","4","true","Správně dokazujete oba směry. Ortogonální zobrazení zachovává skalární součin, takže se shodují všechny prvky Gramových matic; v opačném směru je zobrazení určené předpisem u_i ↦ v_i a z rovnosti Gramových matic správně plyne jeho ortogonalita. Řešení je úplné.","The response correctly proves both implications: orthogonal maps preserve all Gram-matrix entries, and equality of the Gram matrices yields the basis map Q = VU^{-1} (or an equivalent construction), which is shown to preserve the inner product or satisfy Q^TQ = I."
"du03_1","2932","4","true","Správně dokazujete oba směry. Ortogonální zobrazení zachovává skalární součin, takže se shodují všechny prvky Gramových matic; v opačném směru je zobrazení určené předpisem u_i ↦ v_i a z rovnosti Gramových matic správně plyne jeho ortogonalita. Řešení je úplné.","The response correctly proves both implications: orthogonal maps preserve all Gram-matrix entries, and equality of the Gram matrices yields the basis map Q = VU^{-1} (or an equivalent construction), which is shown to preserve the inner product or satisfy Q^TQ = I."
"du03_1","2935","4","true","Správně dokazujete oba směry. Ortogonální zobrazení zachovává skalární součin, takže se shodují všechny prvky Gramových matic; v opačném směru je zobrazení určené předpisem u_i ↦ v_i a z rovnosti Gramových matic správně plyne jeho ortogonalita. Řešení je úplné.","The response correctly proves both implications: orthogonal maps preserve all Gram-matrix entries, and equality of the Gram matrices yields the basis map Q = VU^{-1} (or an equivalent construction), which is shown to preserve the inner product or satisfy Q^TQ = I."
"du03_1","2937","4","true","Správně dokazujete oba směry. Ortogonální zobrazení zachovává skalární součin, takže se shodují všechny prvky Gramových matic; v opačném směru je zobrazení určené předpisem u_i ↦ v_i a z rovnosti Gramových matic správně plyne jeho ortogonalita. Řešení je úplné.","The response correctly proves both implications: orthogonal maps preserve all Gram-matrix entries, and equality of the Gram matrices yields the basis map Q = VU^{-1} (or an equivalent construction), which is shown to preserve the inner product or satisfy Q^TQ = I."
"du03_1","2948","4","true","Správně dokazujete oba směry. Ortogonální zobrazení zachovává skalární součin, takže se shodují všechny prvky Gramových matic; v opačném směru je zobrazení určené předpisem u_i ↦ v_i a z rovnosti Gramových matic správně plyne jeho ortogonalita. Řešení je úplné.","The response correctly proves both implications: orthogonal maps preserve all Gram-matrix entries, and equality of the Gram matrices yields the basis map Q = VU^{-1} (or an equivalent construction), which is shown to preserve the inner product or satisfy Q^TQ = I."
"du03_1","2956","3","false","Směr (a) ⇒ (b) je správně. V opačném směru zaměňujete matici přechodu souřadnic se standardní maticí zobrazení u_i↦v_i. Matice se sloupci [u_i]_{B2} obecně není VU^{-1} a z rovnosti souřadnicových zápisů proto neplyne v_i=Qu_i. Je nutné opravit konstrukci Q a následně pro tuto matici ověřit ortogonalitu.","The forward implication is correct, but the reverse implication confuses a coordinate transition matrix with the standard matrix of the map u_i ↦ v_i. The matrix with columns [u_i]_{B2} is not the standard matrix VU^{-1}, so the displayed coordinate identity does not prove v_i=Qu_i."
"du03_1","2968","4","true","Správně dokazujete oba směry. Ortogonální zobrazení zachovává skalární součin, takže se shodují všechny prvky Gramových matic; v opačném směru je zobrazení určené předpisem u_i ↦ v_i a z rovnosti Gramových matic správně plyne jeho ortogonalita. Řešení je úplné.","The response correctly proves both implications: orthogonal maps preserve all Gram-matrix entries, and equality of the Gram matrices yields the basis map Q = VU^{-1} (or an equivalent construction), which is shown to preserve the inner product or satisfy Q^TQ = I."
"du03_1","2978","4","true","Správně dokazujete oba směry. Ortogonální zobrazení zachovává skalární součin, takže se shodují všechny prvky Gramových matic; v opačném směru je zobrazení určené předpisem u_i ↦ v_i a z rovnosti Gramových matic správně plyne jeho ortogonalita. Řešení je úplné.","The response correctly proves both implications: orthogonal maps preserve all Gram-matrix entries, and equality of the Gram matrices yields the basis map Q = VU^{-1} (or an equivalent construction), which is shown to preserve the inner product or satisfy Q^TQ = I."
"du03_1","3001","4","true","Správně dokazujete oba směry. Ortogonální zobrazení zachovává skalární součin, takže se shodují všechny prvky Gramových matic; v opačném směru je zobrazení určené předpisem u_i ↦ v_i a z rovnosti Gramových matic správně plyne jeho ortogonalita. Řešení je úplné.","The response correctly proves both implications: orthogonal maps preserve all Gram-matrix entries, and equality of the Gram matrices yields the basis map Q = VU^{-1} (or an equivalent construction), which is shown to preserve the inner product or satisfy Q^TQ = I."
"du03_1","3007","4","true","Správně dokazujete oba směry. Ortogonální zobrazení zachovává skalární součin, takže se shodují všechny prvky Gramových matic; v opačném směru je zobrazení určené předpisem u_i ↦ v_i a z rovnosti Gramových matic správně plyne jeho ortogonalita. Řešení je úplné.","The response correctly proves both implications: orthogonal maps preserve all Gram-matrix entries, and equality of the Gram matrices yields the basis map Q = VU^{-1} (or an equivalent construction), which is shown to preserve the inner product or satisfy Q^TQ = I."
"du03_1","3008","4","true","Správně dokazujete oba směry. Ortogonální zobrazení zachovává skalární součin, takže se shodují všechny prvky Gramových matic; v opačném směru je zobrazení určené předpisem u_i ↦ v_i a z rovnosti Gramových matic správně plyne jeho ortogonalita. Řešení je úplné.","The response correctly proves both implications: orthogonal maps preserve all Gram-matrix entries, and equality of the Gram matrices yields the basis map Q = VU^{-1} (or an equivalent construction), which is shown to preserve the inner product or satisfy Q^TQ = I."
"du03_1","3025","4","true","Správně dokazujete oba směry. Ortogonální zobrazení zachovává skalární součin, takže se shodují všechny prvky Gramových matic; v opačném směru je zobrazení určené předpisem u_i ↦ v_i a z rovnosti Gramových matic správně plyne jeho ortogonalita. Řešení je úplné.","The response correctly proves both implications: orthogonal maps preserve all Gram-matrix entries, and equality of the Gram matrices yields the basis map Q = VU^{-1} (or an equivalent construction), which is shown to preserve the inner product or satisfy Q^TQ = I."
"du03_1","3036","4","true","Správně dokazujete oba směry. Ortogonální zobrazení zachovává skalární součin, takže se shodují všechny prvky Gramových matic; v opačném směru je zobrazení určené předpisem u_i ↦ v_i a z rovnosti Gramových matic správně plyne jeho ortogonalita. Řešení je úplné.","The response correctly proves both implications: orthogonal maps preserve all Gram-matrix entries, and equality of the Gram matrices yields the basis map Q = VU^{-1} (or an equivalent construction), which is shown to preserve the inner product or satisfy Q^TQ = I."
"du03_1","3037","4","true","Správně dokazujete oba směry. Ortogonální zobrazení zachovává skalární součin, takže se shodují všechny prvky Gramových matic; v opačném směru je zobrazení určené předpisem u_i ↦ v_i a z rovnosti Gramových matic správně plyne jeho ortogonalita. Řešení je úplné.","The response correctly proves both implications: orthogonal maps preserve all Gram-matrix entries, and equality of the Gram matrices yields the basis map Q = VU^{-1} (or an equivalent construction), which is shown to preserve the inner product or satisfy Q^TQ = I."
"du03_1","3039","4","true","Správně dokazujete oba směry. Ortogonální zobrazení zachovává skalární součin, takže se shodují všechny prvky Gramových matic; v opačném směru je zobrazení určené předpisem u_i ↦ v_i a z rovnosti Gramových matic správně plyne jeho ortogonalita. Řešení je úplné.","The response correctly proves both implications: orthogonal maps preserve all Gram-matrix entries, and equality of the Gram matrices yields the basis map Q = VU^{-1} (or an equivalent construction), which is shown to preserve the inner product or satisfy Q^TQ = I."
"du03_1","3045","4","true","Správně dokazujete oba směry. Ortogonální zobrazení zachovává skalární součin, takže se shodují všechny prvky Gramových matic; v opačném směru je zobrazení určené předpisem u_i ↦ v_i a z rovnosti Gramových matic správně plyne jeho ortogonalita. Řešení je úplné.","The response correctly proves both implications: orthogonal maps preserve all Gram-matrix entries, and equality of the Gram matrices yields the basis map Q = VU^{-1} (or an equivalent construction), which is shown to preserve the inner product or satisfy Q^TQ = I."
"du03_1","3056","3.5","false","Směr (b) ⇒ (a) s konstrukcí Q=VU^{-1} je správný. Ve směru (a) ⇒ (b) ale z ortogonality odvozujete jen rovnost norem jednotlivých bázových vektorů, tedy diagonálních prvků Gramových matic. Rovnost smíšených součinů u_i·u_j a v_i·v_j pro i≠j v řešení chybí.","The reverse implication correctly constructs Q=VU^{-1} and verifies orthogonality. In the forward implication, however, only equality of the norms (diagonal Gram entries) is shown, which does not by itself establish equality of all off-diagonal inner products."
"du03_1","3057","4","true","Správně dokazujete oba směry. Ortogonální zobrazení zachovává skalární součin, takže se shodují všechny prvky Gramových matic; v opačném směru je zobrazení určené předpisem u_i ↦ v_i a z rovnosti Gramových matic správně plyne jeho ortogonalita. Řešení je úplné.","The response correctly proves both implications: orthogonal maps preserve all Gram-matrix entries, and equality of the Gram matrices yields the basis map Q = VU^{-1} (or an equivalent construction), which is shown to preserve the inner product or satisfy Q^TQ = I."
"du03_1","3060","4","true","Správně dokazujete oba směry. Ortogonální zobrazení zachovává skalární součin, takže se shodují všechny prvky Gramových matic; v opačném směru je zobrazení určené předpisem u_i ↦ v_i a z rovnosti Gramových matic správně plyne jeho ortogonalita. Řešení je úplné.","The response correctly proves both implications: orthogonal maps preserve all Gram-matrix entries, and equality of the Gram matrices yields the basis map Q = VU^{-1} (or an equivalent construction), which is shown to preserve the inner product or satisfy Q^TQ = I."
"du03_1","3062","3.5","false","První implikace je správná a v opačném směru správně zavádíte jediné lineární zobrazení A s Au_i=v_i. Závěrečné zápisy se skalárním součinem však nejsou korektně formulovány a chybí jasné zdůvodnění, že rovnost na všech dvojicích bázových vektorů znamená zachování skalárního součinu pro libovolné vektory.","The forward implication is correct and the unique basis map is identified in the reverse direction. The final equations in the reverse direction are not valid matrix/scalar manipulations and the argument does not explicitly extend preservation from basis pairs to arbitrary vectors before invoking orthogonality."
"du03_1","3071","4","true","Správně dokazujete oba směry. Ortogonální zobrazení zachovává skalární součin, takže se shodují všechny prvky Gramových matic; v opačném směru je zobrazení určené předpisem u_i ↦ v_i a z rovnosti Gramových matic správně plyne jeho ortogonalita. Řešení je úplné.","The response correctly proves both implications: orthogonal maps preserve all Gram-matrix entries, and equality of the Gram matrices yields the basis map Q = VU^{-1} (or an equivalent construction), which is shown to preserve the inner product or satisfy Q^TQ = I."
"du03_1","3075","4","true","Správně dokazujete oba směry. Ortogonální zobrazení zachovává skalární součin, takže se shodují všechny prvky Gramových matic; v opačném směru je zobrazení určené předpisem u_i ↦ v_i a z rovnosti Gramových matic správně plyne jeho ortogonalita. Řešení je úplné.","The response correctly proves both implications: orthogonal maps preserve all Gram-matrix entries, and equality of the Gram matrices yields the basis map Q = VU^{-1} (or an equivalent construction), which is shown to preserve the inner product or satisfy Q^TQ = I."
"du03_1","3076","4","true","Správně dokazujete oba směry. Ortogonální zobrazení zachovává skalární součin, takže se shodují všechny prvky Gramových matic; v opačném směru je zobrazení určené předpisem u_i ↦ v_i a z rovnosti Gramových matic správně plyne jeho ortogonalita. Řešení je úplné.","The response correctly proves both implications: orthogonal maps preserve all Gram-matrix entries, and equality of the Gram matrices yields the basis map Q = VU^{-1} (or an equivalent construction), which is shown to preserve the inner product or satisfy Q^TQ = I."
"du03_1","3077","4","true","Správně dokazujete oba směry. Ortogonální zobrazení zachovává skalární součin, takže se shodují všechny prvky Gramových matic; v opačném směru je zobrazení určené předpisem u_i ↦ v_i a z rovnosti Gramových matic správně plyne jeho ortogonalita. Řešení je úplné.","The response correctly proves both implications: orthogonal maps preserve all Gram-matrix entries, and equality of the Gram matrices yields the basis map Q = VU^{-1} (or an equivalent construction), which is shown to preserve the inner product or satisfy Q^TQ = I."
"du03_1","3102","4","true","Správně dokazujete oba směry. Ortogonální zobrazení zachovává skalární součin, takže se shodují všechny prvky Gramových matic; v opačném směru je zobrazení určené předpisem u_i ↦ v_i a z rovnosti Gramových matic správně plyne jeho ortogonalita. Řešení je úplné.","The response correctly proves both implications: orthogonal maps preserve all Gram-matrix entries, and equality of the Gram matrices yields the basis map Q = VU^{-1} (or an equivalent construction), which is shown to preserve the inner product or satisfy Q^TQ = I."
"du03_1","3108","4","true","Správně dokazujete oba směry. Ortogonální zobrazení zachovává skalární součin, takže se shodují všechny prvky Gramových matic; v opačném směru je zobrazení určené předpisem u_i ↦ v_i a z rovnosti Gramových matic správně plyne jeho ortogonalita. Řešení je úplné.","The response correctly proves both implications: orthogonal maps preserve all Gram-matrix entries, and equality of the Gram matrices yields the basis map Q = VU^{-1} (or an equivalent construction), which is shown to preserve the inner product or satisfy Q^TQ = I."
"du03_1","3111","4","true","Správně dokazujete oba směry. Ortogonální zobrazení zachovává skalární součin, takže se shodují všechny prvky Gramových matic; v opačném směru je zobrazení určené předpisem u_i ↦ v_i a z rovnosti Gramových matic správně plyne jeho ortogonalita. Řešení je úplné.","The response correctly proves both implications: orthogonal maps preserve all Gram-matrix entries, and equality of the Gram matrices yields the basis map Q = VU^{-1} (or an equivalent construction), which is shown to preserve the inner product or satisfy Q^TQ = I."
"du03_1","3115","4","true","Správně dokazujete oba směry. Ortogonální zobrazení zachovává skalární součin, takže se shodují všechny prvky Gramových matic; v opačném směru je zobrazení určené předpisem u_i ↦ v_i a z rovnosti Gramových matic správně plyne jeho ortogonalita. Řešení je úplné.","The response correctly proves both implications: orthogonal maps preserve all Gram-matrix entries, and equality of the Gram matrices yields the basis map Q = VU^{-1} (or an equivalent construction), which is shown to preserve the inner product or satisfy Q^TQ = I."
"du03_1","3116","4","true","Správně dokazujete oba směry. Ortogonální zobrazení zachovává skalární součin, takže se shodují všechny prvky Gramových matic; v opačném směru je zobrazení určené předpisem u_i ↦ v_i a z rovnosti Gramových matic správně plyne jeho ortogonalita. Řešení je úplné.","The response correctly proves both implications: orthogonal maps preserve all Gram-matrix entries, and equality of the Gram matrices yields the basis map Q = VU^{-1} (or an equivalent construction), which is shown to preserve the inner product or satisfy Q^TQ = I."
"du03_1","3121","4","true","Správně dokazujete oba směry. Ortogonální zobrazení zachovává skalární součin, takže se shodují všechny prvky Gramových matic; v opačném směru je zobrazení určené předpisem u_i ↦ v_i a z rovnosti Gramových matic správně plyne jeho ortogonalita. Řešení je úplné.","The response correctly proves both implications: orthogonal maps preserve all Gram-matrix entries, and equality of the Gram matrices yields the basis map Q = VU^{-1} (or an equivalent construction), which is shown to preserve the inner product or satisfy Q^TQ = I."
"du03_1","3128","4","true","Správně dokazujete oba směry. Ortogonální zobrazení zachovává skalární součin, takže se shodují všechny prvky Gramových matic; v opačném směru je zobrazení určené předpisem u_i ↦ v_i a z rovnosti Gramových matic správně plyne jeho ortogonalita. Řešení je úplné.","The response correctly proves both implications: orthogonal maps preserve all Gram-matrix entries, and equality of the Gram matrices yields the basis map Q = VU^{-1} (or an equivalent construction), which is shown to preserve the inner product or satisfy Q^TQ = I."
"du03_1","3131","4","true","Správně dokazujete oba směry. Ortogonální zobrazení zachovává skalární součin, takže se shodují všechny prvky Gramových matic; v opačném směru je zobrazení určené předpisem u_i ↦ v_i a z rovnosti Gramových matic správně plyne jeho ortogonalita. Řešení je úplné.","The response correctly proves both implications: orthogonal maps preserve all Gram-matrix entries, and equality of the Gram matrices yields the basis map Q = VU^{-1} (or an equivalent construction), which is shown to preserve the inner product or satisfy Q^TQ = I."
"du03_1","3135","2.5","false","Směr (a) ⇒ (b) je správně. V opačném směru pracujete s maticí přechodu souřadnic a dokazujete vztah P^TG_1P=G_1. To znamená zachování součinu popsaného maticí G_1 v souřadnicích, nikoli ortogonalitu standardní matice zobrazení u_i↦v_i vůči standardnímu skalárnímu součinu. Tyto dvě matice jsou v řešení zaměněny.","The forward implication is correct. In the reverse direction the response uses a coordinate transition matrix and proves that it preserves the bilinear form with Gram matrix G1, but this is not the same as proving that the standard matrix mapping u_i to v_i is orthogonal for the standard Euclidean inner product."
"du03_1","3136","4","true","Správně dokazujete oba směry. Ortogonální zobrazení zachovává skalární součin, takže se shodují všechny prvky Gramových matic; v opačném směru je zobrazení určené předpisem u_i ↦ v_i a z rovnosti Gramových matic správně plyne jeho ortogonalita. Řešení je úplné.","The response correctly proves both implications: orthogonal maps preserve all Gram-matrix entries, and equality of the Gram matrices yields the basis map Q = VU^{-1} (or an equivalent construction), which is shown to preserve the inner product or satisfy Q^TQ = I."
"du03_1","3139","4","true","Správně dokazujete oba směry. Ortogonální zobrazení zachovává skalární součin, takže se shodují všechny prvky Gramových matic; v opačném směru je zobrazení určené předpisem u_i ↦ v_i a z rovnosti Gramových matic správně plyne jeho ortogonalita. Řešení je úplné.","The response correctly proves both implications: orthogonal maps preserve all Gram-matrix entries, and equality of the Gram matrices yields the basis map Q = VU^{-1} (or an equivalent construction), which is shown to preserve the inner product or satisfy Q^TQ = I."
"du03_1","3142","4","true","Správně dokazujete oba směry. Ortogonální zobrazení zachovává skalární součin, takže se shodují všechny prvky Gramových matic; v opačném směru je zobrazení určené předpisem u_i ↦ v_i a z rovnosti Gramových matic správně plyne jeho ortogonalita. Řešení je úplné.","The response correctly proves both implications: orthogonal maps preserve all Gram-matrix entries, and equality of the Gram matrices yields the basis map Q = VU^{-1} (or an equivalent construction), which is shown to preserve the inner product or satisfy Q^TQ = I."
"du03_1","3164","4","true","Správně dokazujete oba směry. Ortogonální zobrazení zachovává skalární součin, takže se shodují všechny prvky Gramových matic; v opačném směru je zobrazení určené předpisem u_i ↦ v_i a z rovnosti Gramových matic správně plyne jeho ortogonalita. Řešení je úplné.","The response correctly proves both implications: orthogonal maps preserve all Gram-matrix entries, and equality of the Gram matrices yields the basis map Q = VU^{-1} (or an equivalent construction), which is shown to preserve the inner product or satisfy Q^TQ = I."
"du03_1","3166","4","true","Správně dokazujete oba směry. Ortogonální zobrazení zachovává skalární součin, takže se shodují všechny prvky Gramových matic; v opačném směru je zobrazení určené předpisem u_i ↦ v_i a z rovnosti Gramových matic správně plyne jeho ortogonalita. Řešení je úplné.","The response correctly proves both implications: orthogonal maps preserve all Gram-matrix entries, and equality of the Gram matrices yields the basis map Q = VU^{-1} (or an equivalent construction), which is shown to preserve the inner product or satisfy Q^TQ = I."
"du03_1","3167","4","true","Správně dokazujete oba směry. Ortogonální zobrazení zachovává skalární součin, takže se shodují všechny prvky Gramových matic; v opačném směru je zobrazení určené předpisem u_i ↦ v_i a z rovnosti Gramových matic správně plyne jeho ortogonalita. Řešení je úplné.","The response correctly proves both implications: orthogonal maps preserve all Gram-matrix entries, and equality of the Gram matrices yields the basis map Q = VU^{-1} (or an equivalent construction), which is shown to preserve the inner product or satisfy Q^TQ = I."
"du03_1","3168","4","true","Správně dokazujete oba směry. Ortogonální zobrazení zachovává skalární součin, takže se shodují všechny prvky Gramových matic; v opačném směru je zobrazení určené předpisem u_i ↦ v_i a z rovnosti Gramových matic správně plyne jeho ortogonalita. Řešení je úplné.","The response correctly proves both implications: orthogonal maps preserve all Gram-matrix entries, and equality of the Gram matrices yields the basis map Q = VU^{-1} (or an equivalent construction), which is shown to preserve the inner product or satisfy Q^TQ = I."
"du03_1","3188","4","true","Správně dokazujete oba směry. Ortogonální zobrazení zachovává skalární součin, takže se shodují všechny prvky Gramových matic; v opačném směru je zobrazení určené předpisem u_i ↦ v_i a z rovnosti Gramových matic správně plyne jeho ortogonalita. Řešení je úplné.","The response correctly proves both implications: orthogonal maps preserve all Gram-matrix entries, and equality of the Gram matrices yields the basis map Q = VU^{-1} (or an equivalent construction), which is shown to preserve the inner product or satisfy Q^TQ = I."
"du03_1","3193","4","true","Správně dokazujete oba směry. Ortogonální zobrazení zachovává skalární součin, takže se shodují všechny prvky Gramových matic; v opačném směru je zobrazení určené předpisem u_i ↦ v_i a z rovnosti Gramových matic správně plyne jeho ortogonalita. Řešení je úplné.","The response correctly proves both implications: orthogonal maps preserve all Gram-matrix entries, and equality of the Gram matrices yields the basis map Q = VU^{-1} (or an equivalent construction), which is shown to preserve the inner product or satisfy Q^TQ = I."
"du03_1","3194","4","true","Správně dokazujete oba směry. Ortogonální zobrazení zachovává skalární součin, takže se shodují všechny prvky Gramových matic; v opačném směru je zobrazení určené předpisem u_i ↦ v_i a z rovnosti Gramových matic správně plyne jeho ortogonalita. Řešení je úplné.","The response correctly proves both implications: orthogonal maps preserve all Gram-matrix entries, and equality of the Gram matrices yields the basis map Q = VU^{-1} (or an equivalent construction), which is shown to preserve the inner product or satisfy Q^TQ = I."
"du03_1","3198","3","false","První směr je v zásadě správně. Ve druhém sice rozpoznáváte zobrazení dané předpisem u_i↦v_i, ale souřadnicové zápisy neurčují jednoznačně jeho standardní matici a závěr, že Q^TQ „nemá vliv“ na skalární součin, není důkazem rovnosti Q^TQ=I. Chybí korektní dokončení ortogonality.","The forward implication is essentially correct and the reverse direction recognizes the unique map between the bases. However, the coordinate formulas do not clearly define the standard matrix Q, and the statement that Q^TQ “has no influence” on the inner product is not a valid proof that Q^TQ=I."
"du03_1","3204","4","true","Správně dokazujete oba směry. Ortogonální zobrazení zachovává skalární součin, takže se shodují všechny prvky Gramových matic; v opačném směru je zobrazení určené předpisem u_i ↦ v_i a z rovnosti Gramových matic správně plyne jeho ortogonalita. Řešení je úplné.","The response correctly proves both implications: orthogonal maps preserve all Gram-matrix entries, and equality of the Gram matrices yields the basis map Q = VU^{-1} (or an equivalent construction), which is shown to preserve the inner product or satisfy Q^TQ = I."
"du03_1","3213","4","true","Správně dokazujete oba směry. Ortogonální zobrazení zachovává skalární součin, takže se shodují všechny prvky Gramových matic; v opačném směru je zobrazení určené předpisem u_i ↦ v_i a z rovnosti Gramových matic správně plyne jeho ortogonalita. Řešení je úplné.","The response correctly proves both implications: orthogonal maps preserve all Gram-matrix entries, and equality of the Gram matrices yields the basis map Q = VU^{-1} (or an equivalent construction), which is shown to preserve the inner product or satisfy Q^TQ = I."
"du03_1","3218","4","true","Správně dokazujete oba směry. Ortogonální zobrazení zachovává skalární součin, takže se shodují všechny prvky Gramových matic; v opačném směru je zobrazení určené předpisem u_i ↦ v_i a z rovnosti Gramových matic správně plyne jeho ortogonalita. Řešení je úplné.","The response correctly proves both implications: orthogonal maps preserve all Gram-matrix entries, and equality of the Gram matrices yields the basis map Q = VU^{-1} (or an equivalent construction), which is shown to preserve the inner product or satisfy Q^TQ = I."
"du03_1","3219","3.5","false","Výpočty s Gramovými maticemi jsou správné, ale ve druhém směru sestavujete Q=(B^T)^{-1}C^T, které splňuje QB_2=B_1, tedy zobrazuje druhou bázi na první. Následné tvrzení v_i=Qu_i proto neplatí pro právě zvolenou matici; požadovaný směr má její inverze (zde též transpozice).","The Gram-matrix reasoning is sound, but the matrix Q=(B^T)^{-1}C^T constructed in the reverse direction maps the second basis to the first, not the first to the second. The response then incorrectly claims v_i=Qu_i; the inverse/transpose would have the requested direction."
"du03_1","3221","4","true","Správně dokazujete oba směry. Ortogonální zobrazení zachovává skalární součin, takže se shodují všechny prvky Gramových matic; v opačném směru je zobrazení určené předpisem u_i ↦ v_i a z rovnosti Gramových matic správně plyne jeho ortogonalita. Řešení je úplné.","The response correctly proves both implications: orthogonal maps preserve all Gram-matrix entries, and equality of the Gram matrices yields the basis map Q = VU^{-1} (or an equivalent construction), which is shown to preserve the inner product or satisfy Q^TQ = I."
"du03_1","3223","4","true","Správně dokazujete oba směry. Ortogonální zobrazení zachovává skalární součin, takže se shodují všechny prvky Gramových matic; v opačném směru je zobrazení určené předpisem u_i ↦ v_i a z rovnosti Gramových matic správně plyne jeho ortogonalita. Řešení je úplné.","The response correctly proves both implications: orthogonal maps preserve all Gram-matrix entries, and equality of the Gram matrices yields the basis map Q = VU^{-1} (or an equivalent construction), which is shown to preserve the inner product or satisfy Q^TQ = I."
"du03_1","3225","4","true","Správně dokazujete oba směry. Ortogonální zobrazení zachovává skalární součin, takže se shodují všechny prvky Gramových matic; v opačném směru je zobrazení určené předpisem u_i ↦ v_i a z rovnosti Gramových matic správně plyne jeho ortogonalita. Řešení je úplné.","The response correctly proves both implications: orthogonal maps preserve all Gram-matrix entries, and equality of the Gram matrices yields the basis map Q = VU^{-1} (or an equivalent construction), which is shown to preserve the inner product or satisfy Q^TQ = I."
"du03_1","3227","4","true","Správně dokazujete oba směry. Ortogonální zobrazení zachovává skalární součin, takže se shodují všechny prvky Gramových matic; v opačném směru je zobrazení určené předpisem u_i ↦ v_i a z rovnosti Gramových matic správně plyne jeho ortogonalita. Řešení je úplné.","The response correctly proves both implications: orthogonal maps preserve all Gram-matrix entries, and equality of the Gram matrices yields the basis map Q = VU^{-1} (or an equivalent construction), which is shown to preserve the inner product or satisfy Q^TQ = I."
"du03_1","3233","3.5","false","Směr (a) ⇒ (b) i existence jediného zobrazení s f(u_i)=v_i jsou správně. V závěru však ověřujete skalární součin pouze pro dvojice bázových vektorů a bez dalšího prohlásíte f za ortogonální. Chybí výslovné rozšíření této rovnosti pomocí linearity a bilinearity na libovolné dva vektory.","The forward implication and the construction of the unique basis map are correct. The reverse implication only verifies preservation on basis pairs and immediately calls the map orthogonal, without stating the necessary bilinear extension to arbitrary vectors."
"du03_1","3238","4","true","Správně dokazujete oba směry. Ortogonální zobrazení zachovává skalární součin, takže se shodují všechny prvky Gramových matic; v opačném směru je zobrazení určené předpisem u_i ↦ v_i a z rovnosti Gramových matic správně plyne jeho ortogonalita. Řešení je úplné.","The response correctly proves both implications: orthogonal maps preserve all Gram-matrix entries, and equality of the Gram matrices yields the basis map Q = VU^{-1} (or an equivalent construction), which is shown to preserve the inner product or satisfy Q^TQ = I."
"du03_1","3239","3.5","false","Směr (b) ⇒ (a) je úplný a správný. Ve směru (a) ⇒ (b) ale zapisujete rovnost skalárního součinu jen pro dvojici u_1,u_2 a z ní rovnou usuzujete rovnost celých Gramových matic. Je nutné formulovat tentýž argument pro libovolné indexy i,j.","The reverse implication is complete and correct. In the forward implication the response checks only the single pair (u1,u2), then concludes equality of the entire Gram matrices without treating arbitrary indices i,j."
"du03_1","3240","4","true","Správně dokazujete oba směry. Ortogonální zobrazení zachovává skalární součin, takže se shodují všechny prvky Gramových matic; v opačném směru je zobrazení určené předpisem u_i ↦ v_i a z rovnosti Gramových matic správně plyne jeho ortogonalita. Řešení je úplné.","The response correctly proves both implications: orthogonal maps preserve all Gram-matrix entries, and equality of the Gram matrices yields the basis map Q = VU^{-1} (or an equivalent construction), which is shown to preserve the inner product or satisfy Q^TQ = I."
"du03_1","3241","2.5","false","Směr (a) ⇒ (b) je správně. Ve druhém směru však z QU=V chybně dostáváte Q=U^{-1}V; správné pořadí je Q=VU^{-1}. Proto ani následující výpočet Q^TQ a provedené záměny pomocí U^TU=V^TV nejsou platné pro hledanou matici.","The forward implication is correct. In the reverse direction QU=V is solved in the wrong order as Q=U^{-1}V instead of Q=VU^{-1}, and the subsequent transpose and cancellation steps are consequently invalid."
"du03_1","3242","4","true","Správně dokazujete oba směry. Ortogonální zobrazení zachovává skalární součin, takže se shodují všechny prvky Gramových matic; v opačném směru je zobrazení určené předpisem u_i ↦ v_i a z rovnosti Gramových matic správně plyne jeho ortogonalita. Řešení je úplné.","The response correctly proves both implications: orthogonal maps preserve all Gram-matrix entries, and equality of the Gram matrices yields the basis map Q = VU^{-1} (or an equivalent construction), which is shown to preserve the inner product or satisfy Q^TQ = I."
"du03_1","3254","4","true","Správně dokazujete oba směry. Ortogonální zobrazení zachovává skalární součin, takže se shodují všechny prvky Gramových matic; v opačném směru je zobrazení určené předpisem u_i ↦ v_i a z rovnosti Gramových matic správně plyne jeho ortogonalita. Řešení je úplné.","The response correctly proves both implications: orthogonal maps preserve all Gram-matrix entries, and equality of the Gram matrices yields the basis map Q = VU^{-1} (or an equivalent construction), which is shown to preserve the inner product or satisfy Q^TQ = I."
"du03_1","3261","4","true","Správně dokazujete oba směry. Ortogonální zobrazení zachovává skalární součin, takže se shodují všechny prvky Gramových matic; v opačném směru je zobrazení určené předpisem u_i ↦ v_i a z rovnosti Gramových matic správně plyne jeho ortogonalita. Řešení je úplné.","The response correctly proves both implications: orthogonal maps preserve all Gram-matrix entries, and equality of the Gram matrices yields the basis map Q = VU^{-1} (or an equivalent construction), which is shown to preserve the inner product or satisfy Q^TQ = I."
"du03_1","3265","4","true","Správně dokazujete oba směry. Ortogonální zobrazení zachovává skalární součin, takže se shodují všechny prvky Gramových matic; v opačném směru je zobrazení určené předpisem u_i ↦ v_i a z rovnosti Gramových matic správně plyne jeho ortogonalita. Řešení je úplné.","The response correctly proves both implications: orthogonal maps preserve all Gram-matrix entries, and equality of the Gram matrices yields the basis map Q = VU^{-1} (or an equivalent construction), which is shown to preserve the inner product or satisfy Q^TQ = I."
"du03_1","3266","4","true","Správně dokazujete oba směry. Ortogonální zobrazení zachovává skalární součin, takže se shodují všechny prvky Gramových matic; v opačném směru je zobrazení určené předpisem u_i ↦ v_i a z rovnosti Gramových matic správně plyne jeho ortogonalita. Řešení je úplné.","The response correctly proves both implications: orthogonal maps preserve all Gram-matrix entries, and equality of the Gram matrices yields the basis map Q = VU^{-1} (or an equivalent construction), which is shown to preserve the inner product or satisfy Q^TQ = I."
"du03_1","3268","4","true","Správně dokazujete oba směry. Ortogonální zobrazení zachovává skalární součin, takže se shodují všechny prvky Gramových matic; v opačném směru je zobrazení určené předpisem u_i ↦ v_i a z rovnosti Gramových matic správně plyne jeho ortogonalita. Řešení je úplné.","The response correctly proves both implications: orthogonal maps preserve all Gram-matrix entries, and equality of the Gram matrices yields the basis map Q = VU^{-1} (or an equivalent construction), which is shown to preserve the inner product or satisfy Q^TQ = I."
"du03_1","3269","4","true","Správně dokazujete oba směry. Ortogonální zobrazení zachovává skalární součin, takže se shodují všechny prvky Gramových matic; v opačném směru je zobrazení určené předpisem u_i ↦ v_i a z rovnosti Gramových matic správně plyne jeho ortogonalita. Řešení je úplné.","The response correctly proves both implications: orthogonal maps preserve all Gram-matrix entries, and equality of the Gram matrices yields the basis map Q = VU^{-1} (or an equivalent construction), which is shown to preserve the inner product or satisfy Q^TQ = I."
"du03_1","3271","4","true","Správně dokazujete oba směry. Ortogonální zobrazení zachovává skalární součin, takže se shodují všechny prvky Gramových matic; v opačném směru je zobrazení určené předpisem u_i ↦ v_i a z rovnosti Gramových matic správně plyne jeho ortogonalita. Řešení je úplné.","The response correctly proves both implications: orthogonal maps preserve all Gram-matrix entries, and equality of the Gram matrices yields the basis map Q = VU^{-1} (or an equivalent construction), which is shown to preserve the inner product or satisfy Q^TQ = I."
"du03_1","3272","4","true","Správně dokazujete oba směry. Ortogonální zobrazení zachovává skalární součin, takže se shodují všechny prvky Gramových matic; v opačném směru je zobrazení určené předpisem u_i ↦ v_i a z rovnosti Gramových matic správně plyne jeho ortogonalita. Řešení je úplné.","The response correctly proves both implications: orthogonal maps preserve all Gram-matrix entries, and equality of the Gram matrices yields the basis map Q = VU^{-1} (or an equivalent construction), which is shown to preserve the inner product or satisfy Q^TQ = I."
"du03_1","3275","3","false","První implikace je správná a ve druhé správně uvádíte existenci lineárního zobrazení mezi bázemi. Není však přesně určeno, která z uvedených matic je standardní matice Q, a z rovnosti u_i^Tu_j=u_i^TQ^TQu_j pouze slovně tvrdíte Q^TQ=I. Chybí korektní zdůvodnění tohoto závěru z bázovosti vektorů u_i.","The forward implication is correct and the existence of a linear basis map is noted. In the reverse implication the coordinate-matrix construction is not made precise, and equality on basis pairs is followed by an unsupported assertion that Q^TQ must equal I."
"du03_1","3281","4","true","Správně dokazujete oba směry. Ortogonální zobrazení zachovává skalární součin, takže se shodují všechny prvky Gramových matic; v opačném směru je zobrazení určené předpisem u_i ↦ v_i a z rovnosti Gramových matic správně plyne jeho ortogonalita. Řešení je úplné.","The response correctly proves both implications: orthogonal maps preserve all Gram-matrix entries, and equality of the Gram matrices yields the basis map Q = VU^{-1} (or an equivalent construction), which is shown to preserve the inner product or satisfy Q^TQ = I."
"du03_1","3284","3.5","false","Správně zavádíte jediné lineární zobrazení A s Au_i=v_i. Zachování skalárního součinu však ověřujete jen pro x=u_i a y=u_j a rovnou je prohlásíte za platné pro všechny vektory. Chybí zdůvodnění rozšíření z bázových dvojic na jejich libovolné lineární kombinace.","The unique map A with Au_i=v_i is correctly introduced, but preservation of the inner product is checked only for x=u_i and y=u_j. The response then concludes preservation for all vectors without carrying out or stating the bilinear extension."
"du03_1","3285","4","true","Správně dokazujete oba směry. Ortogonální zobrazení zachovává skalární součin, takže se shodují všechny prvky Gramových matic; v opačném směru je zobrazení určené předpisem u_i ↦ v_i a z rovnosti Gramových matic správně plyne jeho ortogonalita. Řešení je úplné.","The response correctly proves both implications: orthogonal maps preserve all Gram-matrix entries, and equality of the Gram matrices yields the basis map Q = VU^{-1} (or an equivalent construction), which is shown to preserve the inner product or satisfy Q^TQ = I."
"du03_1","3299","4","true","Správně dokazujete oba směry. Ortogonální zobrazení zachovává skalární součin, takže se shodují všechny prvky Gramových matic; v opačném směru je zobrazení určené předpisem u_i ↦ v_i a z rovnosti Gramových matic správně plyne jeho ortogonalita. Řešení je úplné.","The response correctly proves both implications: orthogonal maps preserve all Gram-matrix entries, and equality of the Gram matrices yields the basis map Q = VU^{-1} (or an equivalent construction), which is shown to preserve the inner product or satisfy Q^TQ = I."
"du03_1","3308","4","true","Správně dokazujete oba směry. Ortogonální zobrazení zachovává skalární součin, takže se shodují všechny prvky Gramových matic; v opačném směru je zobrazení určené předpisem u_i ↦ v_i a z rovnosti Gramových matic správně plyne jeho ortogonalita. Řešení je úplné.","The response correctly proves both implications: orthogonal maps preserve all Gram-matrix entries, and equality of the Gram matrices yields the basis map Q = VU^{-1} (or an equivalent construction), which is shown to preserve the inner product or satisfy Q^TQ = I."
"du03_1","3309","4","true","Správně dokazujete oba směry. Ortogonální zobrazení zachovává skalární součin, takže se shodují všechny prvky Gramových matic; v opačném směru je zobrazení určené předpisem u_i ↦ v_i a z rovnosti Gramových matic správně plyne jeho ortogonalita. Řešení je úplné.","The response correctly proves both implications: orthogonal maps preserve all Gram-matrix entries, and equality of the Gram matrices yields the basis map Q = VU^{-1} (or an equivalent construction), which is shown to preserve the inner product or satisfy Q^TQ = I."
"du03_1","3310","4","true","Správně dokazujete oba směry. Ortogonální zobrazení zachovává skalární součin, takže se shodují všechny prvky Gramových matic; v opačném směru je zobrazení určené předpisem u_i ↦ v_i a z rovnosti Gramových matic správně plyne jeho ortogonalita. Řešení je úplné.","The response correctly proves both implications: orthogonal maps preserve all Gram-matrix entries, and equality of the Gram matrices yields the basis map Q = VU^{-1} (or an equivalent construction), which is shown to preserve the inner product or satisfy Q^TQ = I."
"du03_1","3314","4","true","Správně dokazujete oba směry. Ortogonální zobrazení zachovává skalární součin, takže se shodují všechny prvky Gramových matic; v opačném směru je zobrazení určené předpisem u_i ↦ v_i a z rovnosti Gramových matic správně plyne jeho ortogonalita. Řešení je úplné.","The response correctly proves both implications: orthogonal maps preserve all Gram-matrix entries, and equality of the Gram matrices yields the basis map Q = VU^{-1} (or an equivalent construction), which is shown to preserve the inner product or satisfy Q^TQ = I."
"du03_1","3316","4","true","Správně dokazujete oba směry. Ortogonální zobrazení zachovává skalární součin, takže se shodují všechny prvky Gramových matic; v opačném směru je zobrazení určené předpisem u_i ↦ v_i a z rovnosti Gramových matic správně plyne jeho ortogonalita. Řešení je úplné.","The response correctly proves both implications: orthogonal maps preserve all Gram-matrix entries, and equality of the Gram matrices yields the basis map Q = VU^{-1} (or an equivalent construction), which is shown to preserve the inner product or satisfy Q^TQ = I."
"du03_1","3317","4","true","Správně dokazujete oba směry. Ortogonální zobrazení zachovává skalární součin, takže se shodují všechny prvky Gramových matic; v opačném směru je zobrazení určené předpisem u_i ↦ v_i a z rovnosti Gramových matic správně plyne jeho ortogonalita. Řešení je úplné.","The response correctly proves both implications: orthogonal maps preserve all Gram-matrix entries, and equality of the Gram matrices yields the basis map Q = VU^{-1} (or an equivalent construction), which is shown to preserve the inner product or satisfy Q^TQ = I."
"du03_1","3326","4","true","Správně dokazujete oba směry. Ortogonální zobrazení zachovává skalární součin, takže se shodují všechny prvky Gramových matic; v opačném směru je zobrazení určené předpisem u_i ↦ v_i a z rovnosti Gramových matic správně plyne jeho ortogonalita. Řešení je úplné.","The response correctly proves both implications: orthogonal maps preserve all Gram-matrix entries, and equality of the Gram matrices yields the basis map Q = VU^{-1} (or an equivalent construction), which is shown to preserve the inner product or satisfy Q^TQ = I."
"du03_1","3329","4","true","Správně dokazujete oba směry. Ortogonální zobrazení zachovává skalární součin, takže se shodují všechny prvky Gramových matic; v opačném směru je zobrazení určené předpisem u_i ↦ v_i a z rovnosti Gramových matic správně plyne jeho ortogonalita. Řešení je úplné.","The response correctly proves both implications: orthogonal maps preserve all Gram-matrix entries, and equality of the Gram matrices yields the basis map Q = VU^{-1} (or an equivalent construction), which is shown to preserve the inner product or satisfy Q^TQ = I."
"du03_1","3331","2","false","Správně dokazujete pouze směr (a) ⇒ (b): z ortogonality Q plyne rovnost všech odpovídajících prvků Gramových matic. Opačný směr (b) ⇒ (a), tedy konstrukce ortogonální matice zobrazující u_i na v_i, v řešení zcela chybí.","The response gives a correct proof of (a)⇒(b), but it does not address the converse implication (b)⇒(a), which is the substantial half of the equivalence."
"du03_1","3340","4","true","Správně dokazujete oba směry. Ortogonální zobrazení zachovává skalární součin, takže se shodují všechny prvky Gramových matic; v opačném směru je zobrazení určené předpisem u_i ↦ v_i a z rovnosti Gramových matic správně plyne jeho ortogonalita. Řešení je úplné.","The response correctly proves both implications: orthogonal maps preserve all Gram-matrix entries, and equality of the Gram matrices yields the basis map Q = VU^{-1} (or an equivalent construction), which is shown to preserve the inner product or satisfy Q^TQ = I."
"du03_1","3344","4","true","Správně dokazujete oba směry. Ortogonální zobrazení zachovává skalární součin, takže se shodují všechny prvky Gramových matic; v opačném směru je zobrazení určené předpisem u_i ↦ v_i a z rovnosti Gramových matic správně plyne jeho ortogonalita. Řešení je úplné.","The response correctly proves both implications: orthogonal maps preserve all Gram-matrix entries, and equality of the Gram matrices yields the basis map Q = VU^{-1} (or an equivalent construction), which is shown to preserve the inner product or satisfy Q^TQ = I."
"du03_1","3346","4","true","Správně dokazujete oba směry. Ortogonální zobrazení zachovává skalární součin, takže se shodují všechny prvky Gramových matic; v opačném směru je zobrazení určené předpisem u_i ↦ v_i a z rovnosti Gramových matic správně plyne jeho ortogonalita. Řešení je úplné.","The response correctly proves both implications: orthogonal maps preserve all Gram-matrix entries, and equality of the Gram matrices yields the basis map Q = VU^{-1} (or an equivalent construction), which is shown to preserve the inner product or satisfy Q^TQ = I."
"du03_1","3347","3.5","false","První směr i existence jediného zobrazení s Qu_i=v_i jsou správně. V opačném směru ale rovnost skalárních součinů dokazujete pouze na dvojicích bázových vektorů a bez rozšíření na libovolné lineární kombinace tvrdíte, že Q zachovává skalární součin.","The forward implication and existence of the basis map are correct. In the converse, equality of inner products is established only on basis pairs, followed by the unproved statement that Q preserves the standard inner product; the extension to arbitrary vectors is omitted."
"du03_1","3350","4","true","Správně dokazujete oba směry. Ortogonální zobrazení zachovává skalární součin, takže se shodují všechny prvky Gramových matic; v opačném směru je zobrazení určené předpisem u_i ↦ v_i a z rovnosti Gramových matic správně plyne jeho ortogonalita. Řešení je úplné.","The response correctly proves both implications: orthogonal maps preserve all Gram-matrix entries, and equality of the Gram matrices yields the basis map Q = VU^{-1} (or an equivalent construction), which is shown to preserve the inner product or satisfy Q^TQ = I."
"du03_1","3355","4","true","Správně dokazujete oba směry. Ortogonální zobrazení zachovává skalární součin, takže se shodují všechny prvky Gramových matic; v opačném směru je zobrazení určené předpisem u_i ↦ v_i a z rovnosti Gramových matic správně plyne jeho ortogonalita. Řešení je úplné.","The response correctly proves both implications: orthogonal maps preserve all Gram-matrix entries, and equality of the Gram matrices yields the basis map Q = VU^{-1} (or an equivalent construction), which is shown to preserve the inner product or satisfy Q^TQ = I."
"du03_1","3356","4","true","Správně dokazujete oba směry. Ortogonální zobrazení zachovává skalární součin, takže se shodují všechny prvky Gramových matic; v opačném směru je zobrazení určené předpisem u_i ↦ v_i a z rovnosti Gramových matic správně plyne jeho ortogonalita. Řešení je úplné.","The response correctly proves both implications: orthogonal maps preserve all Gram-matrix entries, and equality of the Gram matrices yields the basis map Q = VU^{-1} (or an equivalent construction), which is shown to preserve the inner product or satisfy Q^TQ = I."
"du03_1","3403","3.5","false","Směr (a) ⇒ (b) i zavedení zobrazení Q s Qu_i=v_i jsou správně. V závěru však z rovnosti u_i^T(Q^TQ-I)u_j=0 pro všechny i,j pouze přímo tvrdíte Q^TQ=I. Chybí vysvětlení, proč nulovost na všech dvojicích bázových vektorů vynutí nulovost celé matice Q^TQ-I.","The forward implication and the basis-map construction are correct, but the reverse proof jumps from u_i^T(Q^TQ-I)u_j=0 for all basis pairs directly to Q^TQ=I without justifying the basis-matrix argument."
"du03_2","273","4","true","Gramova–Schmidtova ortogonalizace vede ke správné ortonormální bázi (1/2, (√3/4)(x−3), (√5/16)(3x²−18x+23)). Správně určujete také projekci přibližně −0,0525x²−0,3315x+1,6013 a normu rozdílu přibližně 0,3188. Řešení je úplné.","The response correctly applies Gram–Schmidt to obtain the orthonormal basis, computes the orthogonal projection of sin(x) as a quadratic with the correct coefficients, and obtains the residual norm approximately 0.319."
"du03_2","534","4","true","Gramova–Schmidtova ortogonalizace vede ke správné ortonormální bázi (1/2, (√3/4)(x−3), (√5/16)(3x²−18x+23)). Správně určujete také projekci přibližně −0,0525x²−0,3315x+1,6013 a normu rozdílu přibližně 0,3188. Řešení je úplné.","The response correctly applies Gram–Schmidt to obtain the orthonormal basis, computes the orthogonal projection of sin(x) as a quadratic with the correct coefficients, and obtains the residual norm approximately 0.319."
"du03_2","2125","3.5","false","Ortonormální báze je v zásadě správně. Při výpočtu projekce však příliš brzy zaokrouhlujete: koeficienty −0,05, −0,35 a 1,63 se již citelně liší od přibližně −0,0525, −0,3315 a 1,6013. Také normu uvádíte jen velmi hrubě jako 0,3 místo přibližně 0,3188.","The orthonormal basis is essentially correct, but early numerical rounding gives the projection as approximately −0.05x²−0.35x+1.63 rather than the more accurate coefficients; the residual norm is also only coarsely reported as 0.3."
"du03_2","2377","3","false","Gramova–Schmidtova část je správně. Projekce −0,0577x²−0,3363x+1,607 už má nepřesné koeficienty a hlavně norma rozdílu 0,543 není správná; pro správnou projekci vychází přibližně 0,3188. Je třeba opravit numerické vyhodnocení části (b) a následně (c).","The Gram–Schmidt basis is correct, but the reported projection coefficients are noticeably inaccurate and the residual norm 0.543 is incorrect; it should be about 0.319."
"du03_2","2401","3.5","false","Ortonormální bázi máte správně. Příliš hrubé průběžné zaokrouhlování ale posunulo projekci na −0,05x²−0,32x+1,58; přesněji má být přibližně −0,0525x²−0,3315x+1,6013. Proto je i norma 0,33 méně přesná než správných přibližně 0,3188.","The basis is correct, but excessive intermediate rounding changes the projection to −0.05x²−0.32x+1.58 and the norm to 0.33."
"du03_2","2430","4","true","Gramova–Schmidtova ortogonalizace vede ke správné ortonormální bázi (1/2, (√3/4)(x−3), (√5/16)(3x²−18x+23)). Správně určujete také projekci přibližně −0,0525x²−0,3315x+1,6013 a normu rozdílu přibližně 0,3188. Řešení je úplné.","The response correctly applies Gram–Schmidt to obtain the orthonormal basis, computes the orthogonal projection of sin(x) as a quadratic with the correct coefficients, and obtains the residual norm approximately 0.319."
"du03_2","2464","4","true","Gramova–Schmidtova ortogonalizace vede ke správné ortonormální bázi (1/2, (√3/4)(x−3), (√5/16)(3x²−18x+23)). Správně určujete také projekci přibližně −0,0525x²−0,3315x+1,6013 a normu rozdílu přibližně 0,3188. Řešení je úplné.","The response correctly applies Gram–Schmidt to obtain the orthonormal basis, computes the orthogonal projection of sin(x) as a quadratic with the correct coefficients, and obtains the residual norm approximately 0.319."
"du03_2","2542","4","true","Gramova–Schmidtova ortogonalizace vede ke správné ortonormální bázi (1/2, (√3/4)(x−3), (√5/16)(3x²−18x+23)). Správně určujete také projekci přibližně −0,0525x²−0,3315x+1,6013 a normu rozdílu přibližně 0,3188. Řešení je úplné.","The response correctly applies Gram–Schmidt to obtain the orthonormal basis, computes the orthogonal projection of sin(x) as a quadratic with the correct coefficients, and obtains the residual norm approximately 0.319."
"du03_2","2562","2.5","false","U třetího Gramova–Schmidtova vektoru je chybně spočtena norma: pro x²−6x+23/3 má být 16/(3√5)≈2,385, ne přibližně 23,83. Třetí prvek tedy není jednotkový a z toho vzniká chybná projekce 0,1142x²−0,9112x+1,6004 i norma 1,0944; správná norma rozdílu je přibližně 0,3188.","The normalization of the third Gram–Schmidt vector is off by a factor of about ten, so the third basis vector is not normalized and both the projection and the residual norm are substantially incorrect."
"du03_2","2760","3.5","false","Ortonormální báze je správná. V konečném polynomu však vychází konstantní člen přibližně 1,544 místo 1,6013, zatímco ostatní koeficienty jsou blízko správným hodnotám. Norma kolem 0,319 odpovídá správné projekci, ne uvedenému polynomu, takže je nutné opravit jeho sestavení.","The orthonormal basis is correct, but the constant term of the final projection is reported as about 1.544 instead of 1.601; the displayed norm is consequently not supported by that polynomial."
"du03_2","2763","2.5","false","První dva prvky báze jsou správně, ale třetí ortogonální vektor má být x²−6x+23/3, nikoli x²−6x+7, a jeho norma má být přibližně 2,385, nikoli 3,10. Proto nevyjde správně ani projekce (má být přibližně −0,0525x²−0,3315x+1,6013), ani norma rozdílu 0,3188.","The third Gram–Schmidt vector is computed as x²−6x+7 instead of x²−6x+23/3 and is normalized with an incorrect norm; the resulting projection and residual norm are wrong."
"du03_2","2764","3.5","false","Ortonormální báze je správně. Konečná projekce −0,052x²−0,335x+1,608 je však numericky posunutá, zejména v konstantním členu; správně je přibližně −0,0525x²−0,3315x+1,6013. Norma 0,32 je pak přijatelným zaokrouhlením správné hodnoty.","The basis is correct, but the final projection coefficients, especially the constant term 1.608, exceed reasonable rounding error from the correct value about 1.6013."
"du03_2","2766","4","true","Gramova–Schmidtova ortogonalizace vede ke správné ortonormální bázi (1/2, (√3/4)(x−3), (√5/16)(3x²−18x+23)). Správně určujete také projekci přibližně −0,0525x²−0,3315x+1,6013 a normu rozdílu přibližně 0,3188. Řešení je úplné.","The response correctly applies Gram–Schmidt to obtain the orthonormal basis, computes the orthogonal projection of sin(x) as a quadratic with the correct coefficients, and obtains the residual norm approximately 0.319."
"du03_2","2815","3.5","false","Báze i mezivýsledky projekce jsou správné, ale ve zvýrazněném výsledném polynomu máte u kvadratického členu znaménko plus. Má být −0,0525x²−0,3315x+1,6013. Uvedená norma přibližně 0,3186 odpovídá právě opravenému zápornému znaménku, nikoli zvýrazněnému polynomu.","The work obtains the correct basis and intermediate projection data, but the highlighted final polynomial has the wrong sign on the quadratic coefficient; the norm shown corresponds to the corrected negative sign."
"du03_2","2826","3","false","Ortonormální báze a formální zápis projekce jsou správně. Roznásobený výsledek 0,088x²−0,879x+1,518 z něj ale neplyne; správně má být přibližně −0,0525x²−0,3315x+1,6013. Uvedená norma 0,318 je s chybným polynomem nekonzistentní.","The orthonormal basis and a symbolic projection setup are correct, but the reported expanded polynomial 0.088x²−0.879x+1.518 is not the value of that projection; the norm is therefore inconsistent."
"du03_2","2847","3.5","false","Ortonormální báze je správně. V projekci je však konstantní člen 1,553 místo přibližně 1,6013 a norma rozdílu 0,518 místo přibližně 0,3188. Opravte numerické sestavení polynomu a poté znovu vyhodnoťte integrál v části (c).","The basis is correct, but the projection constant is reported as 1.553 and the residual norm as 0.518, both substantially different from the correct values."
"du03_2","2857","4","true","Gramova–Schmidtova ortogonalizace vede ke správné ortonormální bázi (1/2, (√3/4)(x−3), (√5/16)(3x²−18x+23)). Správně určujete také projekci přibližně −0,0525x²−0,3315x+1,6013 a normu rozdílu přibližně 0,3188. Řešení je úplné.","The response correctly applies Gram–Schmidt to obtain the orthonormal basis, computes the orthogonal projection of sin(x) as a quadratic with the correct coefficients, and obtains the residual norm approximately 0.319."
"du03_2","2858","3.5","false","Výsledná báze, projekce i norma jsou správně. V prvním zápisu rozdílu v části (c) ale u členu +0,332 chybí proměnná x; teprve následující integrál používá správný člen +0,332x. Jde o drobnou, ale významovou nekonzistenci zápisu.","The main results are correct, but the first displayed residual expression drops the factor x from the linear term, making that line inconsistent with the following integral."
"du03_2","2859","3","false","Ortonormální báze je správně. Chybně je však vyhodnocen skalární součin se třetím bázovým vektorem, takže vychází projekce −0,0315x²−0,4576x+1,6341 místo přibližně −0,0525x²−0,3315x+1,6013. Tím je chybná i norma 0,4124; správně je přibližně 0,3188.","The basis is correct, but the third Fourier coefficient is evaluated incorrectly, producing the wrong projection and a residual norm about 0.412 instead of 0.319."
"du03_2","2862","3.5","false","Báze, Fourierovy koeficienty i norma přibližně 0,319 jsou správné. V části (b) však projekci ponecháváte jako lineární kombinaci prvků ortonormální báze a nedoplníte požadovaný tvar ax²+bx+c. Po roznásobení má být přibližně −0,0525x²−0,3315x+1,6013.","The basis and projection coefficients in the orthonormal basis are correct, and the norm is correct, but the projection is not expanded into the explicitly requested polynomial ax²+bx+c."
"du03_2","2865","2.5","false","Gramova–Schmidtova část je z větší části správná, i když se v průběhu objeví chybný zápis druhého normalizovaného vektoru. Výsledný polynom v části (b) je však zásadně jiný než správná projekce −0,0525x²−0,3315x+1,6013 a norma 0,36 proto také není správně; správná hodnota je přibližně 0,3188.","The first part is mostly correct, but the displayed projection polynomial is substantially wrong and the reported residual norm 0.36 is not the norm of the correct projection residual."
"du03_2","2866","2","false","První dva bázové vektory 1/2 a (√3/4)(x−3) jsou správně. Ve třetím kroku Gramovy–Schmidtovy metody je ale chybný skalární součin i výsledný polynom, který má být x²−6x+23/3. Proto jsou nesprávné také projekce 0,032x²−0,391x+0,775 a norma 1,246; správná norma je přibližně 0,3188.","Only the first two basis vectors are correct. The third Gram–Schmidt step is wrong, and this propagates to an incorrect projection and residual norm."
"du03_2","2869","3.5","false","Ortonormální báze je správně. Zaokrouhlení mezivýsledků příliš brzy však vede k projekci −0,06x²−0,35x+1,62 místo přibližně −0,0525x²−0,3315x+1,6013. Norma 0,32 je rozumné zaokrouhlení, ale část (b) potřebuje přesnější výpočet.","The basis is correct, but rounding to only two decimals too early yields noticeably shifted projection coefficients."
"du03_2","2871","4","true","Gramova–Schmidtova ortogonalizace vede ke správné ortonormální bázi (1/2, (√3/4)(x−3), (√5/16)(3x²−18x+23)). Správně určujete také projekci přibližně −0,0525x²−0,3315x+1,6013 a normu rozdílu přibližně 0,3188. Řešení je úplné.","The response correctly applies Gram–Schmidt to obtain the orthonormal basis, computes the orthogonal projection of sin(x) as a quadratic with the correct coefficients, and obtains the residual norm approximately 0.319."
"du03_2","2874","3.5","false","Bázi máte správně, ale průběžné zaokrouhlování na dvě desetinná místa mění projekci na 1,59−0,32x−0,05x². Přesněji má být 1,6013−0,3315x−0,0525x² a norma pak přibližně 0,3188, nikoli 0,35.","The basis is correct, but premature two-decimal rounding shifts the projection and gives the residual norm as 0.35 rather than about 0.319."
"du03_2","2877","3.5","false","Ortonormální báze i norma přibližně 0,319 jsou správné. U projekce je však konstantní člen 1,607 místo přibližně 1,6013, takže uvedený polynom není při deklarované přesnosti zcela správný.","The basis and residual norm are correct, but the reported projection constant 1.607 is outside the expected rounding of approximately 1.6013."
"du03_2","2878","4","true","Gramova–Schmidtova ortogonalizace vede ke správné ortonormální bázi (1/2, (√3/4)(x−3), (√5/16)(3x²−18x+23)). Správně určujete také projekci přibližně −0,0525x²−0,3315x+1,6013 a normu rozdílu přibližně 0,3188. Řešení je úplné.","The response correctly applies Gram–Schmidt to obtain the orthonormal basis, computes the orthogonal projection of sin(x) as a quadratic with the correct coefficients, and obtains the residual norm approximately 0.319."
"du03_2","2881","3","false","Ortonormální báze je správně a projekci zapisujete jako lineární kombinaci jejích prvků. Chybí ale její požadované rozepsání do tvaru ax²+bx+c, tedy přibližně −0,0525x²−0,3315x+1,6013. V části (c) uvádíte 0,1016, což je druhá mocnina normy; požadovaná norma je odmocnina, přibližně 0,3188.","The basis is correct, but the projection is left unexpanded instead of being given as ax²+bx+c, and 0.1016 is the squared residual norm, not the requested norm."
"du03_2","2886","3.5","false","Báze je správně. Použití jejích zaokrouhlených koeficientů ale vede k projekci −0,054x²−0,317x+1,59; zejména lineární člen se liší od správných přibližně −0,3315. Norma 0,32 je přijatelná, ale koeficienty projekce je třeba dopočítat přesněji.","The basis is correct, but using rounded basis coefficients produces a noticeably inaccurate projection, especially in the linear term."
"du03_2","2887","3","false","Ortonormální báze je správně. Projekce −0,09x²−0,345x+1,616 má však výrazně chybný kvadratický koeficient; správně je přibližně −0,0525x²−0,3315x+1,6013. Uvedená norma 0,319 proto nemůže odpovídat napsanému polynomu.","The basis is correct, but the quadratic coefficient of the reported projection is far from the correct value, while the stated norm corresponds to a different polynomial."
"du03_2","2888","4","true","Gramova–Schmidtova ortogonalizace vede ke správné ortonormální bázi (1/2, (√3/4)(x−3), (√5/16)(3x²−18x+23)). Správně určujete také projekci přibližně −0,0525x²−0,3315x+1,6013 a normu rozdílu přibližně 0,3188. Řešení je úplné.","The response correctly applies Gram–Schmidt to obtain the orthonormal basis, computes the orthogonal projection of sin(x) as a quadratic with the correct coefficients, and obtains the residual norm approximately 0.319."
"du03_2","2889","4","true","Gramova–Schmidtova ortogonalizace vede ke správné ortonormální bázi (1/2, (√3/4)(x−3), (√5/16)(3x²−18x+23)). Správně určujete také projekci přibližně −0,0525x²−0,3315x+1,6013 a normu rozdílu přibližně 0,3188. Řešení je úplné.","The response correctly applies Gram–Schmidt to obtain the orthonormal basis, computes the orthogonal projection of sin(x) as a quadratic with the correct coefficients, and obtains the residual norm approximately 0.319."
"du03_2","2892","4","true","Gramova–Schmidtova ortogonalizace vede ke správné ortonormální bázi (1/2, (√3/4)(x−3), (√5/16)(3x²−18x+23)). Správně určujete také projekci přibližně −0,0525x²−0,3315x+1,6013 a normu rozdílu přibližně 0,3188. Řešení je úplné.","The response correctly applies Gram–Schmidt to obtain the orthonormal basis, computes the orthogonal projection of sin(x) as a quadratic with the correct coefficients, and obtains the residual norm approximately 0.319."
"du03_2","2900","2","false","První dva kroky Gramovy–Schmidtovy metody jsou v zásadě správně. Třetí vektor však nevychází správně: má být násobkem x²−6x+23/3. Z chybné báze pak vzniká projekce přibližně 0,04x²−1,51x+4,23 a norma 1,49, zatímco správná projekce je −0,0525x²−0,3315x+1,6013 a norma asi 0,3188.","The first two Gram–Schmidt vectors are essentially correct, but the third vector is computed incorrectly; the projection and residual norm are consequently far from the correct values."
"du03_2","2901","4","true","Gramova–Schmidtova ortogonalizace vede ke správné ortonormální bázi (1/2, (√3/4)(x−3), (√5/16)(3x²−18x+23)). Správně určujete také projekci přibližně −0,0525x²−0,3315x+1,6013 a normu rozdílu přibližně 0,3188. Řešení je úplné.","The response correctly applies Gram–Schmidt to obtain the orthonormal basis, computes the orthogonal projection of sin(x) as a quadratic with the correct coefficients, and obtains the residual norm approximately 0.319."
"du03_2","2903","4","true","Gramova–Schmidtova ortogonalizace vede ke správné ortonormální bázi (1/2, (√3/4)(x−3), (√5/16)(3x²−18x+23)). Správně určujete také projekci přibližně −0,0525x²−0,3315x+1,6013 a normu rozdílu přibližně 0,3188. Řešení je úplné.","The response correctly applies Gram–Schmidt to obtain the orthonormal basis, computes the orthogonal projection of sin(x) as a quadratic with the correct coefficients, and obtains the residual norm approximately 0.319."
"du03_2","2917","4","true","Gramova–Schmidtova ortogonalizace vede ke správné ortonormální bázi (1/2, (√3/4)(x−3), (√5/16)(3x²−18x+23)). Správně určujete také projekci přibližně −0,0525x²−0,3315x+1,6013 a normu rozdílu přibližně 0,3188. Řešení je úplné.","The response correctly applies Gram–Schmidt to obtain the orthonormal basis, computes the orthogonal projection of sin(x) as a quadratic with the correct coefficients, and obtains the residual norm approximately 0.319."
"du03_2","2922","3.5","false","Báze i jednotlivé příspěvky projekce jsou správně, ale v konečném polynomu máte u x² znaménko plus. Správný člen je −0,0525x². Norma přibližně 0,3186 odpovídá opravenému polynomu se záporným kvadratickým členem.","The basis and projection components are correct, but the final polynomial has the wrong sign on x²; the reported norm corresponds to the negative sign."
"du03_2","2924","2","false","Ve druhém kroku se objevuje chybná hodnota normy a u třetího vektoru používáte při normalizaci převrácený faktor. Správný třetí bázový vektor je (3√5/16)(x²−6x+23/3). Proto nevychází správně projekce −1,69x²+9,51x−10,98 ani norma 6,85; správná norma rozdílu je přibližně 0,3188.","The third basis vector is normalized with the reciprocal factor, and there is also an inconsistent norm in the second step; the resulting projection and residual norm are substantially wrong."
"du03_2","2932","4","true","Gramova–Schmidtova ortogonalizace vede ke správné ortonormální bázi (1/2, (√3/4)(x−3), (√5/16)(3x²−18x+23)). Správně určujete také projekci přibližně −0,0525x²−0,3315x+1,6013 a normu rozdílu přibližně 0,3188. Řešení je úplné.","The response correctly applies Gram–Schmidt to obtain the orthonormal basis, computes the orthogonal projection of sin(x) as a quadratic with the correct coefficients, and obtains the residual norm approximately 0.319."
"du03_2","2937","4","true","Gramova–Schmidtova ortogonalizace vede ke správné ortonormální bázi (1/2, (√3/4)(x−3), (√5/16)(3x²−18x+23)). Správně určujete také projekci přibližně −0,0525x²−0,3315x+1,6013 a normu rozdílu přibližně 0,3188. Řešení je úplné.","The response correctly applies Gram–Schmidt to obtain the orthonormal basis, computes the orthogonal projection of sin(x) as a quadratic with the correct coefficients, and obtains the residual norm approximately 0.319."
"du03_2","2947","3.5","false","V odvození i při projekci správně používáte druhý vektor (√3/4)(x−3). V konečném zápisu ortonormální báze je ale uvedeno (√3/4)(x+3), což není ortogonální k konstantnímu vektoru. Jde o znaménkovou chybu v samotném výsledku části (a); projekce a norma jsou jinak správně.","The derivation and all later numerical results use the correct second basis vector, but the final displayed basis states x+3 instead of x−3."
"du03_2","2948","4","true","Gramova–Schmidtova ortogonalizace vede ke správné ortonormální bázi (1/2, (√3/4)(x−3), (√5/16)(3x²−18x+23)). Správně určujete také projekci přibližně −0,0525x²−0,3315x+1,6013 a normu rozdílu přibližně 0,3188. Řešení je úplné.","The response correctly applies Gram–Schmidt to obtain the orthonormal basis, computes the orthogonal projection of sin(x) as a quadratic with the correct coefficients, and obtains the residual norm approximately 0.319."
"du03_2","2978","3.5","false","Ortonormální báze i projekční polynom jsou správně. V části (c) však při použití Pythagorovy věty dosazujete chybnou hodnotu ||p||², a proto vychází norma 0,2835. Správně je ||sin−p||²≈0,10163 a tedy ||sin−p||≈0,3188.","The orthonormal basis and projection are correct, but the Pythagorean computation uses an incorrect value of the projection norm, giving 0.2835 instead of about 0.3188."
"du03_2","2981","4","true","Gramova–Schmidtova ortogonalizace vede ke správné ortonormální bázi (1/2, (√3/4)(x−3), (√5/16)(3x²−18x+23)). Správně určujete také projekci přibližně −0,0525x²−0,3315x+1,6013 a normu rozdílu přibližně 0,3188. Řešení je úplné.","The response correctly applies Gram–Schmidt to obtain the orthonormal basis, computes the orthogonal projection of sin(x) as a quadratic with the correct coefficients, and obtains the residual norm approximately 0.319."
"du03_2","2984","4","true","Gramova–Schmidtova ortogonalizace vede ke správné ortonormální bázi (1/2, (√3/4)(x−3), (√5/16)(3x²−18x+23)). Správně určujete také projekci přibližně −0,0525x²−0,3315x+1,6013 a normu rozdílu přibližně 0,3188. Řešení je úplné.","The response correctly applies Gram–Schmidt to obtain the orthonormal basis, computes the orthogonal projection of sin(x) as a quadratic with the correct coefficients, and obtains the residual norm approximately 0.319."
"du03_2","2993","3.5","false","Báze i projekce jsou blízko správnému výsledku, i když konstantní člen 1,60727 je mírně posunutý. Zásadní chyba je v části (c): norma rozdílu není 0,484545, ale přibližně 0,3188. Je třeba znovu vyhodnotit integrál druhé mocniny rezidua a teprve poté odmocnit.","The basis and projection are close to correct, but the residual norm 0.484545 is incorrect; it should be about 0.3188."
"du03_2","3000","3","false","Ortonormální báze je správně. Projekci −0,05x²−0,32x+1,58 jste zaokrouhlil příliš hrubě a v části (c) uvádíte dva různé výsledky, 0,5 a 0,33. Správná projekce je přibližně −0,0525x²−0,3315x+1,6013 a její reziduální norma přibližně 0,3188.","The basis is correct, but the projection is too coarsely rounded and two mutually inconsistent residual norms, 0.5 and 0.33, are reported."
"du03_2","3001","3.5","false","Konečná báze, projekce i norma jsou správně. V mezikroku při výpočtu třetí projekce však zapisujete druhý bázový vektor se znaménkem plus, tedy jako násobek x+3, ačkoli správně je x−3 a právě tuto správnou variantu následně fakticky používáte. Zápis je proto v jednom podstatném kroku nekonzistentní.","The final basis, projection, and norm are correct, but one displayed formula in the third projection step uses x+3 instead of x−3, contradicting the obtained result."
"du03_2","3003","3.5","false","Ortonormální báze je správně. Při roznásobení projekce se však objeví početní chyba a dostanete −0,054x²−0,323x+1,591 místo přibližně −0,0525x²−0,3315x+1,6013. Uvedená norma 0,3188 odpovídá správné projekci, nikoli přesně zapsanému polynomu.","The basis is correct, but an arithmetic error in expanding the projection produces shifted coefficients even though the final residual norm is close to correct."
"du03_2","3008","3","false","Ortonormální báze je správně. Skalární součin se třetím bázovým vektorem má být přibližně −0,125, nikoli −0,089, takže vzniká chybná projekce −0,037x²−0,42x+1,7. Navíc 0,12 v části (c) je druhá mocnina normy, ne norma; pro správnou projekci je norma přibližně 0,3188.","The basis is correct, but the third projection coefficient is evaluated incorrectly, and the final line reports the squared norm 0.12 as though it were the norm."
"du03_2","3025","4","true","Gramova–Schmidtova ortogonalizace vede ke správné ortonormální bázi (1/2, (√3/4)(x−3), (√5/16)(3x²−18x+23)). Správně určujete také projekci přibližně −0,0525x²−0,3315x+1,6013 a normu rozdílu přibližně 0,3188. Řešení je úplné.","The response correctly applies Gram–Schmidt to obtain the orthonormal basis, computes the orthogonal projection of sin(x) as a quadratic with the correct coefficients, and obtains the residual norm approximately 0.319."
"du03_2","3036","4","true","Gramova–Schmidtova ortogonalizace vede ke správné ortonormální bázi (1/2, (√3/4)(x−3), (√5/16)(3x²−18x+23)). Správně určujete také projekci přibližně −0,0525x²−0,3315x+1,6013 a normu rozdílu přibližně 0,3188. Řešení je úplné.","The response correctly applies Gram–Schmidt to obtain the orthonormal basis, computes the orthogonal projection of sin(x) as a quadratic with the correct coefficients, and obtains the residual norm approximately 0.319."
"du03_2","3038","3.5","false","Výsledná báze, projekce i norma jsou správně. U třetího Fourierova koeficientu ale jednou výslovně píšete −6,125, zatímco v dalším kroku bez vysvětlení používáte správnou hodnotu −0,125. Tento mezivýsledek je nutné opravit, aby byl postup konzistentní.","The final basis, projection, and norm are correct, but the third Fourier coefficient is explicitly written once as −6.125 and then silently used as −0.125."
"du03_2","3039","3.5","false","Konečný třetí normalizovaný vektor, projekce i norma rozdílu jsou správně. V části (a) však označujete 256/45 jako normu třetího ortogonálního vektoru; jde o druhou mocninu normy. Samotná norma je 16/(3√5).","The final normalized third vector and all later results are correct, but the work labels 256/45 as the norm rather than the squared norm."
"du03_2","3041","2.5","false","První dva bázové vektory jsou správně, ale třetí ortogonální vektor má být x²−6x+23/3, nikoli x²−6x−23/3. V projekci pak vychází konstantní člen 1,40 místo přibližně 1,6013. Norma 0,32 je s uvedeným chybným polynomem nekonzistentní.","The third basis polynomial has the wrong sign on its constant term, and the independently computed projection has an incorrect constant coefficient; the residual norm is inconsistent with that polynomial."
"du03_2","3045","4","true","Gramova–Schmidtova ortogonalizace vede ke správné ortonormální bázi (1/2, (√3/4)(x−3), (√5/16)(3x²−18x+23)). Správně určujete také projekci přibližně −0,0525x²−0,3315x+1,6013 a normu rozdílu přibližně 0,3188. Řešení je úplné.","The response correctly applies Gram–Schmidt to obtain the orthonormal basis, computes the orthogonal projection of sin(x) as a quadratic with the correct coefficients, and obtains the residual norm approximately 0.319."
"du03_2","3056","3.5","false","Báze je v použité numerické přesnosti správně. Projekce −0,050x²−0,346x+1,620 se však už citelně liší od správných přibližných koeficientů −0,0525, −0,3315 a 1,6013. Norma 0,319 je správná pro přesnější projekci, nikoli přesně pro uvedený polynom.","The basis is essentially correct, but the projection coefficients are noticeably shifted while the reported norm corresponds to the more accurate projection."
"du03_2","3072","3.5","false","Ortonormální báze i projekce jsou správně. V části (c) správně dostáváte integrál přibližně 0,102, ale tento výsledek je ||sin−p||². Po odmocnění má požadovaná norma hodnotu přibližně 0,3188, nikoli 0,102.","The basis and projection are correct, but after forming the square root the response reports 0.102, which is the squared norm, instead of the requested norm about 0.319."
"du03_2","3075","3.5","false","Ortonormální báze i norma přibližně 0,319 jsou správně. Projekce −0,053x²−0,328x+1,594 je ale numericky posunutá; správně má být přibližně −0,0525x²−0,3315x+1,6013.","The basis and norm are correct, but the projection coefficients, especially the constant 1.594, are outside the expected rounding of the correct values."
"du03_2","3076","2","false","V Gramově–Schmidtově postupu se objevují chyby v normalizaci a soustava pro projekci má nesprávnou pravou stranu. Výsledný polynom 0,74x²−1,77x+3,06 proto není ortogonální projekcí a norma 0,55 také není správná. Správná projekce je přibližně −0,0525x²−0,3315x+1,6013 a norma 0,3188.","The Gram–Schmidt computation contains normalization errors, and the normal-equation right-hand side is also wrong; the resulting projection and norm are incorrect."
"du03_2","3077","3.5","false","Ortonormální báze i projekční polynom jsou správně. V části (c) ale ponecháváte pouze integrál definující normu a neuvedete jeho hodnotu. Po vyhodnocení vychází ||sin−p||≈0,3188.","The basis and projection are correct, but the residual norm is left only as an unevaluated integral, so part (c) is incomplete."
"du03_2","3090","4","true","Gramova–Schmidtova ortogonalizace vede ke správné ortonormální bázi (1/2, (√3/4)(x−3), (√5/16)(3x²−18x+23)). Správně určujete také projekci přibližně −0,0525x²−0,3315x+1,6013 a normu rozdílu přibližně 0,3188. Řešení je úplné.","The response correctly applies Gram–Schmidt to obtain the orthonormal basis, computes the orthogonal projection of sin(x) as a quadratic with the correct coefficients, and obtains the residual norm approximately 0.319."
"du03_2","3094","3.5","false","Ortonormální báze i norma přibližně 0,319 jsou správně. Projekce −0,053x²−0,324x+1,599 však má zejména lineární koeficient posunutý oproti správné hodnotě přibližně −0,3315; je třeba zachovat větší přesnost mezivýsledků.","The basis and residual norm are correct, but the projection coefficients are slightly beyond the stated numerical accuracy, especially the linear coefficient."
"du03_2","3102","4","true","Gramova–Schmidtova ortogonalizace vede ke správné ortonormální bázi (1/2, (√3/4)(x−3), (√5/16)(3x²−18x+23)). Správně určujete také projekci přibližně −0,0525x²−0,3315x+1,6013 a normu rozdílu přibližně 0,3188. Řešení je úplné.","The response correctly applies Gram–Schmidt to obtain the orthonormal basis, computes the orthogonal projection of sin(x) as a quadratic with the correct coefficients, and obtains the residual norm approximately 0.319."
"du03_2","3104","4","true","Gramova–Schmidtova ortogonalizace vede ke správné ortonormální bázi (1/2, (√3/4)(x−3), (√5/16)(3x²−18x+23)). Správně určujete také projekci přibližně −0,0525x²−0,3315x+1,6013 a normu rozdílu přibližně 0,3188. Řešení je úplné.","The response correctly applies Gram–Schmidt to obtain the orthonormal basis, computes the orthogonal projection of sin(x) as a quadratic with the correct coefficients, and obtains the residual norm approximately 0.319."
"du03_2","3108","4","true","Gramova–Schmidtova ortogonalizace vede ke správné ortonormální bázi (1/2, (√3/4)(x−3), (√5/16)(3x²−18x+23)). Správně určujete také projekci přibližně −0,0525x²−0,3315x+1,6013 a normu rozdílu přibližně 0,3188. Řešení je úplné.","The response correctly applies Gram–Schmidt to obtain the orthonormal basis, computes the orthogonal projection of sin(x) as a quadratic with the correct coefficients, and obtains the residual norm approximately 0.319."
"du03_2","3115","3","false","Ortonormální báze je správně. Při skládání projekce ale vzniká algebraická chyba v konstantním členu: místo přibližně 1,6013 uvádíte 5,99. Z toho plyne i chybná norma 11,01; správná norma rezidua je přibližně 0,3188.","The orthonormal basis is correct, but an algebraic error gives the projection constant as 5.99 and the residual norm as 11.01; both are substantially wrong."
"du03_2","3116","3","false","Ortonormální báze a symbolické složky projekce jsou správně. Chybí však jejich roznásobení do požadovaného tvaru ax²+bx+c, který je přibližně −0,0525x²−0,3315x+1,6013. Norma 0,285 není správná; po výpočtu vychází přibližně 0,3188.","The basis and symbolic projection components are correct, but the requested polynomial coefficients are not given and the reported residual norm 0.285 is incorrect."
"du03_2","3121","2","false","Chybně počítáte ∫₁⁵(x−3)²dx jako 64/3; správně je 16/3. Druhý a následně třetí bázový vektor proto nejsou ortonormální. Výsledná projekce −0,0523x²−0,0911x+0,8974 ani norma 0,252 nejsou správně; správná norma je přibližně 0,3188.","The integral of (x−3)² is computed incorrectly, so the second and third vectors are not normalized correctly; this propagates to an incorrect projection and norm."
"du03_2","3128","3","false","Gramova–Schmidtova část přes poněkud nejasný zápis vede ke správné bázi. Projekce −0,122x²+0,729x+0,203 je však chybná; správně má být přibližně −0,0525x²−0,3315x+1,6013. Proto je chybná i norma 2,622, jejíž správná hodnota je přibližně 0,3188.","The Gram–Schmidt part reaches the correct basis, but the reported projection and residual norm are substantially incorrect."
"du03_2","3135","4","true","Gramova–Schmidtova ortogonalizace vede ke správné ortonormální bázi (1/2, (√3/4)(x−3), (√5/16)(3x²−18x+23)). Správně určujete také projekci přibližně −0,0525x²−0,3315x+1,6013 a normu rozdílu přibližně 0,3188. Řešení je úplné.","The response correctly applies Gram–Schmidt to obtain the orthonormal basis, computes the orthogonal projection of sin(x) as a quadratic with the correct coefficients, and obtains the residual norm approximately 0.319."
"du03_2","3149","4","true","Gramova–Schmidtova ortogonalizace vede ke správné ortonormální bázi (1/2, (√3/4)(x−3), (√5/16)(3x²−18x+23)). Správně určujete také projekci přibližně −0,0525x²−0,3315x+1,6013 a normu rozdílu přibližně 0,3188. Řešení je úplné.","The response correctly applies Gram–Schmidt to obtain the orthonormal basis, computes the orthogonal projection of sin(x) as a quadratic with the correct coefficients, and obtains the residual norm approximately 0.319."
"du03_2","3164","3","false","Ortonormální báze je správně. Při sestavení projekce ale dostáváte −0,1252x²+0,1046x+1,0441, což není správný součet Fourierových složek; má vyjít přibližně −0,0525x²−0,3315x+1,6013. Norma 0,3629 je proto také chybná; správně přibližně 0,3188.","The orthonormal basis is correct, but the projection is expanded incorrectly, and the resulting residual norm is also inaccurate."
"du03_2","3165","4","true","Gramova–Schmidtova ortogonalizace vede ke správné ortonormální bázi (1/2, (√3/4)(x−3), (√5/16)(3x²−18x+23)). Správně určujete také projekci přibližně −0,0525x²−0,3315x+1,6013 a normu rozdílu přibližně 0,3188. Řešení je úplné.","The response correctly applies Gram–Schmidt to obtain the orthonormal basis, computes the orthogonal projection of sin(x) as a quadratic with the correct coefficients, and obtains the residual norm approximately 0.319."
"du03_2","3167","4","true","Gramova–Schmidtova ortogonalizace vede ke správné ortonormální bázi (1/2, (√3/4)(x−3), (√5/16)(3x²−18x+23)). Správně určujete také projekci přibližně −0,0525x²−0,3315x+1,6013 a normu rozdílu přibližně 0,3188. Řešení je úplné.","The response correctly applies Gram–Schmidt to obtain the orthonormal basis, computes the orthogonal projection of sin(x) as a quadratic with the correct coefficients, and obtains the residual norm approximately 0.319."
"du03_2","3174","3.5","false","Báze je uvedena jen hrubě numericky a u třetího vektoru používáte přibližný konstantní člen 7,82 místo 23/3≈7,667. Projekce −0,045x²−0,38x+1,66 se proto citelně liší od správné −0,0525x²−0,3315x+1,6013. Norma 0,32 je blízko správné hodnotě.","The basis is only coarsely approximated and the projection coefficients, especially the linear term, are noticeably inaccurate, although the residual norm is close."
"du03_2","3188","4","true","Gramova–Schmidtova ortogonalizace vede ke správné ortonormální bázi (1/2, (√3/4)(x−3), (√5/16)(3x²−18x+23)). Správně určujete také projekci přibližně −0,0525x²−0,3315x+1,6013 a normu rozdílu přibližně 0,3188. Řešení je úplné.","The response correctly applies Gram–Schmidt to obtain the orthonormal basis, computes the orthogonal projection of sin(x) as a quadratic with the correct coefficients, and obtains the residual norm approximately 0.319."
"du03_2","3193","3.5","false","V seznamu koeficientů máte správně b≈−0,33 a také integrál v části (c) používá záporný lineární člen. V řádku s výsledným polynomem však píšete +0,33x. Správná projekce je −0,0525x²−0,3315x+1,6013; je nutné sjednotit znaménko ve výsledku.","The coefficient list and residual computation use the correct negative linear coefficient, but the final displayed polynomial writes +0.33x, creating a sign contradiction."
"du03_2","3196","4","true","Gramova–Schmidtova ortogonalizace vede ke správné ortonormální bázi (1/2, (√3/4)(x−3), (√5/16)(3x²−18x+23)). Správně určujete také projekci přibližně −0,0525x²−0,3315x+1,6013 a normu rozdílu přibližně 0,3188. Řešení je úplné.","The response correctly applies Gram–Schmidt to obtain the orthonormal basis, computes the orthogonal projection of sin(x) as a quadratic with the correct coefficients, and obtains the residual norm approximately 0.319."
"du03_2","3204","4","true","Gramova–Schmidtova ortogonalizace vede ke správné ortonormální bázi (1/2, (√3/4)(x−3), (√5/16)(3x²−18x+23)). Správně určujete také projekci přibližně −0,0525x²−0,3315x+1,6013 a normu rozdílu přibližně 0,3188. Řešení je úplné.","The response correctly applies Gram–Schmidt to obtain the orthonormal basis, computes the orthogonal projection of sin(x) as a quadratic with the correct coefficients, and obtains the residual norm approximately 0.319."
"du03_2","3205","3","false","Ortonormální báze je v zásadě správná. Projekce −0,05x²−0,31x+1,58 se však znatelně liší od správných koeficientů přibližně −0,0525, −0,3315 a 1,6013. Norma 0,358 je také chybná; správně vychází přibližně 0,3188.","The orthonormal basis is essentially correct, but the projection is too inaccurate and the residual norm 0.358 differs materially from the correct value about 0.319."
"du03_2","3209","2.5","false","Gramova–Schmidtova část a výsledná ortonormální báze jsou správně. Projekce −0,298x²+1,145x−0,286 však není správným součtem projekčních složek; správně má být přibližně −0,0525x²−0,3315x+1,6013. Norma 0,666 je proto chybná, správně přibližně 0,3188.","The Gram–Schmidt basis is correct, but the projection coefficients are substantially wrong and the resulting residual norm 0.666 is incorrect."
"du03_2","3213","4","true","Gramova–Schmidtova ortogonalizace vede ke správné ortonormální bázi (1/2, (√3/4)(x−3), (√5/16)(3x²−18x+23)). Správně určujete také projekci přibližně −0,0525x²−0,3315x+1,6013 a normu rozdílu přibližně 0,3188. Řešení je úplné.","The response correctly applies Gram–Schmidt to obtain the orthonormal basis, computes the orthogonal projection of sin(x) as a quadratic with the correct coefficients, and obtains the residual norm approximately 0.319."
"du03_2","3218","3.5","false","Přesný postup i výsledný hrubě zaokrouhlený polynom jsou v zásadě správně. V rozpisu ale uvádíte skalární součiny 0,41 a −0,76, které neodpovídají správným hodnotám přibližně 0,128 a −1,493. Tyto mezivýsledky je nutné opravit; norma přibližně 0,326 je navíc jen hrubým přiblížením správných 0,3188.","The exact setup and final rounded polynomial are essentially correct, but two displayed inner products, 0.41 and −0.76, contradict the correct values used by the result."
"du03_2","3221","3.5","false","Ortonormální báze je správně. Projekce −0,05x²−0,335x+1,61 je ale kvůli zaokrouhlení posunutá, zejména v konstantním členu; správně je přibližně −0,0525x²−0,3315x+1,6013. Norma 0,32 je přijatelným zaokrouhlením.","The basis is correct, but the projection constant 1.61 is outside the expected rounding of approximately 1.6013; the residual norm is otherwise close."
"du03_2","3223","4","true","Gramova–Schmidtova ortogonalizace vede ke správné ortonormální bázi (1/2, (√3/4)(x−3), (√5/16)(3x²−18x+23)). Správně určujete také projekci přibližně −0,0525x²−0,3315x+1,6013 a normu rozdílu přibližně 0,3188. Řešení je úplné.","The response correctly applies Gram–Schmidt to obtain the orthonormal basis, computes the orthogonal projection of sin(x) as a quadratic with the correct coefficients, and obtains the residual norm approximately 0.319."
"du03_2","3225","4","true","Gramova–Schmidtova ortogonalizace vede ke správné ortonormální bázi (1/2, (√3/4)(x−3), (√5/16)(3x²−18x+23)). Správně určujete také projekci přibližně −0,0525x²−0,3315x+1,6013 a normu rozdílu přibližně 0,3188. Řešení je úplné.","The response correctly applies Gram–Schmidt to obtain the orthonormal basis, computes the orthogonal projection of sin(x) as a quadratic with the correct coefficients, and obtains the residual norm approximately 0.319."
"du03_2","3227","4","true","Gramova–Schmidtova ortogonalizace vede ke správné ortonormální bázi (1/2, (√3/4)(x−3), (√5/16)(3x²−18x+23)). Správně určujete také projekci přibližně −0,0525x²−0,3315x+1,6013 a normu rozdílu přibližně 0,3188. Řešení je úplné.","The response correctly applies Gram–Schmidt to obtain the orthonormal basis, computes the orthogonal projection of sin(x) as a quadratic with the correct coefficients, and obtains the residual norm approximately 0.319."
"du03_2","3233","2.5","false","Ortonormální báze je správně. Třetí Fourierův koeficient však uvádíte přibližně −1,78 místo −0,125, takže projekce −0,75x²+3,83x−3,72 i norma 1,70 jsou chybné. Správná projekce je přibližně −0,0525x²−0,3315x+1,6013 a norma 0,3188.","The orthonormal basis is correct, but the third Fourier coefficient is badly mis-evaluated, producing a wrong projection and residual norm."
"du03_2","3240","4","true","Gramova–Schmidtova ortogonalizace vede ke správné ortonormální bázi (1/2, (√3/4)(x−3), (√5/16)(3x²−18x+23)). Správně určujete také projekci přibližně −0,0525x²−0,3315x+1,6013 a normu rozdílu přibližně 0,3188. Řešení je úplné.","The response correctly applies Gram–Schmidt to obtain the orthonormal basis, computes the orthogonal projection of sin(x) as a quadratic with the correct coefficients, and obtains the residual norm approximately 0.319."
"du03_2","3241","4","true","Gramova–Schmidtova ortogonalizace vede ke správné ortonormální bázi (1/2, (√3/4)(x−3), (√5/16)(3x²−18x+23)). Správně určujete také projekci přibližně −0,0525x²−0,3315x+1,6013 a normu rozdílu přibližně 0,3188. Řešení je úplné.","The response correctly applies Gram–Schmidt to obtain the orthonormal basis, computes the orthogonal projection of sin(x) as a quadratic with the correct coefficients, and obtains the residual norm approximately 0.319."
"du03_2","3242","3.5","false","Ortonormální báze je správně a projekce −0,053x²−0,329x+1,598 je blízko správným hodnotám. V části (c) však vychází norma 0,313, zatímco správné numerické vyhodnocení dává přibližně 0,3188.","The basis and projection are close to correct, but the residual norm is evaluated as 0.313 instead of about 0.3188."
"du03_2","3245","4","true","Gramova–Schmidtova ortogonalizace vede ke správné ortonormální bázi (1/2, (√3/4)(x−3), (√5/16)(3x²−18x+23)). Správně určujete také projekci přibližně −0,0525x²−0,3315x+1,6013 a normu rozdílu přibližně 0,3188. Řešení je úplné.","The response correctly applies Gram–Schmidt to obtain the orthonormal basis, computes the orthogonal projection of sin(x) as a quadratic with the correct coefficients, and obtains the residual norm approximately 0.319."
"du03_2","3253","4","true","Gramova–Schmidtova ortogonalizace vede ke správné ortonormální bázi (1/2, (√3/4)(x−3), (√5/16)(3x²−18x+23)). Správně určujete také projekci přibližně −0,0525x²−0,3315x+1,6013 a normu rozdílu přibližně 0,3188. Řešení je úplné.","The response correctly applies Gram–Schmidt to obtain the orthonormal basis, computes the orthogonal projection of sin(x) as a quadratic with the correct coefficients, and obtains the residual norm approximately 0.319."
"du03_2","3254","4","true","Gramova–Schmidtova ortogonalizace vede ke správné ortonormální bázi (1/2, (√3/4)(x−3), (√5/16)(3x²−18x+23)). Správně určujete také projekci přibližně −0,0525x²−0,3315x+1,6013 a normu rozdílu přibližně 0,3188. Řešení je úplné.","The response correctly applies Gram–Schmidt to obtain the orthonormal basis, computes the orthogonal projection of sin(x) as a quadratic with the correct coefficients, and obtains the residual norm approximately 0.319."
"du03_2","3256","4","true","Gramova–Schmidtova ortogonalizace vede ke správné ortonormální bázi (1/2, (√3/4)(x−3), (√5/16)(3x²−18x+23)). Správně určujete také projekci přibližně −0,0525x²−0,3315x+1,6013 a normu rozdílu přibližně 0,3188. Řešení je úplné.","The response correctly applies Gram–Schmidt to obtain the orthonormal basis, computes the orthogonal projection of sin(x) as a quadratic with the correct coefficients, and obtains the residual norm approximately 0.319."
"du03_2","3259","3.5","false","V odvození správně získáváte první bázový vektor 1/2 a projekce i norma jsou správně. V konečném zápisu báze ale uvádíte jako první prvek 1/4, který nemá jednotkovou normu. Opravte tento výsledný zápis na 1/2.","The derivation uses the correct first basis vector 1/2 and all later results are correct, but the final displayed basis lists its first entry as 1/4."
"du03_2","3261","2","false","První dva prvky báze jsou správné, ale u třetího používáte normu 8/(3√5) místo 16/(3√5), takže vektor není jednotkový. Z toho vzniká chybná projekce −0,111x²+1,104x−0,778 a nereálná norma 0,035. Správná projekce je přibližně −0,0525x²−0,3315x+1,6013 a norma 0,3188.","The third Gram–Schmidt vector is normalized by an incorrect factor, and the projection and residual norm are consequently far from the correct values."
"du03_2","3264","2.5","false","Ortonormální bázi máte správně. Skalární součin se třetím bázovým vektorem však vyhodnocujete chybně jako přibližně −0,053 místo −0,125 a následně dostáváte projekci −0,009x²−0,591x+1,934. Ta není správná, takže ani norma 0,335 není výsledkem požadované projekce; správná norma je přibližně 0,3188.","The orthonormal basis is correct, but the third Fourier coefficient and the expansion of the projection are wrong; the residual norm is therefore not reliable."
"du03_2","3265","3","false","Ortonormální báze je správně. Při skládání projekce ale vzniknou početní chyby: výsledný polynom −0,05x²−0,34x+1,668 má zejména chybný konstantní člen. Správně má být přibližně −0,0525x²−0,3315x+1,6013 a norma rozdílu přibližně 0,3188, nikoli 0,346.","The basis is correct, but numerical errors in assembling the projection shift the constant term to 1.668 and give an incorrect residual norm 0.346."
"du03_2","3268","4","true","Gramova–Schmidtova ortogonalizace vede ke správné ortonormální bázi (1/2, (√3/4)(x−3), (√5/16)(3x²−18x+23)). Správně určujete také projekci přibližně −0,0525x²−0,3315x+1,6013 a normu rozdílu přibližně 0,3188. Řešení je úplné.","The response correctly applies Gram–Schmidt to obtain the orthonormal basis, computes the orthogonal projection of sin(x) as a quadratic with the correct coefficients, and obtains the residual norm approximately 0.319."
"du03_2","3269","3.5","false","Ortonormální báze a koeficienty u x² a x jsou správně. Konstantní člen projekce však vychází 1,6784 místo přibližně 1,6013. Norma 0,3206 je blízko správné hodnotě jen pro opravený polynom, nikoli pro ten uvedený.","The basis and two projection coefficients are correct, but the constant term 1.6784 is substantially wrong; the reported norm is inconsistent with that polynomial."
"du03_2","3271","4","true","Gramova–Schmidtova ortogonalizace vede ke správné ortonormální bázi (1/2, (√3/4)(x−3), (√5/16)(3x²−18x+23)). Správně určujete také projekci přibližně −0,0525x²−0,3315x+1,6013 a normu rozdílu přibližně 0,3188. Řešení je úplné.","The response correctly applies Gram–Schmidt to obtain the orthonormal basis, computes the orthogonal projection of sin(x) as a quadratic with the correct coefficients, and obtains the residual norm approximately 0.319."
"du03_2","3275","4","true","Gramova–Schmidtova ortogonalizace vede ke správné ortonormální bázi (1/2, (√3/4)(x−3), (√5/16)(3x²−18x+23)). Správně určujete také projekci přibližně −0,0525x²−0,3315x+1,6013 a normu rozdílu přibližně 0,3188. Řešení je úplné.","The response correctly applies Gram–Schmidt to obtain the orthonormal basis, computes the orthogonal projection of sin(x) as a quadratic with the correct coefficients, and obtains the residual norm approximately 0.319."
"du03_2","3276","2.5","false","Ortonormální báze je správně. V části (b) ale používáte Fourierovy souřadnice (0,128, −1,493, −0,125) přímo jako koeficienty u 1, x a x². Tyto souřadnice patří k nalezeným bázovým funkcím a po jejich rozvinutí má projekce tvar přibližně −0,0525x²−0,3315x+1,6013. Proto je i vypočtená norma kolem 12 chybná; správně je 0,3188.","The orthonormal basis is correct, but the Fourier coordinates are incorrectly treated as coefficients of 1, x, and x²; this makes both the projection and norm wrong."
"du03_2","3277","4","true","Gramova–Schmidtova ortogonalizace vede ke správné ortonormální bázi (1/2, (√3/4)(x−3), (√5/16)(3x²−18x+23)). Správně určujete také projekci přibližně −0,0525x²−0,3315x+1,6013 a normu rozdílu přibližně 0,3188. Řešení je úplné.","The response correctly applies Gram–Schmidt to obtain the orthonormal basis, computes the orthogonal projection of sin(x) as a quadratic with the correct coefficients, and obtains the residual norm approximately 0.319."
"du03_2","3281","4","true","Gramova–Schmidtova ortogonalizace vede ke správné ortonormální bázi (1/2, (√3/4)(x−3), (√5/16)(3x²−18x+23)). Správně určujete také projekci přibližně −0,0525x²−0,3315x+1,6013 a normu rozdílu přibližně 0,3188. Řešení je úplné.","The response correctly applies Gram–Schmidt to obtain the orthonormal basis, computes the orthogonal projection of sin(x) as a quadratic with the correct coefficients, and obtains the residual norm approximately 0.319."
"du03_2","3285","4","true","Gramova–Schmidtova ortogonalizace vede ke správné ortonormální bázi (1/2, (√3/4)(x−3), (√5/16)(3x²−18x+23)). Správně určujete také projekci přibližně −0,0525x²−0,3315x+1,6013 a normu rozdílu přibližně 0,3188. Řešení je úplné.","The response correctly applies Gram–Schmidt to obtain the orthonormal basis, computes the orthogonal projection of sin(x) as a quadratic with the correct coefficients, and obtains the residual norm approximately 0.319."
"du03_2","3294","4","true","Gramova–Schmidtova ortogonalizace vede ke správné ortonormální bázi (1/2, (√3/4)(x−3), (√5/16)(3x²−18x+23)). Správně určujete také projekci přibližně −0,0525x²−0,3315x+1,6013 a normu rozdílu přibližně 0,3188. Řešení je úplné.","The response correctly applies Gram–Schmidt to obtain the orthonormal basis, computes the orthogonal projection of sin(x) as a quadratic with the correct coefficients, and obtains the residual norm approximately 0.319."
"du03_2","3297","4","true","Gramova–Schmidtova ortogonalizace vede ke správné ortonormální bázi (1/2, (√3/4)(x−3), (√5/16)(3x²−18x+23)). Správně určujete také projekci přibližně −0,0525x²−0,3315x+1,6013 a normu rozdílu přibližně 0,3188. Řešení je úplné.","The response correctly applies Gram–Schmidt to obtain the orthonormal basis, computes the orthogonal projection of sin(x) as a quadratic with the correct coefficients, and obtains the residual norm approximately 0.319."
"du03_2","3298","4","true","Gramova–Schmidtova ortogonalizace vede ke správné ortonormální bázi (1/2, (√3/4)(x−3), (√5/16)(3x²−18x+23)). Správně určujete také projekci přibližně −0,0525x²−0,3315x+1,6013 a normu rozdílu přibližně 0,3188. Řešení je úplné.","The response correctly applies Gram–Schmidt to obtain the orthonormal basis, computes the orthogonal projection of sin(x) as a quadratic with the correct coefficients, and obtains the residual norm approximately 0.319."
"du03_2","3299","1","false","Hned první normalizace je obráceně: z vektoru 1 má vzniknout 1/2, nikoli 2. Tím přestává být další Gramův–Schmidtův postup ortonormální a všechny následující výsledky jsou chybné. Správná báze začíná 1/2 a (√3/4)(x−3), projekce je přibližně −0,0525x²−0,3315x+1,6013 a norma 0,3188.","The first vector is normalized in the wrong direction, so the purported basis is not orthonormal; all subsequent projection and norm calculations are consequently incorrect."
"du03_2","3305","2.5","false","Konečná ortonormální báze je správně. V části (b) je však chybně vyhodnocen příspěvek třetího bázového vektoru, takže dostáváte projekci −0,009x²−0,591x+1,934 místo přibližně −0,0525x²−0,3315x+1,6013. Norma 0,335 pak není správnou reziduální normou; ta je přibližně 0,3188.","The final orthonormal basis is correct, but the third Fourier coefficient and projection expansion are wrong, leading to an incorrect polynomial and norm."
"du03_2","3309","4","true","Gramova–Schmidtova ortogonalizace vede ke správné ortonormální bázi (1/2, (√3/4)(x−3), (√5/16)(3x²−18x+23)). Správně určujete také projekci přibližně −0,0525x²−0,3315x+1,6013 a normu rozdílu přibližně 0,3188. Řešení je úplné.","The response correctly applies Gram–Schmidt to obtain the orthonormal basis, computes the orthogonal projection of sin(x) as a quadratic with the correct coefficients, and obtains the residual norm approximately 0.319."
"du03_2","3317","3.5","false","Postup je správný, ale třetí vektor normalizujete jen hrubými hodnotami 7,67 a 2,33 místo přesnějších 23/3 a 2,385. To se promítne do projekce −0,052x²−0,34x+1,62, která je oproti správné přibližně −0,0525x²−0,3315x+1,6013 příliš nepřesná. Norma 0,32 je jinak přijatelná.","The method is correct, but coarse approximations in the third basis vector propagate to projection coefficients −0.052, −0.34, 1.62, which are less accurate than requested."
"du03_2","3329","3.5","false","Ortonormální báze je správně. Fourierovy koeficienty ale před roznásobením zaokrouhlujete na dvě desetinná místa, takže výsledné koeficienty vycházejí přibližně −0,0545, −0,314 a 1,584 místo −0,0525, −0,3315 a 1,6013. Norma 0,32 je blízko správné hodnotě, avšak část (b) potřebuje přesnější mezivýsledky.","The basis is correct, but rounding all Fourier coefficients to two decimals before expansion noticeably shifts the linear and constant projection coefficients."
"du03_2","3340","3.5","false","Konečná báze, polynom i norma jsou numericky správně. V odvození projekce však nesprávně píšete například α₃u₃ jen jako −0,053x², α₂u₂ jen jako −0,332x a α₁u₁ jako 1,602; každý z těchto součinů má i další členy. Správné koeficienty vzniknou až po úplném roznásobení a sečtení všech tří příspěvků, takže uvedený mezikrok je matematicky neplatný.","The final basis, polynomial, and norm are numerically correct, but the projection derivation falsely identifies the individual terms α3u3, α2u2, and α1u1 with single monomials; their omitted components only cancel after summation."
"du03_2","3344","2.5","false","Gramova–Schmidtova báze je v zásadě správně. Soustava normálních rovnic pro projekci je ale vyřešena chybně: koeficienty −0,329, 1,547 a −1,271 neodpovídají zapsané soustavě ani správné projekci −0,0525x²−0,3315x+1,6013. Proto je chybná i norma 0,894; správně přibližně 0,3188.","The Gram–Schmidt basis is essentially correct, but the normal equations are solved incorrectly, producing a wrong projection and residual norm."
"du03_2","3345","3.5","false","Ortonormální báze i norma přibližně 0,3188 jsou správně. V projekci však uvádíte lineární koeficient −0,322 místo přibližně −0,3315; ostatní dva koeficienty jsou blízko správným hodnotám. Je třeba zpřesnit výpočet tohoto členu.","The basis and norm are correct, but the linear coefficient of the projection is reported as −0.322 instead of approximately −0.3315."
"du03_2","3347","2.5","false","Ortonormální báze je správně. Při výpočtu projekce však vychází −0,052x²−0,978x+3,541, což má chybné lineární i konstantní členy; správně je přibližně −0,0525x²−0,3315x+1,6013. Norma 1,519 je proto také chybná, správně je přibližně 0,3188.","The orthonormal basis is correct, but the projection expansion is substantially wrong and the residual norm is consequently incorrect."
"du03_2","3349","2","false","První dva bázové vektory jsou správně. Ve třetím kroku však dostáváte konstantní člen 17/3 místo 23/3, takže báze není ortonormální. Ani následná projekce −0,068x²+0,568x−0,427 neřeší zapsané podmínky kolmosti a norma 0,89 je chybná; správná norma je přibližně 0,3188.","The first two basis vectors are correct, but the third Gram–Schmidt vector has the wrong constant term; the normal equations are then not solved correctly, so the projection and norm are wrong."
"du03_2","3355","2.5","false","Ortonormální báze je správně. Projekce 0,10x²−0,094x+1,69 však není správným součtem tří projekčních složek; má vyjít přibližně −0,0525x²−0,3315x+1,6013. Norma 0,839 je proto chybná, správně je přibližně 0,3188.","The orthonormal basis is correct, but the projection is evaluated incorrectly and the residual norm is therefore far too large."
"du03_2","3403","1.5","false","Druhý vektor normalizujete jen hrubě, ale hlavní chyba je ve třetím Gramově–Schmidtově kroku: polynom má být x²−6x+23/3, nikoli výraz s velkým záporným konstantním členem. V části (b) navíc znovu použijete souřadnice v ortonormální bázi přímo jako koeficienty u 1, x, x². Projekce −1,46x²−1,485x+0,128 ani norma 45 proto nejsou správně; správná norma je přibližně 0,3188.","The second normalization is only rough and the third Gram–Schmidt vector is fundamentally incorrect; the response then treats orthonormal coordinates as monomial coefficients, so the projection and norm are wholly wrong."
"du03_2","3407","4","true","Gramova–Schmidtova ortogonalizace vede ke správné ortonormální bázi (1/2, (√3/4)(x−3), (√5/16)(3x²−18x+23)). Správně určujete také projekci přibližně −0,0525x²−0,3315x+1,6013 a normu rozdílu přibližně 0,3188. Řešení je úplné.","The response correctly applies Gram–Schmidt to obtain the orthonormal basis, computes the orthogonal projection of sin(x) as a quadratic with the correct coefficients, and obtains the residual norm approximately 0.319."
"du04_1","273","4","true","Šest podmínek správně zapisujete jako úlohu nejmenších čtverců, sestavujete odpovídající normální rovnice a získáváte koeficienty a=2/5, b=4/5, c=3/5. Hledaná rovina je z=(2/5)x+(4/5)y+3/5; řešení je úplné.","The response correctly formulates the six plane conditions as a least-squares system, forms the normal equations A^T A(a,b,c)^T=A^Tz, and obtains the unique plane z=(2/5)x+(4/5)y+3/5."
"du04_1","534","4","true","Šest podmínek správně zapisujete jako úlohu nejmenších čtverců, sestavujete odpovídající normální rovnice a získáváte koeficienty a=2/5, b=4/5, c=3/5. Hledaná rovina je z=(2/5)x+(4/5)y+3/5; řešení je úplné.","The response correctly formulates the six plane conditions as a least-squares system, forms the normal equations A^T A(a,b,c)^T=A^Tz, and obtains the unique plane z=(2/5)x+(4/5)y+3/5."
"du04_1","1500","4","true","Šest podmínek správně zapisujete jako úlohu nejmenších čtverců, sestavujete odpovídající normální rovnice a získáváte koeficienty a=2/5, b=4/5, c=3/5. Hledaná rovina je z=(2/5)x+(4/5)y+3/5; řešení je úplné.","The response correctly formulates the six plane conditions as a least-squares system, forms the normal equations A^T A(a,b,c)^T=A^Tz, and obtains the unique plane z=(2/5)x+(4/5)y+3/5."
"du04_1","1771","4","true","Šest podmínek správně zapisujete jako úlohu nejmenších čtverců, sestavujete odpovídající normální rovnice a získáváte koeficienty a=2/5, b=4/5, c=3/5. Hledaná rovina je z=(2/5)x+(4/5)y+3/5; řešení je úplné.","The response correctly formulates the six plane conditions as a least-squares system, forms the normal equations A^T A(a,b,c)^T=A^Tz, and obtains the unique plane z=(2/5)x+(4/5)y+3/5."
"du04_1","1989","3.5","false","Normální rovnice, koeficienty a=2/5, b=4/5, c=3/5 i výsledná rovina jsou správně. Úvodní tvrzení o „řešení s nejmenší normou“ ale zaměňuje dvě různé úlohy: zde se minimalizuje norma rezidua, nikoli norma vektoru řešení.","The normal equations, coefficients, and final plane are correct. However, the response initially describes the task as finding a solution of smallest norm, whereas least squares minimizes the residual norm and the original inconsistent system has no exact solution."
"du04_1","2125","4","true","Šest podmínek správně zapisujete jako úlohu nejmenších čtverců, sestavujete odpovídající normální rovnice a získáváte koeficienty a=2/5, b=4/5, c=3/5. Hledaná rovina je z=(2/5)x+(4/5)y+3/5; řešení je úplné.","The response correctly formulates the six plane conditions as a least-squares system, forms the normal equations A^T A(a,b,c)^T=A^Tz, and obtains the unique plane z=(2/5)x+(4/5)y+3/5."
"du04_1","2182","4","true","Šest podmínek správně zapisujete jako úlohu nejmenších čtverců, sestavujete odpovídající normální rovnice a získáváte koeficienty a=2/5, b=4/5, c=3/5. Hledaná rovina je z=(2/5)x+(4/5)y+3/5; řešení je úplné.","The response correctly formulates the six plane conditions as a least-squares system, forms the normal equations A^T A(a,b,c)^T=A^Tz, and obtains the unique plane z=(2/5)x+(4/5)y+3/5."
"du04_1","2377","4","true","Šest podmínek správně zapisujete jako úlohu nejmenších čtverců, sestavujete odpovídající normální rovnice a získáváte koeficienty a=2/5, b=4/5, c=3/5. Hledaná rovina je z=(2/5)x+(4/5)y+3/5; řešení je úplné.","The response correctly formulates the six plane conditions as a least-squares system, forms the normal equations A^T A(a,b,c)^T=A^Tz, and obtains the unique plane z=(2/5)x+(4/5)y+3/5."
"du04_1","2401","4","true","Šest podmínek správně zapisujete jako úlohu nejmenších čtverců, sestavujete odpovídající normální rovnice a získáváte koeficienty a=2/5, b=4/5, c=3/5. Hledaná rovina je z=(2/5)x+(4/5)y+3/5; řešení je úplné.","The response correctly formulates the six plane conditions as a least-squares system, forms the normal equations A^T A(a,b,c)^T=A^Tz, and obtains the unique plane z=(2/5)x+(4/5)y+3/5."
"du04_1","2430","4","true","Šest podmínek správně zapisujete jako úlohu nejmenších čtverců, sestavujete odpovídající normální rovnice a získáváte koeficienty a=2/5, b=4/5, c=3/5. Hledaná rovina je z=(2/5)x+(4/5)y+3/5; řešení je úplné.","The response correctly formulates the six plane conditions as a least-squares system, forms the normal equations A^T A(a,b,c)^T=A^Tz, and obtains the unique plane z=(2/5)x+(4/5)y+3/5."
"du04_1","2464","4","true","Šest podmínek správně zapisujete jako úlohu nejmenších čtverců, sestavujete odpovídající normální rovnice a získáváte koeficienty a=2/5, b=4/5, c=3/5. Hledaná rovina je z=(2/5)x+(4/5)y+3/5; řešení je úplné.","The response correctly formulates the six plane conditions as a least-squares system, forms the normal equations A^T A(a,b,c)^T=A^Tz, and obtains the unique plane z=(2/5)x+(4/5)y+3/5."
"du04_1","2492","4","true","Šest podmínek správně zapisujete jako úlohu nejmenších čtverců, sestavujete odpovídající normální rovnice a získáváte koeficienty a=2/5, b=4/5, c=3/5. Hledaná rovina je z=(2/5)x+(4/5)y+3/5; řešení je úplné.","The response correctly formulates the six plane conditions as a least-squares system, forms the normal equations A^T A(a,b,c)^T=A^Tz, and obtains the unique plane z=(2/5)x+(4/5)y+3/5."
"du04_1","2517","2.5","false","Správně rozpoznáváte úlohu nejmenších čtverců a zapisujete výchozí matici soustavy. Při násobení však vycházejí chybné normální rovnice: správně je A^T A=((4,-1,2),(-1,4,2),(2,2,6)) a A^Tz=(2,4,6)^T. Proto je i uvedená rovina chybná; správné koeficienty jsou (a,b,c)=(2/5,4/5,3/5).","The response recognizes the least-squares method and starts from the correct design system, but both A^T A and A^Tz are computed incorrectly, leading to the wrong plane z=-(1/4)x+(1/4)y+1."
"du04_1","2518","4","true","Šest podmínek správně zapisujete jako úlohu nejmenších čtverců, sestavujete odpovídající normální rovnice a získáváte koeficienty a=2/5, b=4/5, c=3/5. Hledaná rovina je z=(2/5)x+(4/5)y+3/5; řešení je úplné.","The response correctly formulates the six plane conditions as a least-squares system, forms the normal equations A^T A(a,b,c)^T=A^Tz, and obtains the unique plane z=(2/5)x+(4/5)y+3/5."
"du04_1","2562","4","true","Šest podmínek správně zapisujete jako úlohu nejmenších čtverců, sestavujete odpovídající normální rovnice a získáváte koeficienty a=2/5, b=4/5, c=3/5. Hledaná rovina je z=(2/5)x+(4/5)y+3/5; řešení je úplné.","The response correctly formulates the six plane conditions as a least-squares system, forms the normal equations A^T A(a,b,c)^T=A^Tz, and obtains the unique plane z=(2/5)x+(4/5)y+3/5."
"du04_1","2743","4","true","Šest podmínek správně zapisujete jako úlohu nejmenších čtverců, sestavujete odpovídající normální rovnice a získáváte koeficienty a=2/5, b=4/5, c=3/5. Hledaná rovina je z=(2/5)x+(4/5)y+3/5; řešení je úplné.","The response correctly formulates the six plane conditions as a least-squares system, forms the normal equations A^T A(a,b,c)^T=A^Tz, and obtains the unique plane z=(2/5)x+(4/5)y+3/5."
"du04_1","2760","4","true","Šest podmínek správně zapisujete jako úlohu nejmenších čtverců, sestavujete odpovídající normální rovnice a získáváte koeficienty a=2/5, b=4/5, c=3/5. Hledaná rovina je z=(2/5)x+(4/5)y+3/5; řešení je úplné.","The response correctly formulates the six plane conditions as a least-squares system, forms the normal equations A^T A(a,b,c)^T=A^Tz, and obtains the unique plane z=(2/5)x+(4/5)y+3/5."
"du04_1","2764","4","true","Šest podmínek správně zapisujete jako úlohu nejmenších čtverců, sestavujete odpovídající normální rovnice a získáváte koeficienty a=2/5, b=4/5, c=3/5. Hledaná rovina je z=(2/5)x+(4/5)y+3/5; řešení je úplné.","The response correctly formulates the six plane conditions as a least-squares system, forms the normal equations A^T A(a,b,c)^T=A^Tz, and obtains the unique plane z=(2/5)x+(4/5)y+3/5."
"du04_1","2766","4","true","Šest podmínek správně zapisujete jako úlohu nejmenších čtverců, sestavujete odpovídající normální rovnice a získáváte koeficienty a=2/5, b=4/5, c=3/5. Hledaná rovina je z=(2/5)x+(4/5)y+3/5; řešení je úplné.","The response correctly formulates the six plane conditions as a least-squares system, forms the normal equations A^T A(a,b,c)^T=A^Tz, and obtains the unique plane z=(2/5)x+(4/5)y+3/5."
"du04_1","2815","4","true","Šest podmínek správně zapisujete jako úlohu nejmenších čtverců, sestavujete odpovídající normální rovnice a získáváte koeficienty a=2/5, b=4/5, c=3/5. Hledaná rovina je z=(2/5)x+(4/5)y+3/5; řešení je úplné.","The response correctly formulates the six plane conditions as a least-squares system, forms the normal equations A^T A(a,b,c)^T=A^Tz, and obtains the unique plane z=(2/5)x+(4/5)y+3/5."
"du04_1","2826","4","true","Šest podmínek správně zapisujete jako úlohu nejmenších čtverců, sestavujete odpovídající normální rovnice a získáváte koeficienty a=2/5, b=4/5, c=3/5. Hledaná rovina je z=(2/5)x+(4/5)y+3/5; řešení je úplné.","The response correctly formulates the six plane conditions as a least-squares system, forms the normal equations A^T A(a,b,c)^T=A^Tz, and obtains the unique plane z=(2/5)x+(4/5)y+3/5."
"du04_1","2847","4","true","Šest podmínek správně zapisujete jako úlohu nejmenších čtverců, sestavujete odpovídající normální rovnice a získáváte koeficienty a=2/5, b=4/5, c=3/5. Hledaná rovina je z=(2/5)x+(4/5)y+3/5; řešení je úplné.","The response correctly formulates the six plane conditions as a least-squares system, forms the normal equations A^T A(a,b,c)^T=A^Tz, and obtains the unique plane z=(2/5)x+(4/5)y+3/5."
"du04_1","2857","4","true","Šest podmínek správně zapisujete jako úlohu nejmenších čtverců, sestavujete odpovídající normální rovnice a získáváte koeficienty a=2/5, b=4/5, c=3/5. Hledaná rovina je z=(2/5)x+(4/5)y+3/5; řešení je úplné.","The response correctly formulates the six plane conditions as a least-squares system, forms the normal equations A^T A(a,b,c)^T=A^Tz, and obtains the unique plane z=(2/5)x+(4/5)y+3/5."
"du04_1","2860","4","true","Šest podmínek správně zapisujete jako úlohu nejmenších čtverců, sestavujete odpovídající normální rovnice a získáváte koeficienty a=2/5, b=4/5, c=3/5. Hledaná rovina je z=(2/5)x+(4/5)y+3/5; řešení je úplné.","The response correctly formulates the six plane conditions as a least-squares system, forms the normal equations A^T A(a,b,c)^T=A^Tz, and obtains the unique plane z=(2/5)x+(4/5)y+3/5."
"du04_1","2862","4","true","Šest podmínek správně zapisujete jako úlohu nejmenších čtverců, sestavujete odpovídající normální rovnice a získáváte koeficienty a=2/5, b=4/5, c=3/5. Hledaná rovina je z=(2/5)x+(4/5)y+3/5; řešení je úplné.","The response correctly formulates the six plane conditions as a least-squares system, forms the normal equations A^T A(a,b,c)^T=A^Tz, and obtains the unique plane z=(2/5)x+(4/5)y+3/5."
"du04_1","2869","3.5","false","Výpočet normálních rovnic i výsledná rovina z=0,4x+0,8y+0,6 jsou správně. V doprovodném textu ale uvádíte c=0,9, což odporuje vlastnímu výpočtu i správné hodnotě c=0,6.","The least-squares computation and displayed final plane are correct, but the accompanying text explicitly states c=0.9, contradicting the computed and displayed value c=0.6."
"du04_1","2874","4","true","Šest podmínek správně zapisujete jako úlohu nejmenších čtverců, sestavujete odpovídající normální rovnice a získáváte koeficienty a=2/5, b=4/5, c=3/5. Hledaná rovina je z=(2/5)x+(4/5)y+3/5; řešení je úplné.","The response correctly formulates the six plane conditions as a least-squares system, forms the normal equations A^T A(a,b,c)^T=A^Tz, and obtains the unique plane z=(2/5)x+(4/5)y+3/5."
"du04_1","2876","4","true","Šest podmínek správně zapisujete jako úlohu nejmenších čtverců, sestavujete odpovídající normální rovnice a získáváte koeficienty a=2/5, b=4/5, c=3/5. Hledaná rovina je z=(2/5)x+(4/5)y+3/5; řešení je úplné.","The response correctly formulates the six plane conditions as a least-squares system, forms the normal equations A^T A(a,b,c)^T=A^Tz, and obtains the unique plane z=(2/5)x+(4/5)y+3/5."
"du04_1","2877","4","true","Šest podmínek správně zapisujete jako úlohu nejmenších čtverců, sestavujete odpovídající normální rovnice a získáváte koeficienty a=2/5, b=4/5, c=3/5. Hledaná rovina je z=(2/5)x+(4/5)y+3/5; řešení je úplné.","The response correctly formulates the six plane conditions as a least-squares system, forms the normal equations A^T A(a,b,c)^T=A^Tz, and obtains the unique plane z=(2/5)x+(4/5)y+3/5."
"du04_1","2881","4","true","Šest podmínek správně zapisujete jako úlohu nejmenších čtverců, sestavujete odpovídající normální rovnice a získáváte koeficienty a=2/5, b=4/5, c=3/5. Hledaná rovina je z=(2/5)x+(4/5)y+3/5; řešení je úplné.","The response correctly formulates the six plane conditions as a least-squares system, forms the normal equations A^T A(a,b,c)^T=A^Tz, and obtains the unique plane z=(2/5)x+(4/5)y+3/5."
"du04_1","2887","4","true","Šest podmínek správně zapisujete jako úlohu nejmenších čtverců, sestavujete odpovídající normální rovnice a získáváte koeficienty a=2/5, b=4/5, c=3/5. Hledaná rovina je z=(2/5)x+(4/5)y+3/5; řešení je úplné.","The response correctly formulates the six plane conditions as a least-squares system, forms the normal equations A^T A(a,b,c)^T=A^Tz, and obtains the unique plane z=(2/5)x+(4/5)y+3/5."
"du04_1","2889","4","true","Šest podmínek správně zapisujete jako úlohu nejmenších čtverců, sestavujete odpovídající normální rovnice a získáváte koeficienty a=2/5, b=4/5, c=3/5. Hledaná rovina je z=(2/5)x+(4/5)y+3/5; řešení je úplné.","The response correctly formulates the six plane conditions as a least-squares system, forms the normal equations A^T A(a,b,c)^T=A^Tz, and obtains the unique plane z=(2/5)x+(4/5)y+3/5."
"du04_1","2892","3.5","false","Sestavení soustavy, normální rovnice i výsledek (2/5,4/5,3/5) jsou správné. V uvedeném obecném vzorci však chybí transpozice: píšete násobení Ab místo A^Tb, takže tento mezikrok není matematicky správný.","The setup, normal equations, and final plane are correct, but the stated closed-form formula uses (A^T A)^(-1)Ab instead of (A^T A)^(-1)A^Tb."
"du04_1","2899","3.5","false","Normální rovnice i výsledná rovina z=(2/5)x+(4/5)y+3/5 jsou správně. Účelová funkce je však na začátku zapsána chybně jako součin z_i(ax_i+by_i+c); čtvercová chyba má obsahovat rozdíl z_i-(ax_i+by_i+c).","The subsequent normal-equation derivation and final plane are correct, but the objective is explicitly written with a product z_i(ax_i+by_i+c) rather than the residual difference z_i-(ax_i+by_i+c)."
"du04_1","2900","4","true","Šest podmínek správně zapisujete jako úlohu nejmenších čtverců, sestavujete odpovídající normální rovnice a získáváte koeficienty a=2/5, b=4/5, c=3/5. Hledaná rovina je z=(2/5)x+(4/5)y+3/5; řešení je úplné.","The response correctly formulates the six plane conditions as a least-squares system, forms the normal equations A^T A(a,b,c)^T=A^Tz, and obtains the unique plane z=(2/5)x+(4/5)y+3/5."
"du04_1","2903","4","true","Šest podmínek správně zapisujete jako úlohu nejmenších čtverců, sestavujete odpovídající normální rovnice a získáváte koeficienty a=2/5, b=4/5, c=3/5. Hledaná rovina je z=(2/5)x+(4/5)y+3/5; řešení je úplné.","The response correctly formulates the six plane conditions as a least-squares system, forms the normal equations A^T A(a,b,c)^T=A^Tz, and obtains the unique plane z=(2/5)x+(4/5)y+3/5."
"du04_1","2917","4","true","Šest podmínek správně zapisujete jako úlohu nejmenších čtverců, sestavujete odpovídající normální rovnice a získáváte koeficienty a=2/5, b=4/5, c=3/5. Hledaná rovina je z=(2/5)x+(4/5)y+3/5; řešení je úplné.","The response correctly formulates the six plane conditions as a least-squares system, forms the normal equations A^T A(a,b,c)^T=A^Tz, and obtains the unique plane z=(2/5)x+(4/5)y+3/5."
"du04_1","2922","4","true","Šest podmínek správně zapisujete jako úlohu nejmenších čtverců, sestavujete odpovídající normální rovnice a získáváte koeficienty a=2/5, b=4/5, c=3/5. Hledaná rovina je z=(2/5)x+(4/5)y+3/5; řešení je úplné.","The response correctly formulates the six plane conditions as a least-squares system, forms the normal equations A^T A(a,b,c)^T=A^Tz, and obtains the unique plane z=(2/5)x+(4/5)y+3/5."
"du04_1","2923","4","true","Šest podmínek správně zapisujete jako úlohu nejmenších čtverců, sestavujete odpovídající normální rovnice a získáváte koeficienty a=2/5, b=4/5, c=3/5. Hledaná rovina je z=(2/5)x+(4/5)y+3/5; řešení je úplné.","The response correctly formulates the six plane conditions as a least-squares system, forms the normal equations A^T A(a,b,c)^T=A^Tz, and obtains the unique plane z=(2/5)x+(4/5)y+3/5."
"du04_1","2924","4","true","Šest podmínek správně zapisujete jako úlohu nejmenších čtverců, sestavujete odpovídající normální rovnice a získáváte koeficienty a=2/5, b=4/5, c=3/5. Hledaná rovina je z=(2/5)x+(4/5)y+3/5; řešení je úplné.","The response correctly formulates the six plane conditions as a least-squares system, forms the normal equations A^T A(a,b,c)^T=A^Tz, and obtains the unique plane z=(2/5)x+(4/5)y+3/5."
"du04_1","2932","4","true","Šest podmínek správně zapisujete jako úlohu nejmenších čtverců, sestavujete odpovídající normální rovnice a získáváte koeficienty a=2/5, b=4/5, c=3/5. Hledaná rovina je z=(2/5)x+(4/5)y+3/5; řešení je úplné.","The response correctly formulates the six plane conditions as a least-squares system, forms the normal equations A^T A(a,b,c)^T=A^Tz, and obtains the unique plane z=(2/5)x+(4/5)y+3/5."
"du04_1","2934","4","true","Šest podmínek správně zapisujete jako úlohu nejmenších čtverců, sestavujete odpovídající normální rovnice a získáváte koeficienty a=2/5, b=4/5, c=3/5. Hledaná rovina je z=(2/5)x+(4/5)y+3/5; řešení je úplné.","The response correctly formulates the six plane conditions as a least-squares system, forms the normal equations A^T A(a,b,c)^T=A^Tz, and obtains the unique plane z=(2/5)x+(4/5)y+3/5."
"du04_1","2935","4","true","Šest podmínek správně zapisujete jako úlohu nejmenších čtverců, sestavujete odpovídající normální rovnice a získáváte koeficienty a=2/5, b=4/5, c=3/5. Hledaná rovina je z=(2/5)x+(4/5)y+3/5; řešení je úplné.","The response correctly formulates the six plane conditions as a least-squares system, forms the normal equations A^T A(a,b,c)^T=A^Tz, and obtains the unique plane z=(2/5)x+(4/5)y+3/5."
"du04_1","2937","4","true","Šest podmínek správně zapisujete jako úlohu nejmenších čtverců, sestavujete odpovídající normální rovnice a získáváte koeficienty a=2/5, b=4/5, c=3/5. Hledaná rovina je z=(2/5)x+(4/5)y+3/5; řešení je úplné.","The response correctly formulates the six plane conditions as a least-squares system, forms the normal equations A^T A(a,b,c)^T=A^Tz, and obtains the unique plane z=(2/5)x+(4/5)y+3/5."
"du04_1","2941","4","true","Šest podmínek správně zapisujete jako úlohu nejmenších čtverců, sestavujete odpovídající normální rovnice a získáváte koeficienty a=2/5, b=4/5, c=3/5. Hledaná rovina je z=(2/5)x+(4/5)y+3/5; řešení je úplné.","The response correctly formulates the six plane conditions as a least-squares system, forms the normal equations A^T A(a,b,c)^T=A^Tz, and obtains the unique plane z=(2/5)x+(4/5)y+3/5."
"du04_1","2947","4","true","Šest podmínek správně zapisujete jako úlohu nejmenších čtverců, sestavujete odpovídající normální rovnice a získáváte koeficienty a=2/5, b=4/5, c=3/5. Hledaná rovina je z=(2/5)x+(4/5)y+3/5; řešení je úplné.","The response correctly formulates the six plane conditions as a least-squares system, forms the normal equations A^T A(a,b,c)^T=A^Tz, and obtains the unique plane z=(2/5)x+(4/5)y+3/5."
"du04_1","2948","4","true","Šest podmínek správně zapisujete jako úlohu nejmenších čtverců, sestavujete odpovídající normální rovnice a získáváte koeficienty a=2/5, b=4/5, c=3/5. Hledaná rovina je z=(2/5)x+(4/5)y+3/5; řešení je úplné.","The response correctly formulates the six plane conditions as a least-squares system, forms the normal equations A^T A(a,b,c)^T=A^Tz, and obtains the unique plane z=(2/5)x+(4/5)y+3/5."
"du04_1","2956","4","true","Šest podmínek správně zapisujete jako úlohu nejmenších čtverců, sestavujete odpovídající normální rovnice a získáváte koeficienty a=2/5, b=4/5, c=3/5. Hledaná rovina je z=(2/5)x+(4/5)y+3/5; řešení je úplné.","The response correctly formulates the six plane conditions as a least-squares system, forms the normal equations A^T A(a,b,c)^T=A^Tz, and obtains the unique plane z=(2/5)x+(4/5)y+3/5."
"du04_1","2968","4","true","Šest podmínek správně zapisujete jako úlohu nejmenších čtverců, sestavujete odpovídající normální rovnice a získáváte koeficienty a=2/5, b=4/5, c=3/5. Hledaná rovina je z=(2/5)x+(4/5)y+3/5; řešení je úplné.","The response correctly formulates the six plane conditions as a least-squares system, forms the normal equations A^T A(a,b,c)^T=A^Tz, and obtains the unique plane z=(2/5)x+(4/5)y+3/5."
"du04_1","2980","4","true","Šest podmínek správně zapisujete jako úlohu nejmenších čtverců, sestavujete odpovídající normální rovnice a získáváte koeficienty a=2/5, b=4/5, c=3/5. Hledaná rovina je z=(2/5)x+(4/5)y+3/5; řešení je úplné.","The response correctly formulates the six plane conditions as a least-squares system, forms the normal equations A^T A(a,b,c)^T=A^Tz, and obtains the unique plane z=(2/5)x+(4/5)y+3/5."
"du04_1","2984","4","true","Šest podmínek správně zapisujete jako úlohu nejmenších čtverců, sestavujete odpovídající normální rovnice a získáváte koeficienty a=2/5, b=4/5, c=3/5. Hledaná rovina je z=(2/5)x+(4/5)y+3/5; řešení je úplné.","The response correctly formulates the six plane conditions as a least-squares system, forms the normal equations A^T A(a,b,c)^T=A^Tz, and obtains the unique plane z=(2/5)x+(4/5)y+3/5."
"du04_1","2988","3.5","false","Ve výpočtu používáte správnou matici i vektor pravých stran a docházíte ke správné rovině. V úvodním přepisu dat je však poslední bod uveden jako (-1,1,0), zatímco v zadání je (-1,1,1); jde o věcný rozpor uvnitř řešení.","The actual design matrix, normal equations, and answer use the data correctly, but the response first recopies the last point as (-1,1,0) instead of (-1,1,1)."
"du04_1","3001","4","true","Šest podmínek správně zapisujete jako úlohu nejmenších čtverců, sestavujete odpovídající normální rovnice a získáváte koeficienty a=2/5, b=4/5, c=3/5. Hledaná rovina je z=(2/5)x+(4/5)y+3/5; řešení je úplné.","The response correctly formulates the six plane conditions as a least-squares system, forms the normal equations A^T A(a,b,c)^T=A^Tz, and obtains the unique plane z=(2/5)x+(4/5)y+3/5."
"du04_1","3008","4","true","Šest podmínek správně zapisujete jako úlohu nejmenších čtverců, sestavujete odpovídající normální rovnice a získáváte koeficienty a=2/5, b=4/5, c=3/5. Hledaná rovina je z=(2/5)x+(4/5)y+3/5; řešení je úplné.","The response correctly formulates the six plane conditions as a least-squares system, forms the normal equations A^T A(a,b,c)^T=A^Tz, and obtains the unique plane z=(2/5)x+(4/5)y+3/5."
"du04_1","3025","4","true","Šest podmínek správně zapisujete jako úlohu nejmenších čtverců, sestavujete odpovídající normální rovnice a získáváte koeficienty a=2/5, b=4/5, c=3/5. Hledaná rovina je z=(2/5)x+(4/5)y+3/5; řešení je úplné.","The response correctly formulates the six plane conditions as a least-squares system, forms the normal equations A^T A(a,b,c)^T=A^Tz, and obtains the unique plane z=(2/5)x+(4/5)y+3/5."
"du04_1","3036","4","true","Šest podmínek správně zapisujete jako úlohu nejmenších čtverců, sestavujete odpovídající normální rovnice a získáváte koeficienty a=2/5, b=4/5, c=3/5. Hledaná rovina je z=(2/5)x+(4/5)y+3/5; řešení je úplné.","The response correctly formulates the six plane conditions as a least-squares system, forms the normal equations A^T A(a,b,c)^T=A^Tz, and obtains the unique plane z=(2/5)x+(4/5)y+3/5."
"du04_1","3037","3","false","Matici úlohy i normální rovnice sestavujete správně. Chyba nastává až při jejich vyřešení: uvedený vektor (3/5,1,3/10) dané rovnice nesplňuje. Správné koeficienty jsou (2/5,4/5,3/5), a proto je chybná i závěrečná rovina.","The design matrix and normal equations are correct, but those equations are solved incorrectly, producing (3/5,1,3/10) instead of (2/5,4/5,3/5), so the final plane is wrong."
"du04_1","3039","4","true","Šest podmínek správně zapisujete jako úlohu nejmenších čtverců, sestavujete odpovídající normální rovnice a získáváte koeficienty a=2/5, b=4/5, c=3/5. Hledaná rovina je z=(2/5)x+(4/5)y+3/5; řešení je úplné.","The response correctly formulates the six plane conditions as a least-squares system, forms the normal equations A^T A(a,b,c)^T=A^Tz, and obtains the unique plane z=(2/5)x+(4/5)y+3/5."
"du04_1","3045","4","true","Šest podmínek správně zapisujete jako úlohu nejmenších čtverců, sestavujete odpovídající normální rovnice a získáváte koeficienty a=2/5, b=4/5, c=3/5. Hledaná rovina je z=(2/5)x+(4/5)y+3/5; řešení je úplné.","The response correctly formulates the six plane conditions as a least-squares system, forms the normal equations A^T A(a,b,c)^T=A^Tz, and obtains the unique plane z=(2/5)x+(4/5)y+3/5."
"du04_1","3056","4","true","Šest podmínek správně zapisujete jako úlohu nejmenších čtverců, sestavujete odpovídající normální rovnice a získáváte koeficienty a=2/5, b=4/5, c=3/5. Hledaná rovina je z=(2/5)x+(4/5)y+3/5; řešení je úplné.","The response correctly formulates the six plane conditions as a least-squares system, forms the normal equations A^T A(a,b,c)^T=A^Tz, and obtains the unique plane z=(2/5)x+(4/5)y+3/5."
"du04_1","3057","4","true","Šest podmínek správně zapisujete jako úlohu nejmenších čtverců, sestavujete odpovídající normální rovnice a získáváte koeficienty a=2/5, b=4/5, c=3/5. Hledaná rovina je z=(2/5)x+(4/5)y+3/5; řešení je úplné.","The response correctly formulates the six plane conditions as a least-squares system, forms the normal equations A^T A(a,b,c)^T=A^Tz, and obtains the unique plane z=(2/5)x+(4/5)y+3/5."
"du04_1","3072","3.5","false","Výpočet koeficientů a=2/5, b=4/5, c=3/5 je správný. V závěrečné rovnici ale píšete na levé straně y místo z, takže zapsaná rovnice není hledanou rovinou; správný levý člen je z.","The least-squares system and all three coefficients are correct, but the final displayed equation has y on the left-hand side instead of z."
"du04_1","3076","4","true","Šest podmínek správně zapisujete jako úlohu nejmenších čtverců, sestavujete odpovídající normální rovnice a získáváte koeficienty a=2/5, b=4/5, c=3/5. Hledaná rovina je z=(2/5)x+(4/5)y+3/5; řešení je úplné.","The response correctly formulates the six plane conditions as a least-squares system, forms the normal equations A^T A(a,b,c)^T=A^Tz, and obtains the unique plane z=(2/5)x+(4/5)y+3/5."
"du04_1","3077","4","true","Šest podmínek správně zapisujete jako úlohu nejmenších čtverců, sestavujete odpovídající normální rovnice a získáváte koeficienty a=2/5, b=4/5, c=3/5. Hledaná rovina je z=(2/5)x+(4/5)y+3/5; řešení je úplné.","The response correctly formulates the six plane conditions as a least-squares system, forms the normal equations A^T A(a,b,c)^T=A^Tz, and obtains the unique plane z=(2/5)x+(4/5)y+3/5."
"du04_1","3085","4","true","Šest podmínek správně zapisujete jako úlohu nejmenších čtverců, sestavujete odpovídající normální rovnice a získáváte koeficienty a=2/5, b=4/5, c=3/5. Hledaná rovina je z=(2/5)x+(4/5)y+3/5; řešení je úplné.","The response correctly formulates the six plane conditions as a least-squares system, forms the normal equations A^T A(a,b,c)^T=A^Tz, and obtains the unique plane z=(2/5)x+(4/5)y+3/5."
"du04_1","3094","4","true","Šest podmínek správně zapisujete jako úlohu nejmenších čtverců, sestavujete odpovídající normální rovnice a získáváte koeficienty a=2/5, b=4/5, c=3/5. Hledaná rovina je z=(2/5)x+(4/5)y+3/5; řešení je úplné.","The response correctly formulates the six plane conditions as a least-squares system, forms the normal equations A^T A(a,b,c)^T=A^Tz, and obtains the unique plane z=(2/5)x+(4/5)y+3/5."
"du04_1","3108","4","true","Šest podmínek správně zapisujete jako úlohu nejmenších čtverců, sestavujete odpovídající normální rovnice a získáváte koeficienty a=2/5, b=4/5, c=3/5. Hledaná rovina je z=(2/5)x+(4/5)y+3/5; řešení je úplné.","The response correctly formulates the six plane conditions as a least-squares system, forms the normal equations A^T A(a,b,c)^T=A^Tz, and obtains the unique plane z=(2/5)x+(4/5)y+3/5."
"du04_1","3113","3.5","false","Normální rovnice i zvýrazněná výsledná rovina jsou správně. V textu před výsledkem však uvádíte c=3/3, což je v rozporu se správnou hodnotou c=3/5 použitou v závěru.","The normal equations and highlighted final plane are correct, but the prose states c=3/3, contradicting the correct displayed value c=3/5."
"du04_1","3115","4","true","Šest podmínek správně zapisujete jako úlohu nejmenších čtverců, sestavujete odpovídající normální rovnice a získáváte koeficienty a=2/5, b=4/5, c=3/5. Hledaná rovina je z=(2/5)x+(4/5)y+3/5; řešení je úplné.","The response correctly formulates the six plane conditions as a least-squares system, forms the normal equations A^T A(a,b,c)^T=A^Tz, and obtains the unique plane z=(2/5)x+(4/5)y+3/5."
"du04_1","3116","4","true","Šest podmínek správně zapisujete jako úlohu nejmenších čtverců, sestavujete odpovídající normální rovnice a získáváte koeficienty a=2/5, b=4/5, c=3/5. Hledaná rovina je z=(2/5)x+(4/5)y+3/5; řešení je úplné.","The response correctly formulates the six plane conditions as a least-squares system, forms the normal equations A^T A(a,b,c)^T=A^Tz, and obtains the unique plane z=(2/5)x+(4/5)y+3/5."
"du04_1","3121","4","true","Šest podmínek správně zapisujete jako úlohu nejmenších čtverců, sestavujete odpovídající normální rovnice a získáváte koeficienty a=2/5, b=4/5, c=3/5. Hledaná rovina je z=(2/5)x+(4/5)y+3/5; řešení je úplné.","The response correctly formulates the six plane conditions as a least-squares system, forms the normal equations A^T A(a,b,c)^T=A^Tz, and obtains the unique plane z=(2/5)x+(4/5)y+3/5."
"du04_1","3128","4","true","Šest podmínek správně zapisujete jako úlohu nejmenších čtverců, sestavujete odpovídající normální rovnice a získáváte koeficienty a=2/5, b=4/5, c=3/5. Hledaná rovina je z=(2/5)x+(4/5)y+3/5; řešení je úplné.","The response correctly formulates the six plane conditions as a least-squares system, forms the normal equations A^T A(a,b,c)^T=A^Tz, and obtains the unique plane z=(2/5)x+(4/5)y+3/5."
"du04_1","3131","3.5","false","Z výpočtu správně vycházejí koeficienty a=2/5, b=4/5 a c=3/5. V závěrečném zápisu roviny je ale konstantní člen uveden jako 2/5, takže finální odpověď odporuje správnému mezivýsledku.","The calculation obtains the correct coefficient c=3/5, but the final written plane appears to use the constant 2/5, so the stated final answer is inconsistent with the derivation."
"du04_1","3135","4","true","Šest podmínek správně zapisujete jako úlohu nejmenších čtverců, sestavujete odpovídající normální rovnice a získáváte koeficienty a=2/5, b=4/5, c=3/5. Hledaná rovina je z=(2/5)x+(4/5)y+3/5; řešení je úplné.","The response correctly formulates the six plane conditions as a least-squares system, forms the normal equations A^T A(a,b,c)^T=A^Tz, and obtains the unique plane z=(2/5)x+(4/5)y+3/5."
"du04_1","3150","3","false","Postup nejmenších čtverců, matice A i matice A^TA jsou správně. Ve vektoru A^Tz má však prostřední složka hodnotu 4, nikoli 3. Tato chyba vede k nesprávným koeficientům; správně je (a,b,c)=(2/5,4/5,3/5).","The least-squares approach, design matrix, and Gram matrix are correct, but the middle entry of A^Tz is computed as 3 instead of 4, yielding the wrong coefficients (1/3,2/3,2/3)."
"du04_1","3164","4","true","Šest podmínek správně zapisujete jako úlohu nejmenších čtverců, sestavujete odpovídající normální rovnice a získáváte koeficienty a=2/5, b=4/5, c=3/5. Hledaná rovina je z=(2/5)x+(4/5)y+3/5; řešení je úplné.","The response correctly formulates the six plane conditions as a least-squares system, forms the normal equations A^T A(a,b,c)^T=A^Tz, and obtains the unique plane z=(2/5)x+(4/5)y+3/5."
"du04_1","3165","4","true","Šest podmínek správně zapisujete jako úlohu nejmenších čtverců, sestavujete odpovídající normální rovnice a získáváte koeficienty a=2/5, b=4/5, c=3/5. Hledaná rovina je z=(2/5)x+(4/5)y+3/5; řešení je úplné.","The response correctly formulates the six plane conditions as a least-squares system, forms the normal equations A^T A(a,b,c)^T=A^Tz, and obtains the unique plane z=(2/5)x+(4/5)y+3/5."
"du04_1","3167","4","true","Šest podmínek správně zapisujete jako úlohu nejmenších čtverců, sestavujete odpovídající normální rovnice a získáváte koeficienty a=2/5, b=4/5, c=3/5. Hledaná rovina je z=(2/5)x+(4/5)y+3/5; řešení je úplné.","The response correctly formulates the six plane conditions as a least-squares system, forms the normal equations A^T A(a,b,c)^T=A^Tz, and obtains the unique plane z=(2/5)x+(4/5)y+3/5."
"du04_1","3168","4","true","Šest podmínek správně zapisujete jako úlohu nejmenších čtverců, sestavujete odpovídající normální rovnice a získáváte koeficienty a=2/5, b=4/5, c=3/5. Hledaná rovina je z=(2/5)x+(4/5)y+3/5; řešení je úplné.","The response correctly formulates the six plane conditions as a least-squares system, forms the normal equations A^T A(a,b,c)^T=A^Tz, and obtains the unique plane z=(2/5)x+(4/5)y+3/5."
"du04_1","3174","4","true","Šest podmínek správně zapisujete jako úlohu nejmenších čtverců, sestavujete odpovídající normální rovnice a získáváte koeficienty a=2/5, b=4/5, c=3/5. Hledaná rovina je z=(2/5)x+(4/5)y+3/5; řešení je úplné.","The response correctly formulates the six plane conditions as a least-squares system, forms the normal equations A^T A(a,b,c)^T=A^Tz, and obtains the unique plane z=(2/5)x+(4/5)y+3/5."
"du04_1","3179","4","true","Šest podmínek správně zapisujete jako úlohu nejmenších čtverců, sestavujete odpovídající normální rovnice a získáváte koeficienty a=2/5, b=4/5, c=3/5. Hledaná rovina je z=(2/5)x+(4/5)y+3/5; řešení je úplné.","The response correctly formulates the six plane conditions as a least-squares system, forms the normal equations A^T A(a,b,c)^T=A^Tz, and obtains the unique plane z=(2/5)x+(4/5)y+3/5."
"du04_1","3188","4","true","Šest podmínek správně zapisujete jako úlohu nejmenších čtverců, sestavujete odpovídající normální rovnice a získáváte koeficienty a=2/5, b=4/5, c=3/5. Hledaná rovina je z=(2/5)x+(4/5)y+3/5; řešení je úplné.","The response correctly formulates the six plane conditions as a least-squares system, forms the normal equations A^T A(a,b,c)^T=A^Tz, and obtains the unique plane z=(2/5)x+(4/5)y+3/5."
"du04_1","3193","4","true","Šest podmínek správně zapisujete jako úlohu nejmenších čtverců, sestavujete odpovídající normální rovnice a získáváte koeficienty a=2/5, b=4/5, c=3/5. Hledaná rovina je z=(2/5)x+(4/5)y+3/5; řešení je úplné.","The response correctly formulates the six plane conditions as a least-squares system, forms the normal equations A^T A(a,b,c)^T=A^Tz, and obtains the unique plane z=(2/5)x+(4/5)y+3/5."
"du04_1","3194","3.5","false","Výpočet i výsledné koeficienty jsou správné. V úvodním zápisu roviny však stojí a=ax+by+c místo z=ax+by+c; tím je levá strana rovnice věcně chybná.","The normal equations and final coefficients are correct, but the plane is initially defined as a=ax+by+c rather than z=ax+by+c."
"du04_1","3198","3.5","false","Koeficienty (a,b,c)=(2/5,4/5,3/5) vypočítáváte správně. V závěrečné rovnici však používáte symboly a,b,c jako proměnné; hledaná rovina má být vyjádřena v x a y, tedy z=(2/5)x+(4/5)y+3/5.","The response computes the correct coefficient vector, but the final plane substitutes the coefficient names a,b,c for the variables, writing z=(2/5)a+(4/5)b+(3/5)c instead of an expression in x and y."
"du04_1","3204","3.5","false","Normální rovnice i konečný výsledek jsou správné. V rozepsané parciální derivaci podle b ale v reziduu chybí člen b y_i, takže tento zobrazený derivační mezikrok není správný.","The final normal equations and plane are correct, but the displayed derivative with respect to b omits the term b y_i from the residual."
"du04_1","3205","4","true","Šest podmínek správně zapisujete jako úlohu nejmenších čtverců, sestavujete odpovídající normální rovnice a získáváte koeficienty a=2/5, b=4/5, c=3/5. Hledaná rovina je z=(2/5)x+(4/5)y+3/5; řešení je úplné.","The response correctly formulates the six plane conditions as a least-squares system, forms the normal equations A^T A(a,b,c)^T=A^Tz, and obtains the unique plane z=(2/5)x+(4/5)y+3/5."
"du04_1","3209","4","true","Šest podmínek správně zapisujete jako úlohu nejmenších čtverců, sestavujete odpovídající normální rovnice a získáváte koeficienty a=2/5, b=4/5, c=3/5. Hledaná rovina je z=(2/5)x+(4/5)y+3/5; řešení je úplné.","The response correctly formulates the six plane conditions as a least-squares system, forms the normal equations A^T A(a,b,c)^T=A^Tz, and obtains the unique plane z=(2/5)x+(4/5)y+3/5."
"du04_1","3221","4","true","Šest podmínek správně zapisujete jako úlohu nejmenších čtverců, sestavujete odpovídající normální rovnice a získáváte koeficienty a=2/5, b=4/5, c=3/5. Hledaná rovina je z=(2/5)x+(4/5)y+3/5; řešení je úplné.","The response correctly formulates the six plane conditions as a least-squares system, forms the normal equations A^T A(a,b,c)^T=A^Tz, and obtains the unique plane z=(2/5)x+(4/5)y+3/5."
"du04_1","3223","4","true","Šest podmínek správně zapisujete jako úlohu nejmenších čtverců, sestavujete odpovídající normální rovnice a získáváte koeficienty a=2/5, b=4/5, c=3/5. Hledaná rovina je z=(2/5)x+(4/5)y+3/5; řešení je úplné.","The response correctly formulates the six plane conditions as a least-squares system, forms the normal equations A^T A(a,b,c)^T=A^Tz, and obtains the unique plane z=(2/5)x+(4/5)y+3/5."
"du04_1","3225","4","true","Šest podmínek správně zapisujete jako úlohu nejmenších čtverců, sestavujete odpovídající normální rovnice a získáváte koeficienty a=2/5, b=4/5, c=3/5. Hledaná rovina je z=(2/5)x+(4/5)y+3/5; řešení je úplné.","The response correctly formulates the six plane conditions as a least-squares system, forms the normal equations A^T A(a,b,c)^T=A^Tz, and obtains the unique plane z=(2/5)x+(4/5)y+3/5."
"du04_1","3233","4","true","Šest podmínek správně zapisujete jako úlohu nejmenších čtverců, sestavujete odpovídající normální rovnice a získáváte koeficienty a=2/5, b=4/5, c=3/5. Hledaná rovina je z=(2/5)x+(4/5)y+3/5; řešení je úplné.","The response correctly formulates the six plane conditions as a least-squares system, forms the normal equations A^T A(a,b,c)^T=A^Tz, and obtains the unique plane z=(2/5)x+(4/5)y+3/5."
"du04_1","3238","4","true","Šest podmínek správně zapisujete jako úlohu nejmenších čtverců, sestavujete odpovídající normální rovnice a získáváte koeficienty a=2/5, b=4/5, c=3/5. Hledaná rovina je z=(2/5)x+(4/5)y+3/5; řešení je úplné.","The response correctly formulates the six plane conditions as a least-squares system, forms the normal equations A^T A(a,b,c)^T=A^Tz, and obtains the unique plane z=(2/5)x+(4/5)y+3/5."
"du04_1","3239","3.5","false","Normální rovnice, koeficienty i výsledná rovina jsou správně. Popis rozšířené matice ale zaměňuje význam posledního sloupce: nejde o hodnoty c, nýbrž o zadané hodnoty souřadnice z, tedy pravou stranu soustavy.","The normal equations, coefficient vector, and plane are correct, but the response says that the final column of the augmented data matrix contains values of c; it actually contains the observed z-values (the right-hand side)."
"du04_1","3240","4","true","Šest podmínek správně zapisujete jako úlohu nejmenších čtverců, sestavujete odpovídající normální rovnice a získáváte koeficienty a=2/5, b=4/5, c=3/5. Hledaná rovina je z=(2/5)x+(4/5)y+3/5; řešení je úplné.","The response correctly formulates the six plane conditions as a least-squares system, forms the normal equations A^T A(a,b,c)^T=A^Tz, and obtains the unique plane z=(2/5)x+(4/5)y+3/5."
"du04_1","3241","4","true","Šest podmínek správně zapisujete jako úlohu nejmenších čtverců, sestavujete odpovídající normální rovnice a získáváte koeficienty a=2/5, b=4/5, c=3/5. Hledaná rovina je z=(2/5)x+(4/5)y+3/5; řešení je úplné.","The response correctly formulates the six plane conditions as a least-squares system, forms the normal equations A^T A(a,b,c)^T=A^Tz, and obtains the unique plane z=(2/5)x+(4/5)y+3/5."
"du04_1","3245","3.5","false","Výpočet normálních rovnic i výsledná rovina jsou správně. U matice A však uvádíte rozměr 3×6, zatímco zobrazená matice se šesti body a třemi koeficienty má rozměr 6×3.","The least-squares computation and result are correct, but the response explicitly declares the design matrix A to be 3x6 although the displayed matrix is 6x3."
"du04_1","3248","4","true","Šest podmínek správně zapisujete jako úlohu nejmenších čtverců, sestavujete odpovídající normální rovnice a získáváte koeficienty a=2/5, b=4/5, c=3/5. Hledaná rovina je z=(2/5)x+(4/5)y+3/5; řešení je úplné.","The response correctly formulates the six plane conditions as a least-squares system, forms the normal equations A^T A(a,b,c)^T=A^Tz, and obtains the unique plane z=(2/5)x+(4/5)y+3/5."
"du04_1","3250","4","true","Šest podmínek správně zapisujete jako úlohu nejmenších čtverců, sestavujete odpovídající normální rovnice a získáváte koeficienty a=2/5, b=4/5, c=3/5. Hledaná rovina je z=(2/5)x+(4/5)y+3/5; řešení je úplné.","The response correctly formulates the six plane conditions as a least-squares system, forms the normal equations A^T A(a,b,c)^T=A^Tz, and obtains the unique plane z=(2/5)x+(4/5)y+3/5."
"du04_1","3253","2.5","false","Metodu nejmenších čtverců volíte správně, ale třetí bod přepisujete do řádku matice jako (0,0,1) místo (0,1,1). Z takto změněných dat vycházejí chybné normální rovnice i koeficienty (8,20,17)/23. Pro zadané body je správně (a,b,c)=(2/5,4/5,3/5).","The response applies the least-squares framework, but it enters the third data row as (0,0,1) instead of (0,1,1). Consequently the normal equations and the reported plane with coefficients (8,20,17)/23 are wrong."
"du04_1","3254","3.5","false","Koeficienty roviny i hodnota součtu čtverců reziduí jsou správné. V závěrečném vzorci pro reziduum však zaměňujete proměnné: výraz má pracovat s x_i, y_i a konstantou 3/5, nikoli se symboly koeficientů a_i, b_i, c_i.","The least-squares computation, final plane, and reported SSE are correct, but the final residual expression uses coefficient symbols a_i,b_i in place of the predictors x_i,y_i and the constant term."
"du04_1","3256","4","true","Šest podmínek správně zapisujete jako úlohu nejmenších čtverců, sestavujete odpovídající normální rovnice a získáváte koeficienty a=2/5, b=4/5, c=3/5. Hledaná rovina je z=(2/5)x+(4/5)y+3/5; řešení je úplné.","The response correctly formulates the six plane conditions as a least-squares system, forms the normal equations A^T A(a,b,c)^T=A^Tz, and obtains the unique plane z=(2/5)x+(4/5)y+3/5."
"du04_1","3259","4","true","Šest podmínek správně zapisujete jako úlohu nejmenších čtverců, sestavujete odpovídající normální rovnice a získáváte koeficienty a=2/5, b=4/5, c=3/5. Hledaná rovina je z=(2/5)x+(4/5)y+3/5; řešení je úplné.","The response correctly formulates the six plane conditions as a least-squares system, forms the normal equations A^T A(a,b,c)^T=A^Tz, and obtains the unique plane z=(2/5)x+(4/5)y+3/5."
"du04_1","3260","4","true","Šest podmínek správně zapisujete jako úlohu nejmenších čtverců, sestavujete odpovídající normální rovnice a získáváte koeficienty a=2/5, b=4/5, c=3/5. Hledaná rovina je z=(2/5)x+(4/5)y+3/5; řešení je úplné.","The response correctly formulates the six plane conditions as a least-squares system, forms the normal equations A^T A(a,b,c)^T=A^Tz, and obtains the unique plane z=(2/5)x+(4/5)y+3/5."
"du04_1","3264","4","true","Šest podmínek správně zapisujete jako úlohu nejmenších čtverců, sestavujete odpovídající normální rovnice a získáváte koeficienty a=2/5, b=4/5, c=3/5. Hledaná rovina je z=(2/5)x+(4/5)y+3/5; řešení je úplné.","The response correctly formulates the six plane conditions as a least-squares system, forms the normal equations A^T A(a,b,c)^T=A^Tz, and obtains the unique plane z=(2/5)x+(4/5)y+3/5."
"du04_1","3265","4","true","Šest podmínek správně zapisujete jako úlohu nejmenších čtverců, sestavujete odpovídající normální rovnice a získáváte koeficienty a=2/5, b=4/5, c=3/5. Hledaná rovina je z=(2/5)x+(4/5)y+3/5; řešení je úplné.","The response correctly formulates the six plane conditions as a least-squares system, forms the normal equations A^T A(a,b,c)^T=A^Tz, and obtains the unique plane z=(2/5)x+(4/5)y+3/5."
"du04_1","3266","3.5","false","Normální rovnice i výsledná rovina jsou správně. Není však pravda, že zadaný vektor pravých stran leží v Im(A) a že původní soustava má přesné řešení; nenulová rezidua právě ukazují opak.","The normal-equation calculation and final plane are correct, but the response falsely asserts that the data vector lies in Im(A) and that the original overdetermined system has an exact solution."
"du04_1","3268","4","true","Šest podmínek správně zapisujete jako úlohu nejmenších čtverců, sestavujete odpovídající normální rovnice a získáváte koeficienty a=2/5, b=4/5, c=3/5. Hledaná rovina je z=(2/5)x+(4/5)y+3/5; řešení je úplné.","The response correctly formulates the six plane conditions as a least-squares system, forms the normal equations A^T A(a,b,c)^T=A^Tz, and obtains the unique plane z=(2/5)x+(4/5)y+3/5."
"du04_1","3271","4","true","Šest podmínek správně zapisujete jako úlohu nejmenších čtverců, sestavujete odpovídající normální rovnice a získáváte koeficienty a=2/5, b=4/5, c=3/5. Hledaná rovina je z=(2/5)x+(4/5)y+3/5; řešení je úplné.","The response correctly formulates the six plane conditions as a least-squares system, forms the normal equations A^T A(a,b,c)^T=A^Tz, and obtains the unique plane z=(2/5)x+(4/5)y+3/5."
"du04_1","3275","4","true","Šest podmínek správně zapisujete jako úlohu nejmenších čtverců, sestavujete odpovídající normální rovnice a získáváte koeficienty a=2/5, b=4/5, c=3/5. Hledaná rovina je z=(2/5)x+(4/5)y+3/5; řešení je úplné.","The response correctly formulates the six plane conditions as a least-squares system, forms the normal equations A^T A(a,b,c)^T=A^Tz, and obtains the unique plane z=(2/5)x+(4/5)y+3/5."
"du04_1","3276","3.5","false","Samotný výpočet nejmenších čtverců a výsledná rovina jsou správně. Úvodní zdůvodnění je ale chybné: šest rovnic ve třech neznámých nemůže být všech šest lineárně nezávislých a z tvrzené nezávislosti by navíc neplynula neřešitelnost soustavy.","The least-squares calculation and plane are correct, but the response claims that the six equations are probably linearly independent and therefore probably inconsistent. Six row equations in three unknowns cannot all be linearly independent, and independence would not justify that conclusion."
"du04_1","3281","3","false","Sestavení úlohy i normální rovnice jsou správné. Při eliminaci však vznikne chyba a vyjde b=7/5 místo b=4/5; tím je chybná i závěrečná rovina. Správný vektor koeficientů je (2/5,4/5,3/5).","The design matrix and normal equations are correct, but a row-reduction error gives b=7/5 and hence an incorrect final plane. The correct coefficient is b=4/5."
"du04_1","3287","3.5","false","Normální rovnice i výsledné koeficienty jsou správně. V jednom zapsaném násobení inverzní maticí však má vektor pravé strany třetí složku c místo čísla 6, což je chybný a s okolním výpočtem rozporný zápis.","The surrounding normal equations and final coefficients are correct, but the inverse-matrix multiplication writes the right-hand side as (2,4,c)^T instead of (2,4,6)^T."
"du04_1","3288","4","true","Šest podmínek správně zapisujete jako úlohu nejmenších čtverců, sestavujete odpovídající normální rovnice a získáváte koeficienty a=2/5, b=4/5, c=3/5. Hledaná rovina je z=(2/5)x+(4/5)y+3/5; řešení je úplné.","The response correctly formulates the six plane conditions as a least-squares system, forms the normal equations A^T A(a,b,c)^T=A^Tz, and obtains the unique plane z=(2/5)x+(4/5)y+3/5."
"du04_1","3294","3.5","false","Koeficienty a=2/5, b=4/5, c=3/5 jsou vypočteny správně. Ve finální rovnici ale stojí x v obou lineárních členech; druhý člen má být (4/5)y.","The response computes all three coefficients correctly, but its final equation uses x in both linear terms rather than using y in the second term."
"du04_1","3295","2","false","Zvolená matice neodpovídá rovnici z=ax+by+c: její třetí sloupec tvoříte hodnotami z místo konstantních jedniček. Tím řešíte jinou úlohu, takže navazující Gramova matice i výsledek (1/8,5/8,3/4) jsou chybné. Pro zadaný model vychází (2/5,4/5,3/5).","The response uses the point coordinates (x,y,z) as all three columns of the design matrix instead of (x,y,1). This models a different homogeneous relation and leads to the wrong Gram matrix and coefficient vector (1/8,5/8,3/4)."
"du04_1","3299","3","false","Výchozí soustava i vektor A^Tz jsou správné. V matici A^TA je však prostřední diagonální prvek 4, nikoli 2; kvůli tomu vycházejí chybné koeficienty (2,4,-1). Správná rovina má koeficienty (2/5,4/5,3/5).","The design system and A^Tz are correct, but the second diagonal entry of A^T A is written as 2 instead of 4. This produces the incorrect coefficients (2,4,-1) and an incorrect plane."
"du04_1","3301","3.5","false","Hledaná rovina z=0,4x+0,8y+0,6 je správná. Dodatečně uvedená hodnota součtu čtverců odchylek 0,22 však správná není; pro tuto rovinu je minimum 2/5=0,4.","The least-squares coefficients and plane are correct, but the additional reported residual sum of squares 0.22 is wrong; for the stated plane it equals 2/5=0.4."
"du04_1","3305","4","true","Šest podmínek správně zapisujete jako úlohu nejmenších čtverců, sestavujete odpovídající normální rovnice a získáváte koeficienty a=2/5, b=4/5, c=3/5. Hledaná rovina je z=(2/5)x+(4/5)y+3/5; řešení je úplné.","The response correctly formulates the six plane conditions as a least-squares system, forms the normal equations A^T A(a,b,c)^T=A^Tz, and obtains the unique plane z=(2/5)x+(4/5)y+3/5."
"du04_1","3309","3.5","false","Normální rovnice i rovina jsou vypočteny správně. Vektor koeficientů x ale není kolmým průmětem z do Im(A); tímto průmětem je vektor Ax. Uvedené tvrzení je i rozměrově neslučitelné, protože x má tři složky a projekce šest.","The normal equations and final plane are correct, but the response identifies the coefficient vector x itself as the orthogonal projection of z onto Im(A). The projection is Ax, not x, and the dimensions differ."
"du04_1","3310","4","true","Šest podmínek správně zapisujete jako úlohu nejmenších čtverců, sestavujete odpovídající normální rovnice a získáváte koeficienty a=2/5, b=4/5, c=3/5. Hledaná rovina je z=(2/5)x+(4/5)y+3/5; řešení je úplné.","The response correctly formulates the six plane conditions as a least-squares system, forms the normal equations A^T A(a,b,c)^T=A^Tz, and obtains the unique plane z=(2/5)x+(4/5)y+3/5."
"du04_1","3314","3.5","false","Výpočet a výsledná rovina jsou správné. U rozměrů však uvádíte A∈R^3 a z∈R^3; ve skutečnosti je A maticí 6×3 a vektor z patří do R^6.","The displayed matrices, normal equations, and result are correct, but the response explicitly assigns A and z to R^3. In fact A is a 6x3 matrix and z lies in R^6."
"du04_1","3317","4","true","Šest podmínek správně zapisujete jako úlohu nejmenších čtverců, sestavujete odpovídající normální rovnice a získáváte koeficienty a=2/5, b=4/5, c=3/5. Hledaná rovina je z=(2/5)x+(4/5)y+3/5; řešení je úplné.","The response correctly formulates the six plane conditions as a least-squares system, forms the normal equations A^T A(a,b,c)^T=A^Tz, and obtains the unique plane z=(2/5)x+(4/5)y+3/5."
"du04_1","3318","4","true","Šest podmínek správně zapisujete jako úlohu nejmenších čtverců, sestavujete odpovídající normální rovnice a získáváte koeficienty a=2/5, b=4/5, c=3/5. Hledaná rovina je z=(2/5)x+(4/5)y+3/5; řešení je úplné.","The response correctly formulates the six plane conditions as a least-squares system, forms the normal equations A^T A(a,b,c)^T=A^Tz, and obtains the unique plane z=(2/5)x+(4/5)y+3/5."
"du04_1","3324","4","true","Šest podmínek správně zapisujete jako úlohu nejmenších čtverců, sestavujete odpovídající normální rovnice a získáváte koeficienty a=2/5, b=4/5, c=3/5. Hledaná rovina je z=(2/5)x+(4/5)y+3/5; řešení je úplné.","The response correctly formulates the six plane conditions as a least-squares system, forms the normal equations A^T A(a,b,c)^T=A^Tz, and obtains the unique plane z=(2/5)x+(4/5)y+3/5."
"du04_1","3326","4","true","Šest podmínek správně zapisujete jako úlohu nejmenších čtverců, sestavujete odpovídající normální rovnice a získáváte koeficienty a=2/5, b=4/5, c=3/5. Hledaná rovina je z=(2/5)x+(4/5)y+3/5; řešení je úplné.","The response correctly formulates the six plane conditions as a least-squares system, forms the normal equations A^T A(a,b,c)^T=A^Tz, and obtains the unique plane z=(2/5)x+(4/5)y+3/5."
"du04_1","3329","4","true","Šest podmínek správně zapisujete jako úlohu nejmenších čtverců, sestavujete odpovídající normální rovnice a získáváte koeficienty a=2/5, b=4/5, c=3/5. Hledaná rovina je z=(2/5)x+(4/5)y+3/5; řešení je úplné.","The response correctly formulates the six plane conditions as a least-squares system, forms the normal equations A^T A(a,b,c)^T=A^Tz, and obtains the unique plane z=(2/5)x+(4/5)y+3/5."
"du04_1","3331","4","true","Šest podmínek správně zapisujete jako úlohu nejmenších čtverců, sestavujete odpovídající normální rovnice a získáváte koeficienty a=2/5, b=4/5, c=3/5. Hledaná rovina je z=(2/5)x+(4/5)y+3/5; řešení je úplné.","The response correctly formulates the six plane conditions as a least-squares system, forms the normal equations A^T A(a,b,c)^T=A^Tz, and obtains the unique plane z=(2/5)x+(4/5)y+3/5."
"du04_1","3332","4","true","Šest podmínek správně zapisujete jako úlohu nejmenších čtverců, sestavujete odpovídající normální rovnice a získáváte koeficienty a=2/5, b=4/5, c=3/5. Hledaná rovina je z=(2/5)x+(4/5)y+3/5; řešení je úplné.","The response correctly formulates the six plane conditions as a least-squares system, forms the normal equations A^T A(a,b,c)^T=A^Tz, and obtains the unique plane z=(2/5)x+(4/5)y+3/5."
"du04_1","3339","4","true","Šest podmínek správně zapisujete jako úlohu nejmenších čtverců, sestavujete odpovídající normální rovnice a získáváte koeficienty a=2/5, b=4/5, c=3/5. Hledaná rovina je z=(2/5)x+(4/5)y+3/5; řešení je úplné.","The response correctly formulates the six plane conditions as a least-squares system, forms the normal equations A^T A(a,b,c)^T=A^Tz, and obtains the unique plane z=(2/5)x+(4/5)y+3/5."
"du04_1","3344","4","true","Šest podmínek správně zapisujete jako úlohu nejmenších čtverců, sestavujete odpovídající normální rovnice a získáváte koeficienty a=2/5, b=4/5, c=3/5. Hledaná rovina je z=(2/5)x+(4/5)y+3/5; řešení je úplné.","The response correctly formulates the six plane conditions as a least-squares system, forms the normal equations A^T A(a,b,c)^T=A^Tz, and obtains the unique plane z=(2/5)x+(4/5)y+3/5."
"du04_1","3346","4","true","Šest podmínek správně zapisujete jako úlohu nejmenších čtverců, sestavujete odpovídající normální rovnice a získáváte koeficienty a=2/5, b=4/5, c=3/5. Hledaná rovina je z=(2/5)x+(4/5)y+3/5; řešení je úplné.","The response correctly formulates the six plane conditions as a least-squares system, forms the normal equations A^T A(a,b,c)^T=A^Tz, and obtains the unique plane z=(2/5)x+(4/5)y+3/5."
"du04_1","3347","3.5","false","Výpočet normálních rovnic a výsledná rovina jsou správně. Nezávislost sloupců A však sama o sobě neznamená, že původní soustava nemá řešení, a řešení normálních rovnic nelze označit za přesné řešení původní nekonzistentní soustavy.","The normal-equation computation and final plane are correct, but the response says that independent columns imply the original system has no solution and calls normal-equation solutions exact solutions. Neither characterization is valid."
"du04_1","3349","4","true","Šest podmínek správně zapisujete jako úlohu nejmenších čtverců, sestavujete odpovídající normální rovnice a získáváte koeficienty a=2/5, b=4/5, c=3/5. Hledaná rovina je z=(2/5)x+(4/5)y+3/5; řešení je úplné.","The response correctly formulates the six plane conditions as a least-squares system, forms the normal equations A^T A(a,b,c)^T=A^Tz, and obtains the unique plane z=(2/5)x+(4/5)y+3/5."
"du04_1","3351","4","true","Šest podmínek správně zapisujete jako úlohu nejmenších čtverců, sestavujete odpovídající normální rovnice a získáváte koeficienty a=2/5, b=4/5, c=3/5. Hledaná rovina je z=(2/5)x+(4/5)y+3/5; řešení je úplné.","The response correctly formulates the six plane conditions as a least-squares system, forms the normal equations A^T A(a,b,c)^T=A^Tz, and obtains the unique plane z=(2/5)x+(4/5)y+3/5."
"du04_1","3356","4","true","Šest podmínek správně zapisujete jako úlohu nejmenších čtverců, sestavujete odpovídající normální rovnice a získáváte koeficienty a=2/5, b=4/5, c=3/5. Hledaná rovina je z=(2/5)x+(4/5)y+3/5; řešení je úplné.","The response correctly formulates the six plane conditions as a least-squares system, forms the normal equations A^T A(a,b,c)^T=A^Tz, and obtains the unique plane z=(2/5)x+(4/5)y+3/5."
"du04_1","3403","4","true","Šest podmínek správně zapisujete jako úlohu nejmenších čtverců, sestavujete odpovídající normální rovnice a získáváte koeficienty a=2/5, b=4/5, c=3/5. Hledaná rovina je z=(2/5)x+(4/5)y+3/5; řešení je úplné.","The response correctly formulates the six plane conditions as a least-squares system, forms the normal equations A^T A(a,b,c)^T=A^Tz, and obtains the unique plane z=(2/5)x+(4/5)y+3/5."
"du04_1","3407","3.5","false","Soustava, normální rovnice, koeficienty i výsledná rovina jsou správně. Vysvětlení ale zaměňuje objekty: minimalizuje se norma rezidua, nikoli norma vektoru x, a projekcí z do Im(A) je Ax, nikoli samotný třírozměrný vektor koeficientů x.","The response correctly sets up and solves the normal equations, but its prose calls the coefficient vector x a smallest-norm solution and the projection of z onto Im(A). Least squares minimizes the residual norm, and the projected vector is Ax."
"du04_2","273","4","true","Podmínky pro hodnoty polynomu správně převádíte na lineární soustavu, korektně určujete její řešení s nejmenší eukleidovskou normou a získáváte polynom p(x)=−3/5 x^4+1/5 x^3+3/5 x^2+4/5 x+1. Řešení je úplné.","The response correctly formulates the interpolation constraints as a consistent linear system, applies the minimum-norm solution characterization, and obtains the coefficient vector (-3/5,1/5,3/5,4/5,1)."
"du04_2","534","4","true","Podmínky pro hodnoty polynomu správně převádíte na lineární soustavu, korektně určujete její řešení s nejmenší eukleidovskou normou a získáváte polynom p(x)=−3/5 x^4+1/5 x^3+3/5 x^2+4/5 x+1. Řešení je úplné.","The response correctly formulates the interpolation constraints as a consistent linear system, applies the minimum-norm solution characterization, and obtains the coefficient vector (-3/5,1/5,3/5,4/5,1)."
"du04_2","1500","4","true","Podmínky pro hodnoty polynomu správně převádíte na lineární soustavu, korektně určujete její řešení s nejmenší eukleidovskou normou a získáváte polynom p(x)=−3/5 x^4+1/5 x^3+3/5 x^2+4/5 x+1. Řešení je úplné.","The response correctly formulates the interpolation constraints as a consistent linear system, applies the minimum-norm solution characterization, and obtains the coefficient vector (-3/5,1/5,3/5,4/5,1)."
"du04_2","1771","4","true","Podmínky pro hodnoty polynomu správně převádíte na lineární soustavu, korektně určujete její řešení s nejmenší eukleidovskou normou a získáváte polynom p(x)=−3/5 x^4+1/5 x^3+3/5 x^2+4/5 x+1. Řešení je úplné.","The response correctly formulates the interpolation constraints as a consistent linear system, applies the minimum-norm solution characterization, and obtains the coefficient vector (-3/5,1/5,3/5,4/5,1)."
"du04_2","1927","4","true","Podmínky pro hodnoty polynomu správně převádíte na lineární soustavu, korektně určujete její řešení s nejmenší eukleidovskou normou a získáváte polynom p(x)=−3/5 x^4+1/5 x^3+3/5 x^2+4/5 x+1. Řešení je úplné.","The response correctly formulates the interpolation constraints as a consistent linear system, applies the minimum-norm solution characterization, and obtains the coefficient vector (-3/5,1/5,3/5,4/5,1)."
"du04_2","1989","4","true","Podmínky pro hodnoty polynomu správně převádíte na lineární soustavu, korektně určujete její řešení s nejmenší eukleidovskou normou a získáváte polynom p(x)=−3/5 x^4+1/5 x^3+3/5 x^2+4/5 x+1. Řešení je úplné.","The response correctly formulates the interpolation constraints as a consistent linear system, applies the minimum-norm solution characterization, and obtains the coefficient vector (-3/5,1/5,3/5,4/5,1)."
"du04_2","2125","4","true","Podmínky pro hodnoty polynomu správně převádíte na lineární soustavu, korektně určujete její řešení s nejmenší eukleidovskou normou a získáváte polynom p(x)=−3/5 x^4+1/5 x^3+3/5 x^2+4/5 x+1. Řešení je úplné.","The response correctly formulates the interpolation constraints as a consistent linear system, applies the minimum-norm solution characterization, and obtains the coefficient vector (-3/5,1/5,3/5,4/5,1)."
"du04_2","2182","4","true","Podmínky pro hodnoty polynomu správně převádíte na lineární soustavu, korektně určujete její řešení s nejmenší eukleidovskou normou a získáváte polynom p(x)=−3/5 x^4+1/5 x^3+3/5 x^2+4/5 x+1. Řešení je úplné.","The response correctly formulates the interpolation constraints as a consistent linear system, applies the minimum-norm solution characterization, and obtains the coefficient vector (-3/5,1/5,3/5,4/5,1)."
"du04_2","2377","4","true","Podmínky pro hodnoty polynomu správně převádíte na lineární soustavu, korektně určujete její řešení s nejmenší eukleidovskou normou a získáváte polynom p(x)=−3/5 x^4+1/5 x^3+3/5 x^2+4/5 x+1. Řešení je úplné.","The response correctly formulates the interpolation constraints as a consistent linear system, applies the minimum-norm solution characterization, and obtains the coefficient vector (-3/5,1/5,3/5,4/5,1)."
"du04_2","2398","4","true","Podmínky pro hodnoty polynomu správně převádíte na lineární soustavu, korektně určujete její řešení s nejmenší eukleidovskou normou a získáváte polynom p(x)=−3/5 x^4+1/5 x^3+3/5 x^2+4/5 x+1. Řešení je úplné.","The response correctly formulates the interpolation constraints as a consistent linear system, applies the minimum-norm solution characterization, and obtains the coefficient vector (-3/5,1/5,3/5,4/5,1)."
"du04_2","2401","4","true","Podmínky pro hodnoty polynomu správně převádíte na lineární soustavu, korektně určujete její řešení s nejmenší eukleidovskou normou a získáváte polynom p(x)=−3/5 x^4+1/5 x^3+3/5 x^2+4/5 x+1. Řešení je úplné.","The response correctly formulates the interpolation constraints as a consistent linear system, applies the minimum-norm solution characterization, and obtains the coefficient vector (-3/5,1/5,3/5,4/5,1)."
"du04_2","2430","4","true","Podmínky pro hodnoty polynomu správně převádíte na lineární soustavu, korektně určujete její řešení s nejmenší eukleidovskou normou a získáváte polynom p(x)=−3/5 x^4+1/5 x^3+3/5 x^2+4/5 x+1. Řešení je úplné.","The response correctly formulates the interpolation constraints as a consistent linear system, applies the minimum-norm solution characterization, and obtains the coefficient vector (-3/5,1/5,3/5,4/5,1)."
"du04_2","2464","4","true","Podmínky pro hodnoty polynomu správně převádíte na lineární soustavu, korektně určujete její řešení s nejmenší eukleidovskou normou a získáváte polynom p(x)=−3/5 x^4+1/5 x^3+3/5 x^2+4/5 x+1. Řešení je úplné.","The response correctly formulates the interpolation constraints as a consistent linear system, applies the minimum-norm solution characterization, and obtains the coefficient vector (-3/5,1/5,3/5,4/5,1)."
"du04_2","2492","4","true","Podmínky pro hodnoty polynomu správně převádíte na lineární soustavu, korektně určujete její řešení s nejmenší eukleidovskou normou a získáváte polynom p(x)=−3/5 x^4+1/5 x^3+3/5 x^2+4/5 x+1. Řešení je úplné.","The response correctly formulates the interpolation constraints as a consistent linear system, applies the minimum-norm solution characterization, and obtains the coefficient vector (-3/5,1/5,3/5,4/5,1)."
"du04_2","2518","4","true","Podmínky pro hodnoty polynomu správně převádíte na lineární soustavu, korektně určujete její řešení s nejmenší eukleidovskou normou a získáváte polynom p(x)=−3/5 x^4+1/5 x^3+3/5 x^2+4/5 x+1. Řešení je úplné.","The response correctly formulates the interpolation constraints as a consistent linear system, applies the minimum-norm solution characterization, and obtains the coefficient vector (-3/5,1/5,3/5,4/5,1)."
"du04_2","2542","4","true","Podmínky pro hodnoty polynomu správně převádíte na lineární soustavu, korektně určujete její řešení s nejmenší eukleidovskou normou a získáváte polynom p(x)=−3/5 x^4+1/5 x^3+3/5 x^2+4/5 x+1. Řešení je úplné.","The response correctly formulates the interpolation constraints as a consistent linear system, applies the minimum-norm solution characterization, and obtains the coefficient vector (-3/5,1/5,3/5,4/5,1)."
"du04_2","2743","4","true","Podmínky pro hodnoty polynomu správně převádíte na lineární soustavu, korektně určujete její řešení s nejmenší eukleidovskou normou a získáváte polynom p(x)=−3/5 x^4+1/5 x^3+3/5 x^2+4/5 x+1. Řešení je úplné.","The response correctly formulates the interpolation constraints as a consistent linear system, applies the minimum-norm solution characterization, and obtains the coefficient vector (-3/5,1/5,3/5,4/5,1)."
"du04_2","2760","4","true","Podmínky pro hodnoty polynomu správně převádíte na lineární soustavu, korektně určujete její řešení s nejmenší eukleidovskou normou a získáváte polynom p(x)=−3/5 x^4+1/5 x^3+3/5 x^2+4/5 x+1. Řešení je úplné.","The response correctly formulates the interpolation constraints as a consistent linear system, applies the minimum-norm solution characterization, and obtains the coefficient vector (-3/5,1/5,3/5,4/5,1)."
"du04_2","2763","2.5","false","Soustavu i vztah pro řešení s nejmenší normou sestavujete správně. Ve výpočtu inverzní matice a následném násobení však vznikla chyba; uvedený polynom nesplňuje ani p(1)=2, ani p(2)=−3. Výsledek proto není přípustným polynomem ze zadání.","The minimum-norm formula and constraint matrix are appropriate, but the inverse/matrix arithmetic is wrong. The submitted polynomial does not satisfy p(1)=2 or p(2)=-3."
"du04_2","2815","4","true","Podmínky pro hodnoty polynomu správně převádíte na lineární soustavu, korektně určujete její řešení s nejmenší eukleidovskou normou a získáváte polynom p(x)=−3/5 x^4+1/5 x^3+3/5 x^2+4/5 x+1. Řešení je úplné.","The response correctly formulates the interpolation constraints as a consistent linear system, applies the minimum-norm solution characterization, and obtains the coefficient vector (-3/5,1/5,3/5,4/5,1)."
"du04_2","2826","4","true","Podmínky pro hodnoty polynomu správně převádíte na lineární soustavu, korektně určujete její řešení s nejmenší eukleidovskou normou a získáváte polynom p(x)=−3/5 x^4+1/5 x^3+3/5 x^2+4/5 x+1. Řešení je úplné.","The response correctly formulates the interpolation constraints as a consistent linear system, applies the minimum-norm solution characterization, and obtains the coefficient vector (-3/5,1/5,3/5,4/5,1)."
"du04_2","2847","4","true","Podmínky pro hodnoty polynomu správně převádíte na lineární soustavu, korektně určujete její řešení s nejmenší eukleidovskou normou a získáváte polynom p(x)=−3/5 x^4+1/5 x^3+3/5 x^2+4/5 x+1. Řešení je úplné.","The response correctly formulates the interpolation constraints as a consistent linear system, applies the minimum-norm solution characterization, and obtains the coefficient vector (-3/5,1/5,3/5,4/5,1)."
"du04_2","2857","4","true","Podmínky pro hodnoty polynomu správně převádíte na lineární soustavu, korektně určujete její řešení s nejmenší eukleidovskou normou a získáváte polynom p(x)=−3/5 x^4+1/5 x^3+3/5 x^2+4/5 x+1. Řešení je úplné.","The response correctly formulates the interpolation constraints as a consistent linear system, applies the minimum-norm solution characterization, and obtains the coefficient vector (-3/5,1/5,3/5,4/5,1)."
"du04_2","2859","4","true","Podmínky pro hodnoty polynomu správně převádíte na lineární soustavu, korektně určujete její řešení s nejmenší eukleidovskou normou a získáváte polynom p(x)=−3/5 x^4+1/5 x^3+3/5 x^2+4/5 x+1. Řešení je úplné.","The response correctly formulates the interpolation constraints as a consistent linear system, applies the minimum-norm solution characterization, and obtains the coefficient vector (-3/5,1/5,3/5,4/5,1)."
"du04_2","2862","4","true","Podmínky pro hodnoty polynomu správně převádíte na lineární soustavu, korektně určujete její řešení s nejmenší eukleidovskou normou a získáváte polynom p(x)=−3/5 x^4+1/5 x^3+3/5 x^2+4/5 x+1. Řešení je úplné.","The response correctly formulates the interpolation constraints as a consistent linear system, applies the minimum-norm solution characterization, and obtains the coefficient vector (-3/5,1/5,3/5,4/5,1)."
"du04_2","2864","4","true","Podmínky pro hodnoty polynomu správně převádíte na lineární soustavu, korektně určujete její řešení s nejmenší eukleidovskou normou a získáváte polynom p(x)=−3/5 x^4+1/5 x^3+3/5 x^2+4/5 x+1. Řešení je úplné.","The response correctly formulates the interpolation constraints as a consistent linear system, applies the minimum-norm solution characterization, and obtains the coefficient vector (-3/5,1/5,3/5,4/5,1)."
"du04_2","2865","4","true","Podmínky pro hodnoty polynomu správně převádíte na lineární soustavu, korektně určujete její řešení s nejmenší eukleidovskou normou a získáváte polynom p(x)=−3/5 x^4+1/5 x^3+3/5 x^2+4/5 x+1. Řešení je úplné.","The response correctly formulates the interpolation constraints as a consistent linear system, applies the minimum-norm solution characterization, and obtains the coefficient vector (-3/5,1/5,3/5,4/5,1)."
"du04_2","2869","4","true","Podmínky pro hodnoty polynomu správně převádíte na lineární soustavu, korektně určujete její řešení s nejmenší eukleidovskou normou a získáváte polynom p(x)=−3/5 x^4+1/5 x^3+3/5 x^2+4/5 x+1. Řešení je úplné.","The response correctly formulates the interpolation constraints as a consistent linear system, applies the minimum-norm solution characterization, and obtains the coefficient vector (-3/5,1/5,3/5,4/5,1)."
"du04_2","2874","4","true","Podmínky pro hodnoty polynomu správně převádíte na lineární soustavu, korektně určujete její řešení s nejmenší eukleidovskou normou a získáváte polynom p(x)=−3/5 x^4+1/5 x^3+3/5 x^2+4/5 x+1. Řešení je úplné.","The response correctly formulates the interpolation constraints as a consistent linear system, applies the minimum-norm solution characterization, and obtains the coefficient vector (-3/5,1/5,3/5,4/5,1)."
"du04_2","2881","4","true","Podmínky pro hodnoty polynomu správně převádíte na lineární soustavu, korektně určujete její řešení s nejmenší eukleidovskou normou a získáváte polynom p(x)=−3/5 x^4+1/5 x^3+3/5 x^2+4/5 x+1. Řešení je úplné.","The response correctly formulates the interpolation constraints as a consistent linear system, applies the minimum-norm solution characterization, and obtains the coefficient vector (-3/5,1/5,3/5,4/5,1)."
"du04_2","2887","4","true","Podmínky pro hodnoty polynomu správně převádíte na lineární soustavu, korektně určujete její řešení s nejmenší eukleidovskou normou a získáváte polynom p(x)=−3/5 x^4+1/5 x^3+3/5 x^2+4/5 x+1. Řešení je úplné.","The response correctly formulates the interpolation constraints as a consistent linear system, applies the minimum-norm solution characterization, and obtains the coefficient vector (-3/5,1/5,3/5,4/5,1)."
"du04_2","2888","4","true","Podmínky pro hodnoty polynomu správně převádíte na lineární soustavu, korektně určujete její řešení s nejmenší eukleidovskou normou a získáváte polynom p(x)=−3/5 x^4+1/5 x^3+3/5 x^2+4/5 x+1. Řešení je úplné.","The response correctly formulates the interpolation constraints as a consistent linear system, applies the minimum-norm solution characterization, and obtains the coefficient vector (-3/5,1/5,3/5,4/5,1)."
"du04_2","2892","4","true","Podmínky pro hodnoty polynomu správně převádíte na lineární soustavu, korektně určujete její řešení s nejmenší eukleidovskou normou a získáváte polynom p(x)=−3/5 x^4+1/5 x^3+3/5 x^2+4/5 x+1. Řešení je úplné.","The response correctly formulates the interpolation constraints as a consistent linear system, applies the minimum-norm solution characterization, and obtains the coefficient vector (-3/5,1/5,3/5,4/5,1)."
"du04_2","2900","4","true","Podmínky pro hodnoty polynomu správně převádíte na lineární soustavu, korektně určujete její řešení s nejmenší eukleidovskou normou a získáváte polynom p(x)=−3/5 x^4+1/5 x^3+3/5 x^2+4/5 x+1. Řešení je úplné.","The response correctly formulates the interpolation constraints as a consistent linear system, applies the minimum-norm solution characterization, and obtains the coefficient vector (-3/5,1/5,3/5,4/5,1)."
"du04_2","2901","4","true","Podmínky pro hodnoty polynomu správně převádíte na lineární soustavu, korektně určujete její řešení s nejmenší eukleidovskou normou a získáváte polynom p(x)=−3/5 x^4+1/5 x^3+3/5 x^2+4/5 x+1. Řešení je úplné.","The response correctly formulates the interpolation constraints as a consistent linear system, applies the minimum-norm solution characterization, and obtains the coefficient vector (-3/5,1/5,3/5,4/5,1)."
"du04_2","2903","4","true","Podmínky pro hodnoty polynomu správně převádíte na lineární soustavu, korektně určujete její řešení s nejmenší eukleidovskou normou a získáváte polynom p(x)=−3/5 x^4+1/5 x^3+3/5 x^2+4/5 x+1. Řešení je úplné.","The response correctly formulates the interpolation constraints as a consistent linear system, applies the minimum-norm solution characterization, and obtains the coefficient vector (-3/5,1/5,3/5,4/5,1)."
"du04_2","2917","4","true","Podmínky pro hodnoty polynomu správně převádíte na lineární soustavu, korektně určujete její řešení s nejmenší eukleidovskou normou a získáváte polynom p(x)=−3/5 x^4+1/5 x^3+3/5 x^2+4/5 x+1. Řešení je úplné.","The response correctly formulates the interpolation constraints as a consistent linear system, applies the minimum-norm solution characterization, and obtains the coefficient vector (-3/5,1/5,3/5,4/5,1)."
"du04_2","2918","4","true","Podmínky pro hodnoty polynomu správně převádíte na lineární soustavu, korektně určujete její řešení s nejmenší eukleidovskou normou a získáváte polynom p(x)=−3/5 x^4+1/5 x^3+3/5 x^2+4/5 x+1. Řešení je úplné.","The response correctly formulates the interpolation constraints as a consistent linear system, applies the minimum-norm solution characterization, and obtains the coefficient vector (-3/5,1/5,3/5,4/5,1)."
"du04_2","2922","4","true","Podmínky pro hodnoty polynomu správně převádíte na lineární soustavu, korektně určujete její řešení s nejmenší eukleidovskou normou a získáváte polynom p(x)=−3/5 x^4+1/5 x^3+3/5 x^2+4/5 x+1. Řešení je úplné.","The response correctly formulates the interpolation constraints as a consistent linear system, applies the minimum-norm solution characterization, and obtains the coefficient vector (-3/5,1/5,3/5,4/5,1)."
"du04_2","2923","4","true","Podmínky pro hodnoty polynomu správně převádíte na lineární soustavu, korektně určujete její řešení s nejmenší eukleidovskou normou a získáváte polynom p(x)=−3/5 x^4+1/5 x^3+3/5 x^2+4/5 x+1. Řešení je úplné.","The response correctly formulates the interpolation constraints as a consistent linear system, applies the minimum-norm solution characterization, and obtains the coefficient vector (-3/5,1/5,3/5,4/5,1)."
"du04_2","2932","4","true","Podmínky pro hodnoty polynomu správně převádíte na lineární soustavu, korektně určujete její řešení s nejmenší eukleidovskou normou a získáváte polynom p(x)=−3/5 x^4+1/5 x^3+3/5 x^2+4/5 x+1. Řešení je úplné.","The response correctly formulates the interpolation constraints as a consistent linear system, applies the minimum-norm solution characterization, and obtains the coefficient vector (-3/5,1/5,3/5,4/5,1)."
"du04_2","2934","4","true","Podmínky pro hodnoty polynomu správně převádíte na lineární soustavu, korektně určujete její řešení s nejmenší eukleidovskou normou a získáváte polynom p(x)=−3/5 x^4+1/5 x^3+3/5 x^2+4/5 x+1. Řešení je úplné.","The response correctly formulates the interpolation constraints as a consistent linear system, applies the minimum-norm solution characterization, and obtains the coefficient vector (-3/5,1/5,3/5,4/5,1)."
"du04_2","2937","4","true","Podmínky pro hodnoty polynomu správně převádíte na lineární soustavu, korektně určujete její řešení s nejmenší eukleidovskou normou a získáváte polynom p(x)=−3/5 x^4+1/5 x^3+3/5 x^2+4/5 x+1. Řešení je úplné.","The response correctly formulates the interpolation constraints as a consistent linear system, applies the minimum-norm solution characterization, and obtains the coefficient vector (-3/5,1/5,3/5,4/5,1)."
"du04_2","2941","4","true","Podmínky pro hodnoty polynomu správně převádíte na lineární soustavu, korektně určujete její řešení s nejmenší eukleidovskou normou a získáváte polynom p(x)=−3/5 x^4+1/5 x^3+3/5 x^2+4/5 x+1. Řešení je úplné.","The response correctly formulates the interpolation constraints as a consistent linear system, applies the minimum-norm solution characterization, and obtains the coefficient vector (-3/5,1/5,3/5,4/5,1)."
"du04_2","2948","4","true","Podmínky pro hodnoty polynomu správně převádíte na lineární soustavu, korektně určujete její řešení s nejmenší eukleidovskou normou a získáváte polynom p(x)=−3/5 x^4+1/5 x^3+3/5 x^2+4/5 x+1. Řešení je úplné.","The response correctly formulates the interpolation constraints as a consistent linear system, applies the minimum-norm solution characterization, and obtains the coefficient vector (-3/5,1/5,3/5,4/5,1)."
"du04_2","2956","4","true","Podmínky pro hodnoty polynomu správně převádíte na lineární soustavu, korektně určujete její řešení s nejmenší eukleidovskou normou a získáváte polynom p(x)=−3/5 x^4+1/5 x^3+3/5 x^2+4/5 x+1. Řešení je úplné.","The response correctly formulates the interpolation constraints as a consistent linear system, applies the minimum-norm solution characterization, and obtains the coefficient vector (-3/5,1/5,3/5,4/5,1)."
"du04_2","2980","2.5","false","Po určení a0=1 neupravujete pravé strany zbývajících rovnic o konstantní člen. Další výpočet nejmenší normy se proto týká jiné soustavy a výsledný polynom nesplňuje zadané hodnoty p(1) a p(2).","After fixing a0=1, the response fails to adjust the right-hand side of the two remaining constraints. The subsequent minimum-norm calculation therefore solves the wrong system and produces a polynomial that violates the prescribed values."
"du04_2","2984","4","true","Podmínky pro hodnoty polynomu správně převádíte na lineární soustavu, korektně určujete její řešení s nejmenší eukleidovskou normou a získáváte polynom p(x)=−3/5 x^4+1/5 x^3+3/5 x^2+4/5 x+1. Řešení je úplné.","The response correctly formulates the interpolation constraints as a consistent linear system, applies the minimum-norm solution characterization, and obtains the coefficient vector (-3/5,1/5,3/5,4/5,1)."
"du04_2","2986","4","true","Podmínky pro hodnoty polynomu správně převádíte na lineární soustavu, korektně určujete její řešení s nejmenší eukleidovskou normou a získáváte polynom p(x)=−3/5 x^4+1/5 x^3+3/5 x^2+4/5 x+1. Řešení je úplné.","The response correctly formulates the interpolation constraints as a consistent linear system, applies the minimum-norm solution characterization, and obtains the coefficient vector (-3/5,1/5,3/5,4/5,1)."
"du04_2","2988","4","true","Podmínky pro hodnoty polynomu správně převádíte na lineární soustavu, korektně určujete její řešení s nejmenší eukleidovskou normou a získáváte polynom p(x)=−3/5 x^4+1/5 x^3+3/5 x^2+4/5 x+1. Řešení je úplné.","The response correctly formulates the interpolation constraints as a consistent linear system, applies the minimum-norm solution characterization, and obtains the coefficient vector (-3/5,1/5,3/5,4/5,1)."
"du04_2","3000","4","true","Podmínky pro hodnoty polynomu správně převádíte na lineární soustavu, korektně určujete její řešení s nejmenší eukleidovskou normou a získáváte polynom p(x)=−3/5 x^4+1/5 x^3+3/5 x^2+4/5 x+1. Řešení je úplné.","The response correctly formulates the interpolation constraints as a consistent linear system, applies the minimum-norm solution characterization, and obtains the coefficient vector (-3/5,1/5,3/5,4/5,1)."
"du04_2","3001","4","true","Podmínky pro hodnoty polynomu správně převádíte na lineární soustavu, korektně určujete její řešení s nejmenší eukleidovskou normou a získáváte polynom p(x)=−3/5 x^4+1/5 x^3+3/5 x^2+4/5 x+1. Řešení je úplné.","The response correctly formulates the interpolation constraints as a consistent linear system, applies the minimum-norm solution characterization, and obtains the coefficient vector (-3/5,1/5,3/5,4/5,1)."
"du04_2","3008","4","true","Podmínky pro hodnoty polynomu správně převádíte na lineární soustavu, korektně určujete její řešení s nejmenší eukleidovskou normou a získáváte polynom p(x)=−3/5 x^4+1/5 x^3+3/5 x^2+4/5 x+1. Řešení je úplné.","The response correctly formulates the interpolation constraints as a consistent linear system, applies the minimum-norm solution characterization, and obtains the coefficient vector (-3/5,1/5,3/5,4/5,1)."
"du04_2","3025","3.5","false","Výpočet i výsledný polynom jsou správné. V zápisu však označujete použitou Gramovu matici jako A^T A, ačkoli z rozměrů i zobrazeného násobení jde o AA^T. Jde o věcnou chybu v označení klíčové matice.","The numerical Gram matrix, solution, and final polynomial are correct, but the matrix is explicitly labeled A^T A even though the displayed multiplication and dimensions are those of AA^T."
"du04_2","3036","4","true","Podmínky pro hodnoty polynomu správně převádíte na lineární soustavu, korektně určujete její řešení s nejmenší eukleidovskou normou a získáváte polynom p(x)=−3/5 x^4+1/5 x^3+3/5 x^2+4/5 x+1. Řešení je úplné.","The response correctly formulates the interpolation constraints as a consistent linear system, applies the minimum-norm solution characterization, and obtains the coefficient vector (-3/5,1/5,3/5,4/5,1)."
"du04_2","3039","3.5","false","Hlavní výpočet řešení s nejmenší normou i výsledný polynom jsou správné. Není však správné tvrzení, že při dosazení x=0 je člen 0^0 nedefinovaný: konstantní monom x^0 zde představuje funkci 1 a v nule má hodnotu 1.","The minimum-norm computation and final polynomial are correct, but the response explicitly claims that 0^0 is undefined in this polynomial evaluation, whereas the constant basis monomial x^0 has value 1 at x=0."
"du04_2","3041","0","false","Odevzdaný text řeší jinou úlohu o vlastních vektorech či vlastní bázi. Chybí sestavení podmínek pro hledaný polynom, minimalizace normy jeho koeficientů i požadovaný výsledek.","The submission addresses a different problem about eigenvectors/eigenbases and contains no relevant construction or analysis of the requested minimum-coefficient-norm interpolating polynomial."
"du04_2","3045","4","true","Podmínky pro hodnoty polynomu správně převádíte na lineární soustavu, korektně určujete její řešení s nejmenší eukleidovskou normou a získáváte polynom p(x)=−3/5 x^4+1/5 x^3+3/5 x^2+4/5 x+1. Řešení je úplné.","The response correctly formulates the interpolation constraints as a consistent linear system, applies the minimum-norm solution characterization, and obtains the coefficient vector (-3/5,1/5,3/5,4/5,1)."
"du04_2","3056","4","true","Podmínky pro hodnoty polynomu správně převádíte na lineární soustavu, korektně určujete její řešení s nejmenší eukleidovskou normou a získáváte polynom p(x)=−3/5 x^4+1/5 x^3+3/5 x^2+4/5 x+1. Řešení je úplné.","The response correctly formulates the interpolation constraints as a consistent linear system, applies the minimum-norm solution characterization, and obtains the coefficient vector (-3/5,1/5,3/5,4/5,1)."
"du04_2","3057","4","true","Podmínky pro hodnoty polynomu správně převádíte na lineární soustavu, korektně určujete její řešení s nejmenší eukleidovskou normou a získáváte polynom p(x)=−3/5 x^4+1/5 x^3+3/5 x^2+4/5 x+1. Řešení je úplné.","The response correctly formulates the interpolation constraints as a consistent linear system, applies the minimum-norm solution characterization, and obtains the coefficient vector (-3/5,1/5,3/5,4/5,1)."
"du04_2","3062","4","true","Podmínky pro hodnoty polynomu správně převádíte na lineární soustavu, korektně určujete její řešení s nejmenší eukleidovskou normou a získáváte polynom p(x)=−3/5 x^4+1/5 x^3+3/5 x^2+4/5 x+1. Řešení je úplné.","The response correctly formulates the interpolation constraints as a consistent linear system, applies the minimum-norm solution characterization, and obtains the coefficient vector (-3/5,1/5,3/5,4/5,1)."
"du04_2","3072","4","true","Podmínky pro hodnoty polynomu správně převádíte na lineární soustavu, korektně určujete její řešení s nejmenší eukleidovskou normou a získáváte polynom p(x)=−3/5 x^4+1/5 x^3+3/5 x^2+4/5 x+1. Řešení je úplné.","The response correctly formulates the interpolation constraints as a consistent linear system, applies the minimum-norm solution characterization, and obtains the coefficient vector (-3/5,1/5,3/5,4/5,1)."
"du04_2","3076","4","true","Podmínky pro hodnoty polynomu správně převádíte na lineární soustavu, korektně určujete její řešení s nejmenší eukleidovskou normou a získáváte polynom p(x)=−3/5 x^4+1/5 x^3+3/5 x^2+4/5 x+1. Řešení je úplné.","The response correctly formulates the interpolation constraints as a consistent linear system, applies the minimum-norm solution characterization, and obtains the coefficient vector (-3/5,1/5,3/5,4/5,1)."
"du04_2","3077","4","true","Podmínky pro hodnoty polynomu správně převádíte na lineární soustavu, korektně určujete její řešení s nejmenší eukleidovskou normou a získáváte polynom p(x)=−3/5 x^4+1/5 x^3+3/5 x^2+4/5 x+1. Řešení je úplné.","The response correctly formulates the interpolation constraints as a consistent linear system, applies the minimum-norm solution characterization, and obtains the coefficient vector (-3/5,1/5,3/5,4/5,1)."
"du04_2","3089","4","true","Podmínky pro hodnoty polynomu správně převádíte na lineární soustavu, korektně určujete její řešení s nejmenší eukleidovskou normou a získáváte polynom p(x)=−3/5 x^4+1/5 x^3+3/5 x^2+4/5 x+1. Řešení je úplné.","The response correctly formulates the interpolation constraints as a consistent linear system, applies the minimum-norm solution characterization, and obtains the coefficient vector (-3/5,1/5,3/5,4/5,1)."
"du04_2","3090","4","true","Podmínky pro hodnoty polynomu správně převádíte na lineární soustavu, korektně určujete její řešení s nejmenší eukleidovskou normou a získáváte polynom p(x)=−3/5 x^4+1/5 x^3+3/5 x^2+4/5 x+1. Řešení je úplné.","The response correctly formulates the interpolation constraints as a consistent linear system, applies the minimum-norm solution characterization, and obtains the coefficient vector (-3/5,1/5,3/5,4/5,1)."
"du04_2","3094","3.5","false","Postup i hlavní výsledný vektor koeficientů jsou správné. V závěrečném samostatném výpisu ale uvádíte a2=69/112, což odporuje správné hodnotě 69/115 uvedené ve vektoru; závěr je tedy vnitřně rozporný.","The minimum-norm method and main coefficient vector are correct, but the separately listed coefficient a2 is written as 69/112, contradicting the correct denominator 115 used in the vector."
"du04_2","3108","4","true","Podmínky pro hodnoty polynomu správně převádíte na lineární soustavu, korektně určujete její řešení s nejmenší eukleidovskou normou a získáváte polynom p(x)=−3/5 x^4+1/5 x^3+3/5 x^2+4/5 x+1. Řešení je úplné.","The response correctly formulates the interpolation constraints as a consistent linear system, applies the minimum-norm solution characterization, and obtains the coefficient vector (-3/5,1/5,3/5,4/5,1)."
"du04_2","3111","4","true","Podmínky pro hodnoty polynomu správně převádíte na lineární soustavu, korektně určujete její řešení s nejmenší eukleidovskou normou a získáváte polynom p(x)=−3/5 x^4+1/5 x^3+3/5 x^2+4/5 x+1. Řešení je úplné.","The response correctly formulates the interpolation constraints as a consistent linear system, applies the minimum-norm solution characterization, and obtains the coefficient vector (-3/5,1/5,3/5,4/5,1)."
"du04_2","3113","4","true","Podmínky pro hodnoty polynomu správně převádíte na lineární soustavu, korektně určujete její řešení s nejmenší eukleidovskou normou a získáváte polynom p(x)=−3/5 x^4+1/5 x^3+3/5 x^2+4/5 x+1. Řešení je úplné.","The response correctly formulates the interpolation constraints as a consistent linear system, applies the minimum-norm solution characterization, and obtains the coefficient vector (-3/5,1/5,3/5,4/5,1)."
"du04_2","3115","4","true","Podmínky pro hodnoty polynomu správně převádíte na lineární soustavu, korektně určujete její řešení s nejmenší eukleidovskou normou a získáváte polynom p(x)=−3/5 x^4+1/5 x^3+3/5 x^2+4/5 x+1. Řešení je úplné.","The response correctly formulates the interpolation constraints as a consistent linear system, applies the minimum-norm solution characterization, and obtains the coefficient vector (-3/5,1/5,3/5,4/5,1)."
"du04_2","3116","4","true","Podmínky pro hodnoty polynomu správně převádíte na lineární soustavu, korektně určujete její řešení s nejmenší eukleidovskou normou a získáváte polynom p(x)=−3/5 x^4+1/5 x^3+3/5 x^2+4/5 x+1. Řešení je úplné.","The response correctly formulates the interpolation constraints as a consistent linear system, applies the minimum-norm solution characterization, and obtains the coefficient vector (-3/5,1/5,3/5,4/5,1)."
"du04_2","3121","4","true","Podmínky pro hodnoty polynomu správně převádíte na lineární soustavu, korektně určujete její řešení s nejmenší eukleidovskou normou a získáváte polynom p(x)=−3/5 x^4+1/5 x^3+3/5 x^2+4/5 x+1. Řešení je úplné.","The response correctly formulates the interpolation constraints as a consistent linear system, applies the minimum-norm solution characterization, and obtains the coefficient vector (-3/5,1/5,3/5,4/5,1)."
"du04_2","3131","4","true","Podmínky pro hodnoty polynomu správně převádíte na lineární soustavu, korektně určujete její řešení s nejmenší eukleidovskou normou a získáváte polynom p(x)=−3/5 x^4+1/5 x^3+3/5 x^2+4/5 x+1. Řešení je úplné.","The response correctly formulates the interpolation constraints as a consistent linear system, applies the minimum-norm solution characterization, and obtains the coefficient vector (-3/5,1/5,3/5,4/5,1)."
"du04_2","3135","4","true","Podmínky pro hodnoty polynomu správně převádíte na lineární soustavu, korektně určujete její řešení s nejmenší eukleidovskou normou a získáváte polynom p(x)=−3/5 x^4+1/5 x^3+3/5 x^2+4/5 x+1. Řešení je úplné.","The response correctly formulates the interpolation constraints as a consistent linear system, applies the minimum-norm solution characterization, and obtains the coefficient vector (-3/5,1/5,3/5,4/5,1)."
"du04_2","3139","4","true","Podmínky pro hodnoty polynomu správně převádíte na lineární soustavu, korektně určujete její řešení s nejmenší eukleidovskou normou a získáváte polynom p(x)=−3/5 x^4+1/5 x^3+3/5 x^2+4/5 x+1. Řešení je úplné.","The response correctly formulates the interpolation constraints as a consistent linear system, applies the minimum-norm solution characterization, and obtains the coefficient vector (-3/5,1/5,3/5,4/5,1)."
"du04_2","3142","3.5","false","Číselný výpočet i výsledný polynom jsou správné. Pomocnou soustavu však zapisujete jako A^T A n=b, přestože skutečně počítáte s maticí AA^T; uvedená rovnice navíc rozměrově neodpovídá.","The displayed Gram matrix and final polynomial are correct, but the auxiliary system is explicitly written as A^T A n=b; the calculation actually uses AA^T, and the stated equation is dimensionally invalid."
"du04_2","3149","4","true","Podmínky pro hodnoty polynomu správně převádíte na lineární soustavu, korektně určujete její řešení s nejmenší eukleidovskou normou a získáváte polynom p(x)=−3/5 x^4+1/5 x^3+3/5 x^2+4/5 x+1. Řešení je úplné.","The response correctly formulates the interpolation constraints as a consistent linear system, applies the minimum-norm solution characterization, and obtains the coefficient vector (-3/5,1/5,3/5,4/5,1)."
"du04_2","3150","2.5","false","Interpolační matici i obecný vztah pro řešení s nejmenší normou uvádíte správně. Následný výpočet koeficientů je však chybný a zapsaný výsledný polynom nesplňuje předepsané hodnoty, takže závěr není řešením úlohy.","The response sets up the correct interpolation matrix and cites the correct minimum-norm formula, but the matrix arithmetic is substantially wrong and the resulting polynomial does not satisfy the constraints."
"du04_2","3164","4","true","Podmínky pro hodnoty polynomu správně převádíte na lineární soustavu, korektně určujete její řešení s nejmenší eukleidovskou normou a získáváte polynom p(x)=−3/5 x^4+1/5 x^3+3/5 x^2+4/5 x+1. Řešení je úplné.","The response correctly formulates the interpolation constraints as a consistent linear system, applies the minimum-norm solution characterization, and obtains the coefficient vector (-3/5,1/5,3/5,4/5,1)."
"du04_2","3166","4","true","Podmínky pro hodnoty polynomu správně převádíte na lineární soustavu, korektně určujete její řešení s nejmenší eukleidovskou normou a získáváte polynom p(x)=−3/5 x^4+1/5 x^3+3/5 x^2+4/5 x+1. Řešení je úplné.","The response correctly formulates the interpolation constraints as a consistent linear system, applies the minimum-norm solution characterization, and obtains the coefficient vector (-3/5,1/5,3/5,4/5,1)."
"du04_2","3168","4","true","Podmínky pro hodnoty polynomu správně převádíte na lineární soustavu, korektně určujete její řešení s nejmenší eukleidovskou normou a získáváte polynom p(x)=−3/5 x^4+1/5 x^3+3/5 x^2+4/5 x+1. Řešení je úplné.","The response correctly formulates the interpolation constraints as a consistent linear system, applies the minimum-norm solution characterization, and obtains the coefficient vector (-3/5,1/5,3/5,4/5,1)."
"du04_2","3174","4","true","Podmínky pro hodnoty polynomu správně převádíte na lineární soustavu, korektně určujete její řešení s nejmenší eukleidovskou normou a získáváte polynom p(x)=−3/5 x^4+1/5 x^3+3/5 x^2+4/5 x+1. Řešení je úplné.","The response correctly formulates the interpolation constraints as a consistent linear system, applies the minimum-norm solution characterization, and obtains the coefficient vector (-3/5,1/5,3/5,4/5,1)."
"du04_2","3193","3.5","false","Následný výpočet i výsledný polynom jsou správné. V popisu postupu ale nejprve uvádíte pomocnou rovnici AA^T z=0, což je v rozporu s později skutečně řešenou nehomogenní soustavou s pravou stranou danou hodnotami polynomu.","The later system, computation, and final polynomial are correct, but the response first states that the auxiliary equation is AA^T z=0. Its right-hand side must be the interpolation-value vector, as the subsequent work in fact uses."
"du04_2","3194","4","true","Podmínky pro hodnoty polynomu správně převádíte na lineární soustavu, korektně určujete její řešení s nejmenší eukleidovskou normou a získáváte polynom p(x)=−3/5 x^4+1/5 x^3+3/5 x^2+4/5 x+1. Řešení je úplné.","The response correctly formulates the interpolation constraints as a consistent linear system, applies the minimum-norm solution characterization, and obtains the coefficient vector (-3/5,1/5,3/5,4/5,1)."
"du04_2","3196","4","true","Podmínky pro hodnoty polynomu správně převádíte na lineární soustavu, korektně určujete její řešení s nejmenší eukleidovskou normou a získáváte polynom p(x)=−3/5 x^4+1/5 x^3+3/5 x^2+4/5 x+1. Řešení je úplné.","The response correctly formulates the interpolation constraints as a consistent linear system, applies the minimum-norm solution characterization, and obtains the coefficient vector (-3/5,1/5,3/5,4/5,1)."
"du04_2","3204","4","true","Podmínky pro hodnoty polynomu správně převádíte na lineární soustavu, korektně určujete její řešení s nejmenší eukleidovskou normou a získáváte polynom p(x)=−3/5 x^4+1/5 x^3+3/5 x^2+4/5 x+1. Řešení je úplné.","The response correctly formulates the interpolation constraints as a consistent linear system, applies the minimum-norm solution characterization, and obtains the coefficient vector (-3/5,1/5,3/5,4/5,1)."
"du04_2","3209","3","false","Postup hledání řešení s nejmenší normou je správný a první čtyři koeficienty vycházejí správně. Při posledním násobení však chybně získáváte a0=1/10 místo hodnoty odpovídající podmínce p(0)=1; uvedený polynom proto zadání nesplňuje.","The minimum-norm setup and the first four coefficients are correct, but the final multiplication gives a0=1/10 instead of 1. Consequently the stated polynomial fails the condition p(0)=1."
"du04_2","3213","3.5","false","Koeficienty i výsledný polynom určujete správně a minimalitu odůvodňujete vhodnou metodou. Chybně však sčítáte jejich čtverce: uvedená hodnota 2 3/5 neodpovídá zapsaným koeficientům.","The minimum-norm coefficients and polynomial are correct, but the stated minimum sum of coefficient squares is arithmetically wrong: the listed coefficients have squared norm 12/5, not 13/5."
"du04_2","3219","4","true","Podmínky pro hodnoty polynomu správně převádíte na lineární soustavu, korektně určujete její řešení s nejmenší eukleidovskou normou a získáváte polynom p(x)=−3/5 x^4+1/5 x^3+3/5 x^2+4/5 x+1. Řešení je úplné.","The response correctly formulates the interpolation constraints as a consistent linear system, applies the minimum-norm solution characterization, and obtains the coefficient vector (-3/5,1/5,3/5,4/5,1)."
"du04_2","3221","4","true","Podmínky pro hodnoty polynomu správně převádíte na lineární soustavu, korektně určujete její řešení s nejmenší eukleidovskou normou a získáváte polynom p(x)=−3/5 x^4+1/5 x^3+3/5 x^2+4/5 x+1. Řešení je úplné.","The response correctly formulates the interpolation constraints as a consistent linear system, applies the minimum-norm solution characterization, and obtains the coefficient vector (-3/5,1/5,3/5,4/5,1)."
"du04_2","3223","4","true","Podmínky pro hodnoty polynomu správně převádíte na lineární soustavu, korektně určujete její řešení s nejmenší eukleidovskou normou a získáváte polynom p(x)=−3/5 x^4+1/5 x^3+3/5 x^2+4/5 x+1. Řešení je úplné.","The response correctly formulates the interpolation constraints as a consistent linear system, applies the minimum-norm solution characterization, and obtains the coefficient vector (-3/5,1/5,3/5,4/5,1)."
"du04_2","3225","3.5","false","Výpočet pomocného vektoru i výsledný polynom jsou správné. Použitou matici ale označujete jako A^T A, ačkoli z rozměrů i čísel je zřejmé, že jde o AA^T; zápis klíčové rovnice je proto věcně chybný.","The numerical Gram matrix, auxiliary vector, and final polynomial are correct, but the matrix is labeled A^T A although the displayed 2-by-2 product is AA^T."
"du04_2","3232","4","true","Podmínky pro hodnoty polynomu správně převádíte na lineární soustavu, korektně určujete její řešení s nejmenší eukleidovskou normou a získáváte polynom p(x)=−3/5 x^4+1/5 x^3+3/5 x^2+4/5 x+1. Řešení je úplné.","The response correctly formulates the interpolation constraints as a consistent linear system, applies the minimum-norm solution characterization, and obtains the coefficient vector (-3/5,1/5,3/5,4/5,1)."
"du04_2","3233","4","true","Podmínky pro hodnoty polynomu správně převádíte na lineární soustavu, korektně určujete její řešení s nejmenší eukleidovskou normou a získáváte polynom p(x)=−3/5 x^4+1/5 x^3+3/5 x^2+4/5 x+1. Řešení je úplné.","The response correctly formulates the interpolation constraints as a consistent linear system, applies the minimum-norm solution characterization, and obtains the coefficient vector (-3/5,1/5,3/5,4/5,1)."
"du04_2","3238","4","true","Podmínky pro hodnoty polynomu správně převádíte na lineární soustavu, korektně určujete její řešení s nejmenší eukleidovskou normou a získáváte polynom p(x)=−3/5 x^4+1/5 x^3+3/5 x^2+4/5 x+1. Řešení je úplné.","The response correctly formulates the interpolation constraints as a consistent linear system, applies the minimum-norm solution characterization, and obtains the coefficient vector (-3/5,1/5,3/5,4/5,1)."
"du04_2","3239","4","true","Podmínky pro hodnoty polynomu správně převádíte na lineární soustavu, korektně určujete její řešení s nejmenší eukleidovskou normou a získáváte polynom p(x)=−3/5 x^4+1/5 x^3+3/5 x^2+4/5 x+1. Řešení je úplné.","The response correctly formulates the interpolation constraints as a consistent linear system, applies the minimum-norm solution characterization, and obtains the coefficient vector (-3/5,1/5,3/5,4/5,1)."
"du04_2","3240","4","true","Podmínky pro hodnoty polynomu správně převádíte na lineární soustavu, korektně určujete její řešení s nejmenší eukleidovskou normou a získáváte polynom p(x)=−3/5 x^4+1/5 x^3+3/5 x^2+4/5 x+1. Řešení je úplné.","The response correctly formulates the interpolation constraints as a consistent linear system, applies the minimum-norm solution characterization, and obtains the coefficient vector (-3/5,1/5,3/5,4/5,1)."
"du04_2","3241","4","true","Podmínky pro hodnoty polynomu správně převádíte na lineární soustavu, korektně určujete její řešení s nejmenší eukleidovskou normou a získáváte polynom p(x)=−3/5 x^4+1/5 x^3+3/5 x^2+4/5 x+1. Řešení je úplné.","The response correctly formulates the interpolation constraints as a consistent linear system, applies the minimum-norm solution characterization, and obtains the coefficient vector (-3/5,1/5,3/5,4/5,1)."
"du04_2","3244","4","true","Podmínky pro hodnoty polynomu správně převádíte na lineární soustavu, korektně určujete její řešení s nejmenší eukleidovskou normou a získáváte polynom p(x)=−3/5 x^4+1/5 x^3+3/5 x^2+4/5 x+1. Řešení je úplné.","The response correctly formulates the interpolation constraints as a consistent linear system, applies the minimum-norm solution characterization, and obtains the coefficient vector (-3/5,1/5,3/5,4/5,1)."
"du04_2","3245","2.5","false","Výsledný polynom je sice správný, ale jeho minimalita není platně odůvodněna. Použitá soustava normálních rovnic s maticí A^T A je singulární a sama neurčuje právě řešení s nejmenší normou; přechod od této soustavy ke konkrétnímu vektoru proto zůstává nezdůvodněný.","The final polynomial is correct, but the claimed justification of minimality is invalid. The response uses the singular normal equations A^T A a=A^T b, which characterize feasibility here but do not single out the minimum-norm solution, and no valid selection argument is supplied."
"du04_2","3248","3.5","false","Metoda minimální normy i výsledný polynom jsou správné. V úvodním přepisu podmínek však uvádíte podruhé p(1), tentokrát s hodnotou −3, místo třetí podmínky v bodě 2; text je tím v této části rozporný.","The minimum-norm argument and final polynomial are correct, but the response explicitly lists the third interpolation condition as p(1)=-3 rather than p(2)=-3, contradicting the problem and the later matrix setup."
"du04_2","3250","4","true","Podmínky pro hodnoty polynomu správně převádíte na lineární soustavu, korektně určujete její řešení s nejmenší eukleidovskou normou a získáváte polynom p(x)=−3/5 x^4+1/5 x^3+3/5 x^2+4/5 x+1. Řešení je úplné.","The response correctly formulates the interpolation constraints as a consistent linear system, applies the minimum-norm solution characterization, and obtains the coefficient vector (-3/5,1/5,3/5,4/5,1)."
"du04_2","3254","4","true","Podmínky pro hodnoty polynomu správně převádíte na lineární soustavu, korektně určujete její řešení s nejmenší eukleidovskou normou a získáváte polynom p(x)=−3/5 x^4+1/5 x^3+3/5 x^2+4/5 x+1. Řešení je úplné.","The response correctly formulates the interpolation constraints as a consistent linear system, applies the minimum-norm solution characterization, and obtains the coefficient vector (-3/5,1/5,3/5,4/5,1)."
"du04_2","3256","4","true","Podmínky pro hodnoty polynomu správně převádíte na lineární soustavu, korektně určujete její řešení s nejmenší eukleidovskou normou a získáváte polynom p(x)=−3/5 x^4+1/5 x^3+3/5 x^2+4/5 x+1. Řešení je úplné.","The response correctly formulates the interpolation constraints as a consistent linear system, applies the minimum-norm solution characterization, and obtains the coefficient vector (-3/5,1/5,3/5,4/5,1)."
"du04_2","3259","4","true","Podmínky pro hodnoty polynomu správně převádíte na lineární soustavu, korektně určujete její řešení s nejmenší eukleidovskou normou a získáváte polynom p(x)=−3/5 x^4+1/5 x^3+3/5 x^2+4/5 x+1. Řešení je úplné.","The response correctly formulates the interpolation constraints as a consistent linear system, applies the minimum-norm solution characterization, and obtains the coefficient vector (-3/5,1/5,3/5,4/5,1)."
"du04_2","3260","4","true","Podmínky pro hodnoty polynomu správně převádíte na lineární soustavu, korektně určujete její řešení s nejmenší eukleidovskou normou a získáváte polynom p(x)=−3/5 x^4+1/5 x^3+3/5 x^2+4/5 x+1. Řešení je úplné.","The response correctly formulates the interpolation constraints as a consistent linear system, applies the minimum-norm solution characterization, and obtains the coefficient vector (-3/5,1/5,3/5,4/5,1)."
"du04_2","3261","4","true","Podmínky pro hodnoty polynomu správně převádíte na lineární soustavu, korektně určujete její řešení s nejmenší eukleidovskou normou a získáváte polynom p(x)=−3/5 x^4+1/5 x^3+3/5 x^2+4/5 x+1. Řešení je úplné.","The response correctly formulates the interpolation constraints as a consistent linear system, applies the minimum-norm solution characterization, and obtains the coefficient vector (-3/5,1/5,3/5,4/5,1)."
"du04_2","3268","4","true","Podmínky pro hodnoty polynomu správně převádíte na lineární soustavu, korektně určujete její řešení s nejmenší eukleidovskou normou a získáváte polynom p(x)=−3/5 x^4+1/5 x^3+3/5 x^2+4/5 x+1. Řešení je úplné.","The response correctly formulates the interpolation constraints as a consistent linear system, applies the minimum-norm solution characterization, and obtains the coefficient vector (-3/5,1/5,3/5,4/5,1)."
"du04_2","3271","4","true","Podmínky pro hodnoty polynomu správně převádíte na lineární soustavu, korektně určujete její řešení s nejmenší eukleidovskou normou a získáváte polynom p(x)=−3/5 x^4+1/5 x^3+3/5 x^2+4/5 x+1. Řešení je úplné.","The response correctly formulates the interpolation constraints as a consistent linear system, applies the minimum-norm solution characterization, and obtains the coefficient vector (-3/5,1/5,3/5,4/5,1)."
"du04_2","3275","4","true","Podmínky pro hodnoty polynomu správně převádíte na lineární soustavu, korektně určujete její řešení s nejmenší eukleidovskou normou a získáváte polynom p(x)=−3/5 x^4+1/5 x^3+3/5 x^2+4/5 x+1. Řešení je úplné.","The response correctly formulates the interpolation constraints as a consistent linear system, applies the minimum-norm solution characterization, and obtains the coefficient vector (-3/5,1/5,3/5,4/5,1)."
"du04_2","3277","4","true","Podmínky pro hodnoty polynomu správně převádíte na lineární soustavu, korektně určujete její řešení s nejmenší eukleidovskou normou a získáváte polynom p(x)=−3/5 x^4+1/5 x^3+3/5 x^2+4/5 x+1. Řešení je úplné.","The response correctly formulates the interpolation constraints as a consistent linear system, applies the minimum-norm solution characterization, and obtains the coefficient vector (-3/5,1/5,3/5,4/5,1)."
"du04_2","3281","4","true","Podmínky pro hodnoty polynomu správně převádíte na lineární soustavu, korektně určujete její řešení s nejmenší eukleidovskou normou a získáváte polynom p(x)=−3/5 x^4+1/5 x^3+3/5 x^2+4/5 x+1. Řešení je úplné.","The response correctly formulates the interpolation constraints as a consistent linear system, applies the minimum-norm solution characterization, and obtains the coefficient vector (-3/5,1/5,3/5,4/5,1)."
"du04_2","3288","4","true","Podmínky pro hodnoty polynomu správně převádíte na lineární soustavu, korektně určujete její řešení s nejmenší eukleidovskou normou a získáváte polynom p(x)=−3/5 x^4+1/5 x^3+3/5 x^2+4/5 x+1. Řešení je úplné.","The response correctly formulates the interpolation constraints as a consistent linear system, applies the minimum-norm solution characterization, and obtains the coefficient vector (-3/5,1/5,3/5,4/5,1)."
"du04_2","3294","4","true","Podmínky pro hodnoty polynomu správně převádíte na lineární soustavu, korektně určujete její řešení s nejmenší eukleidovskou normou a získáváte polynom p(x)=−3/5 x^4+1/5 x^3+3/5 x^2+4/5 x+1. Řešení je úplné.","The response correctly formulates the interpolation constraints as a consistent linear system, applies the minimum-norm solution characterization, and obtains the coefficient vector (-3/5,1/5,3/5,4/5,1)."
"du04_2","3295","4","true","Podmínky pro hodnoty polynomu správně převádíte na lineární soustavu, korektně určujete její řešení s nejmenší eukleidovskou normou a získáváte polynom p(x)=−3/5 x^4+1/5 x^3+3/5 x^2+4/5 x+1. Řešení je úplné.","The response correctly formulates the interpolation constraints as a consistent linear system, applies the minimum-norm solution characterization, and obtains the coefficient vector (-3/5,1/5,3/5,4/5,1)."
"du04_2","3297","4","true","Podmínky pro hodnoty polynomu správně převádíte na lineární soustavu, korektně určujete její řešení s nejmenší eukleidovskou normou a získáváte polynom p(x)=−3/5 x^4+1/5 x^3+3/5 x^2+4/5 x+1. Řešení je úplné.","The response correctly formulates the interpolation constraints as a consistent linear system, applies the minimum-norm solution characterization, and obtains the coefficient vector (-3/5,1/5,3/5,4/5,1)."
"du04_2","3305","4","true","Podmínky pro hodnoty polynomu správně převádíte na lineární soustavu, korektně určujete její řešení s nejmenší eukleidovskou normou a získáváte polynom p(x)=−3/5 x^4+1/5 x^3+3/5 x^2+4/5 x+1. Řešení je úplné.","The response correctly formulates the interpolation constraints as a consistent linear system, applies the minimum-norm solution characterization, and obtains the coefficient vector (-3/5,1/5,3/5,4/5,1)."
"du04_2","3309","4","true","Podmínky pro hodnoty polynomu správně převádíte na lineární soustavu, korektně určujete její řešení s nejmenší eukleidovskou normou a získáváte polynom p(x)=−3/5 x^4+1/5 x^3+3/5 x^2+4/5 x+1. Řešení je úplné.","The response correctly formulates the interpolation constraints as a consistent linear system, applies the minimum-norm solution characterization, and obtains the coefficient vector (-3/5,1/5,3/5,4/5,1)."
"du04_2","3316","4","true","Podmínky pro hodnoty polynomu správně převádíte na lineární soustavu, korektně určujete její řešení s nejmenší eukleidovskou normou a získáváte polynom p(x)=−3/5 x^4+1/5 x^3+3/5 x^2+4/5 x+1. Řešení je úplné.","The response correctly formulates the interpolation constraints as a consistent linear system, applies the minimum-norm solution characterization, and obtains the coefficient vector (-3/5,1/5,3/5,4/5,1)."
"du04_2","3317","4","true","Podmínky pro hodnoty polynomu správně převádíte na lineární soustavu, korektně určujete její řešení s nejmenší eukleidovskou normou a získáváte polynom p(x)=−3/5 x^4+1/5 x^3+3/5 x^2+4/5 x+1. Řešení je úplné.","The response correctly formulates the interpolation constraints as a consistent linear system, applies the minimum-norm solution characterization, and obtains the coefficient vector (-3/5,1/5,3/5,4/5,1)."
"du04_2","3329","4","true","Podmínky pro hodnoty polynomu správně převádíte na lineární soustavu, korektně určujete její řešení s nejmenší eukleidovskou normou a získáváte polynom p(x)=−3/5 x^4+1/5 x^3+3/5 x^2+4/5 x+1. Řešení je úplné.","The response correctly formulates the interpolation constraints as a consistent linear system, applies the minimum-norm solution characterization, and obtains the coefficient vector (-3/5,1/5,3/5,4/5,1)."
"du04_2","3339","4","true","Podmínky pro hodnoty polynomu správně převádíte na lineární soustavu, korektně určujete její řešení s nejmenší eukleidovskou normou a získáváte polynom p(x)=−3/5 x^4+1/5 x^3+3/5 x^2+4/5 x+1. Řešení je úplné.","The response correctly formulates the interpolation constraints as a consistent linear system, applies the minimum-norm solution characterization, and obtains the coefficient vector (-3/5,1/5,3/5,4/5,1)."
"du04_2","3340","4","true","Podmínky pro hodnoty polynomu správně převádíte na lineární soustavu, korektně určujete její řešení s nejmenší eukleidovskou normou a získáváte polynom p(x)=−3/5 x^4+1/5 x^3+3/5 x^2+4/5 x+1. Řešení je úplné.","The response correctly formulates the interpolation constraints as a consistent linear system, applies the minimum-norm solution characterization, and obtains the coefficient vector (-3/5,1/5,3/5,4/5,1)."
"du04_2","3345","4","true","Podmínky pro hodnoty polynomu správně převádíte na lineární soustavu, korektně určujete její řešení s nejmenší eukleidovskou normou a získáváte polynom p(x)=−3/5 x^4+1/5 x^3+3/5 x^2+4/5 x+1. Řešení je úplné.","The response correctly formulates the interpolation constraints as a consistent linear system, applies the minimum-norm solution characterization, and obtains the coefficient vector (-3/5,1/5,3/5,4/5,1)."
"du04_2","3347","4","true","Podmínky pro hodnoty polynomu správně převádíte na lineární soustavu, korektně určujete její řešení s nejmenší eukleidovskou normou a získáváte polynom p(x)=−3/5 x^4+1/5 x^3+3/5 x^2+4/5 x+1. Řešení je úplné.","The response correctly formulates the interpolation constraints as a consistent linear system, applies the minimum-norm solution characterization, and obtains the coefficient vector (-3/5,1/5,3/5,4/5,1)."
"du04_2","3351","4","true","Podmínky pro hodnoty polynomu správně převádíte na lineární soustavu, korektně určujete její řešení s nejmenší eukleidovskou normou a získáváte polynom p(x)=−3/5 x^4+1/5 x^3+3/5 x^2+4/5 x+1. Řešení je úplné.","The response correctly formulates the interpolation constraints as a consistent linear system, applies the minimum-norm solution characterization, and obtains the coefficient vector (-3/5,1/5,3/5,4/5,1)."
"du04_2","3403","4","true","Podmínky pro hodnoty polynomu správně převádíte na lineární soustavu, korektně určujete její řešení s nejmenší eukleidovskou normou a získáváte polynom p(x)=−3/5 x^4+1/5 x^3+3/5 x^2+4/5 x+1. Řešení je úplné.","The response correctly formulates the interpolation constraints as a consistent linear system, applies the minimum-norm solution characterization, and obtains the coefficient vector (-3/5,1/5,3/5,4/5,1)."
"du04_2","3407","3.5","false","Výpočet projekce a výsledný vektor koeficientů jsou správné. V závěru však ztotožňujete normu vektoru se součtem čtverců jeho složek; tento součet je druhou mocninou normy, nikoli samotnou normou.","The projection/minimum-norm computation and coefficient vector are correct, but the response identifies ||x|| with the sum of coefficient squares. That sum is ||x||^2, not the norm itself."
"du05_1","273","1","false","Z nulového součtu prvků uvnitř každého sloupce neplyne, že součet sloupcových vektorů je nulový. Právě na tomto neplatném kroku stojí tvrzení o singularitě, takže důkaz neprokazuje ani případ a=0, ani obecný případ.","The argument incorrectly infers that zero sums within individual columns make the sum of the column vectors equal to zero. That implication is false, so neither singularity nor the eigenvalue conclusion is established."
"du05_1","534","4","true","Podmínku o součtech ve sloupcích správně převádíte na singularitu matice A-aI a z nenulového vektoru v jejím jádře korektně získáváte rovnost Ax=ax. Důkaz je úplný.","The proof correctly turns the column-sum condition into singularity of A-aI (via the transpose or an equivalent row-dependence argument) and obtains a nonzero vector x satisfying Ax=ax."
"du05_1","1500","4","true","Podmínku o součtech ve sloupcích správně převádíte na singularitu matice A-aI a z nenulového vektoru v jejím jádře korektně získáváte rovnost Ax=ax. Důkaz je úplný.","The proof correctly turns the column-sum condition into singularity of A-aI (via the transpose or an equivalent row-dependence argument) and obtains a nonzero vector x satisfying Ax=ax."
"du05_1","1771","4","true","Podmínku o součtech ve sloupcích správně převádíte na singularitu matice A-aI a z nenulového vektoru v jejím jádře korektně získáváte rovnost Ax=ax. Důkaz je úplný.","The proof correctly turns the column-sum condition into singularity of A-aI (via the transpose or an equivalent row-dependence argument) and obtains a nonzero vector x satisfying Ax=ax."
"du05_1","1927","4","true","Podmínku o součtech ve sloupcích správně převádíte na singularitu matice A-aI a z nenulového vektoru v jejím jádře korektně získáváte rovnost Ax=ax. Důkaz je úplný.","The proof correctly turns the column-sum condition into singularity of A-aI (via the transpose or an equivalent row-dependence argument) and obtains a nonzero vector x satisfying Ax=ax."
"du05_1","2125","4","true","Podmínku o součtech ve sloupcích správně převádíte na singularitu matice A-aI a z nenulového vektoru v jejím jádře korektně získáváte rovnost Ax=ax. Důkaz je úplný.","The proof correctly turns the column-sum condition into singularity of A-aI (via the transpose or an equivalent row-dependence argument) and obtains a nonzero vector x satisfying Ax=ax."
"du05_1","2182","4","true","Podmínku o součtech ve sloupcích správně převádíte na singularitu matice A-aI a z nenulového vektoru v jejím jádře korektně získáváte rovnost Ax=ax. Důkaz je úplný.","The proof correctly turns the column-sum condition into singularity of A-aI (via the transpose or an equivalent row-dependence argument) and obtains a nonzero vector x satisfying Ax=ax."
"du05_1","2202","3","false","Správně získáváte vlastní číslo, respektive netriviální jádro, pro transponovanou matici. Chybí však zdůvodnění, proč z toho plyne odpovídající tvrzení pro původní matici A; stejná mezera zůstává i v obecném případě po posunu.","The response correctly obtains an eigenvalue or nontrivial kernel for the transpose, but it does not justify the essential transfer from the transposed matrix to the original one. The shifted general case inherits the same gap."
"du05_1","2377","4","true","Podmínku o součtech ve sloupcích správně převádíte na singularitu matice A-aI a z nenulového vektoru v jejím jádře korektně získáváte rovnost Ax=ax. Důkaz je úplný.","The proof correctly turns the column-sum condition into singularity of A-aI (via the transpose or an equivalent row-dependence argument) and obtains a nonzero vector x satisfying Ax=ax."
"du05_1","2398","4","true","Podmínku o součtech ve sloupcích správně převádíte na singularitu matice A-aI a z nenulového vektoru v jejím jádře korektně získáváte rovnost Ax=ax. Důkaz je úplný.","The proof correctly turns the column-sum condition into singularity of A-aI (via the transpose or an equivalent row-dependence argument) and obtains a nonzero vector x satisfying Ax=ax."
"du05_1","2401","4","true","Podmínku o součtech ve sloupcích správně převádíte na singularitu matice A-aI a z nenulového vektoru v jejím jádře korektně získáváte rovnost Ax=ax. Důkaz je úplný.","The proof correctly turns the column-sum condition into singularity of A-aI (via the transpose or an equivalent row-dependence argument) and obtains a nonzero vector x satisfying Ax=ax."
"du05_1","2430","4","true","Podmínku o součtech ve sloupcích správně převádíte na singularitu matice A-aI a z nenulového vektoru v jejím jádře korektně získáváte rovnost Ax=ax. Důkaz je úplný.","The proof correctly turns the column-sum condition into singularity of A-aI (via the transpose or an equivalent row-dependence argument) and obtains a nonzero vector x satisfying Ax=ax."
"du05_1","2464","4","true","Podmínku o součtech ve sloupcích správně převádíte na singularitu matice A-aI a z nenulového vektoru v jejím jádře korektně získáváte rovnost Ax=ax. Důkaz je úplný.","The proof correctly turns the column-sum condition into singularity of A-aI (via the transpose or an equivalent row-dependence argument) and obtains a nonzero vector x satisfying Ax=ax."
"du05_1","2492","4","true","Podmínku o součtech ve sloupcích správně převádíte na singularitu matice A-aI a z nenulového vektoru v jejím jádře korektně získáváte rovnost Ax=ax. Důkaz je úplný.","The proof correctly turns the column-sum condition into singularity of A-aI (via the transpose or an equivalent row-dependence argument) and obtains a nonzero vector x satisfying Ax=ax."
"du05_1","2511","4","true","Podmínku o součtech ve sloupcích správně převádíte na singularitu matice A-aI a z nenulového vektoru v jejím jádře korektně získáváte rovnost Ax=ax. Důkaz je úplný.","The proof correctly turns the column-sum condition into singularity of A-aI (via the transpose or an equivalent row-dependence argument) and obtains a nonzero vector x satisfying Ax=ax."
"du05_1","2518","4","true","Podmínku o součtech ve sloupcích správně převádíte na singularitu matice A-aI a z nenulového vektoru v jejím jádře korektně získáváte rovnost Ax=ax. Důkaz je úplný.","The proof correctly turns the column-sum condition into singularity of A-aI (via the transpose or an equivalent row-dependence argument) and obtains a nonzero vector x satisfying Ax=ax."
"du05_1","2542","3.5","false","Hlavní důkaz přes transponovanou matici, singularitu a posun je správný. Není však obecně pravda, že A anuluje všechny násobky vektoru samých jedniček; tato informace se v dané situaci týká A^T. Toto chybné tvrzení je nutné odstranit nebo opravit.","The main transpose, singularity, and shift argument is correct, but the response additionally claims that A annihilates every multiple of the all-ones vector. That statement generally holds for A^T here, not for A."
"du05_1","2562","3","false","Správně získáváte vlastní číslo, respektive netriviální jádro, pro transponovanou matici. Chybí však zdůvodnění, proč z toho plyne odpovídající tvrzení pro původní matici A; stejná mezera zůstává i v obecném případě po posunu.","The response correctly obtains an eigenvalue or nontrivial kernel for the transpose, but it does not justify the essential transfer from the transposed matrix to the original one. The shifted general case inherits the same gap."
"du05_1","2736","4","true","Podmínku o součtech ve sloupcích správně převádíte na singularitu matice A-aI a z nenulového vektoru v jejím jádře korektně získáváte rovnost Ax=ax. Důkaz je úplný.","The proof correctly turns the column-sum condition into singularity of A-aI (via the transpose or an equivalent row-dependence argument) and obtains a nonzero vector x satisfying Ax=ax."
"du05_1","2743","4","true","Podmínku o součtech ve sloupcích správně převádíte na singularitu matice A-aI a z nenulového vektoru v jejím jádře korektně získáváte rovnost Ax=ax. Důkaz je úplný.","The proof correctly turns the column-sum condition into singularity of A-aI (via the transpose or an equivalent row-dependence argument) and obtains a nonzero vector x satisfying Ax=ax."
"du05_1","2760","3","false","Správně získáváte vlastní číslo, respektive netriviální jádro, pro transponovanou matici. Chybí však zdůvodnění, proč z toho plyne odpovídající tvrzení pro původní matici A; stejná mezera zůstává i v obecném případě po posunu.","The response correctly obtains an eigenvalue or nontrivial kernel for the transpose, but it does not justify the essential transfer from the transposed matrix to the original one. The shifted general case inherits the same gap."
"du05_1","2764","3","false","V případě nulových součtů docházíte pouze k det(A^T)=0. Chybí zdůvodnění přechodu k det(A)=0, a tedy k singularitě původní matice; obecný případ pak tuto nedoloženou část jen přebírá.","The solution reaches det(A^T)=0 in the zero-sum case but never supplies the determinant/regularity link needed to conclude det(A)=0. It then invokes that unproved conclusion for A-aI."
"du05_1","2766","4","true","Podmínku o součtech ve sloupcích správně převádíte na singularitu matice A-aI a z nenulového vektoru v jejím jádře korektně získáváte rovnost Ax=ax. Důkaz je úplný.","The proof correctly turns the column-sum condition into singularity of A-aI (via the transpose or an equivalent row-dependence argument) and obtains a nonzero vector x satisfying Ax=ax."
"du05_1","2771","4","true","Podmínku o součtech ve sloupcích správně převádíte na singularitu matice A-aI a z nenulového vektoru v jejím jádře korektně získáváte rovnost Ax=ax. Důkaz je úplný.","The proof correctly turns the column-sum condition into singularity of A-aI (via the transpose or an equivalent row-dependence argument) and obtains a nonzero vector x satisfying Ax=ax."
"du05_1","2815","4","true","Podmínku o součtech ve sloupcích správně převádíte na singularitu matice A-aI a z nenulového vektoru v jejím jádře korektně získáváte rovnost Ax=ax. Důkaz je úplný.","The proof correctly turns the column-sum condition into singularity of A-aI (via the transpose or an equivalent row-dependence argument) and obtains a nonzero vector x satisfying Ax=ax."
"du05_1","2826","4","true","Podmínku o součtech ve sloupcích správně převádíte na singularitu matice A-aI a z nenulového vektoru v jejím jádře korektně získáváte rovnost Ax=ax. Důkaz je úplný.","The proof correctly turns the column-sum condition into singularity of A-aI (via the transpose or an equivalent row-dependence argument) and obtains a nonzero vector x satisfying Ax=ax."
"du05_1","2857","4","true","Podmínku o součtech ve sloupcích správně převádíte na singularitu matice A-aI a z nenulového vektoru v jejím jádře korektně získáváte rovnost Ax=ax. Důkaz je úplný.","The proof correctly turns the column-sum condition into singularity of A-aI (via the transpose or an equivalent row-dependence argument) and obtains a nonzero vector x satisfying Ax=ax."
"du05_1","2858","3","false","Správně získáváte vlastní číslo, respektive netriviální jádro, pro transponovanou matici. Chybí však zdůvodnění, proč z toho plyne odpovídající tvrzení pro původní matici A; stejná mezera zůstává i v obecném případě po posunu.","The response correctly obtains an eigenvalue or nontrivial kernel for the transpose, but it does not justify the essential transfer from the transposed matrix to the original one. The shifted general case inherits the same gap."
"du05_1","2859","4","true","Podmínku o součtech ve sloupcích správně převádíte na singularitu matice A-aI a z nenulového vektoru v jejím jádře korektně získáváte rovnost Ax=ax. Důkaz je úplný.","The proof correctly turns the column-sum condition into singularity of A-aI (via the transpose or an equivalent row-dependence argument) and obtains a nonzero vector x satisfying Ax=ax."
"du05_1","2860","4","true","Podmínku o součtech ve sloupcích správně převádíte na singularitu matice A-aI a z nenulového vektoru v jejím jádře korektně získáváte rovnost Ax=ax. Důkaz je úplný.","The proof correctly turns the column-sum condition into singularity of A-aI (via the transpose or an equivalent row-dependence argument) and obtains a nonzero vector x satisfying Ax=ax."
"du05_1","2862","4","true","Podmínku o součtech ve sloupcích správně převádíte na singularitu matice A-aI a z nenulového vektoru v jejím jádře korektně získáváte rovnost Ax=ax. Důkaz je úplný.","The proof correctly turns the column-sum condition into singularity of A-aI (via the transpose or an equivalent row-dependence argument) and obtains a nonzero vector x satisfying Ax=ax."
"du05_1","2864","4","true","Podmínku o součtech ve sloupcích správně převádíte na singularitu matice A-aI a z nenulového vektoru v jejím jádře korektně získáváte rovnost Ax=ax. Důkaz je úplný.","The proof correctly turns the column-sum condition into singularity of A-aI (via the transpose or an equivalent row-dependence argument) and obtains a nonzero vector x satisfying Ax=ax."
"du05_1","2865","3","false","Správně získáváte vlastní číslo, respektive netriviální jádro, pro transponovanou matici. Chybí však zdůvodnění, proč z toho plyne odpovídající tvrzení pro původní matici A; stejná mezera zůstává i v obecném případě po posunu.","The response correctly obtains an eigenvalue or nontrivial kernel for the transpose, but it does not justify the essential transfer from the transposed matrix to the original one. The shifted general case inherits the same gap."
"du05_1","2866","3.5","false","Záměr důkazu přes transpozici je správný, ale při převodu předpokladu zaměňujete řádky a sloupce. Součty ve sloupcích A dávají součty v řádcích A^T, nikoli součty v řádcích A a sloupcích A^T. Tuto orientaci je nutné v důkazu opravit.","The intended transpose argument is essentially correct, but the proof reverses rows and columns when translating the hypothesis: the given column sums of A become row sums of A^T, not row sums of A and column sums of A^T."
"du05_1","2868","3","false","Netriviální vektor správně nacházíte v jádře A^T, následně však bez zdůvodnění přecházíte k neprostotě zobrazení reprezentovaného maticí A. Chybí tedy podstatný krok, který by prokázal singularitu původní matice.","A nonzero vector in ker(A^T) is found, but the response then treats the linear map represented by A as noninjective without establishing any bridge between A^T and A. Thus the crucial singularity conclusion for A is unsupported."
"du05_1","2869","4","true","Podmínku o součtech ve sloupcích správně převádíte na singularitu matice A-aI a z nenulového vektoru v jejím jádře korektně získáváte rovnost Ax=ax. Důkaz je úplný.","The proof correctly turns the column-sum condition into singularity of A-aI (via the transpose or an equivalent row-dependence argument) and obtains a nonzero vector x satisfying Ax=ax."
"du05_1","2871","3.5","false","Argument o lineární závislosti řádků i zavedení B=A-aI jsou správné. V obecném případě ale uvádíte singularitu A, přestože z předchozí části plyne singularita B; tuto záměnu matic je nutné opravit, aby závěr navazoval korektně.","The row-dependence argument and the shift B=A-aI are correct, but in the general case the proof says that A is singular where it needs B to be singular. The final conclusion is therefore written with a consequential matrix-label error."
"du05_1","2876","4","true","Podmínku o součtech ve sloupcích správně převádíte na singularitu matice A-aI a z nenulového vektoru v jejím jádře korektně získáváte rovnost Ax=ax. Důkaz je úplný.","The proof correctly turns the column-sum condition into singularity of A-aI (via the transpose or an equivalent row-dependence argument) and obtains a nonzero vector x satisfying Ax=ax."
"du05_1","2877","4","true","Podmínku o součtech ve sloupcích správně převádíte na singularitu matice A-aI a z nenulového vektoru v jejím jádře korektně získáváte rovnost Ax=ax. Důkaz je úplný.","The proof correctly turns the column-sum condition into singularity of A-aI (via the transpose or an equivalent row-dependence argument) and obtains a nonzero vector x satisfying Ax=ax."
"du05_1","2878","4","true","Podmínku o součtech ve sloupcích správně převádíte na singularitu matice A-aI a z nenulového vektoru v jejím jádře korektně získáváte rovnost Ax=ax. Důkaz je úplný.","The proof correctly turns the column-sum condition into singularity of A-aI (via the transpose or an equivalent row-dependence argument) and obtains a nonzero vector x satisfying Ax=ax."
"du05_1","2887","4","true","Podmínku o součtech ve sloupcích správně převádíte na singularitu matice A-aI a z nenulového vektoru v jejím jádře korektně získáváte rovnost Ax=ax. Důkaz je úplný.","The proof correctly turns the column-sum condition into singularity of A-aI (via the transpose or an equivalent row-dependence argument) and obtains a nonzero vector x satisfying Ax=ax."
"du05_1","2888","4","true","Podmínku o součtech ve sloupcích správně převádíte na singularitu matice A-aI a z nenulového vektoru v jejím jádře korektně získáváte rovnost Ax=ax. Důkaz je úplný.","The proof correctly turns the column-sum condition into singularity of A-aI (via the transpose or an equivalent row-dependence argument) and obtains a nonzero vector x satisfying Ax=ax."
"du05_1","2892","4","true","Podmínku o součtech ve sloupcích správně převádíte na singularitu matice A-aI a z nenulového vektoru v jejím jádře korektně získáváte rovnost Ax=ax. Důkaz je úplný.","The proof correctly turns the column-sum condition into singularity of A-aI (via the transpose or an equivalent row-dependence argument) and obtains a nonzero vector x satisfying Ax=ax."
"du05_1","2900","4","true","Podmínku o součtech ve sloupcích správně převádíte na singularitu matice A-aI a z nenulového vektoru v jejím jádře korektně získáváte rovnost Ax=ax. Důkaz je úplný.","The proof correctly turns the column-sum condition into singularity of A-aI (via the transpose or an equivalent row-dependence argument) and obtains a nonzero vector x satisfying Ax=ax."
"du05_1","2903","4","true","Podmínku o součtech ve sloupcích správně převádíte na singularitu matice A-aI a z nenulového vektoru v jejím jádře korektně získáváte rovnost Ax=ax. Důkaz je úplný.","The proof correctly turns the column-sum condition into singularity of A-aI (via the transpose or an equivalent row-dependence argument) and obtains a nonzero vector x satisfying Ax=ax."
"du05_1","2917","4","true","Podmínku o součtech ve sloupcích správně převádíte na singularitu matice A-aI a z nenulového vektoru v jejím jádře korektně získáváte rovnost Ax=ax. Důkaz je úplný.","The proof correctly turns the column-sum condition into singularity of A-aI (via the transpose or an equivalent row-dependence argument) and obtains a nonzero vector x satisfying Ax=ax."
"du05_1","2922","4","true","Podmínku o součtech ve sloupcích správně převádíte na singularitu matice A-aI a z nenulového vektoru v jejím jádře korektně získáváte rovnost Ax=ax. Důkaz je úplný.","The proof correctly turns the column-sum condition into singularity of A-aI (via the transpose or an equivalent row-dependence argument) and obtains a nonzero vector x satisfying Ax=ax."
"du05_1","2924","4","true","Podmínku o součtech ve sloupcích správně převádíte na singularitu matice A-aI a z nenulového vektoru v jejím jádře korektně získáváte rovnost Ax=ax. Důkaz je úplný.","The proof correctly turns the column-sum condition into singularity of A-aI (via the transpose or an equivalent row-dependence argument) and obtains a nonzero vector x satisfying Ax=ax."
"du05_1","2932","4","true","Podmínku o součtech ve sloupcích správně převádíte na singularitu matice A-aI a z nenulového vektoru v jejím jádře korektně získáváte rovnost Ax=ax. Důkaz je úplný.","The proof correctly turns the column-sum condition into singularity of A-aI (via the transpose or an equivalent row-dependence argument) and obtains a nonzero vector x satisfying Ax=ax."
"du05_1","2935","4","true","Podmínku o součtech ve sloupcích správně převádíte na singularitu matice A-aI a z nenulového vektoru v jejím jádře korektně získáváte rovnost Ax=ax. Důkaz je úplný.","The proof correctly turns the column-sum condition into singularity of A-aI (via the transpose or an equivalent row-dependence argument) and obtains a nonzero vector x satisfying Ax=ax."
"du05_1","2937","4","true","Podmínku o součtech ve sloupcích správně převádíte na singularitu matice A-aI a z nenulového vektoru v jejím jádře korektně získáváte rovnost Ax=ax. Důkaz je úplný.","The proof correctly turns the column-sum condition into singularity of A-aI (via the transpose or an equivalent row-dependence argument) and obtains a nonzero vector x satisfying Ax=ax."
"du05_1","2947","4","true","Podmínku o součtech ve sloupcích správně převádíte na singularitu matice A-aI a z nenulového vektoru v jejím jádře korektně získáváte rovnost Ax=ax. Důkaz je úplný.","The proof correctly turns the column-sum condition into singularity of A-aI (via the transpose or an equivalent row-dependence argument) and obtains a nonzero vector x satisfying Ax=ax."
"du05_1","2948","4","true","Podmínku o součtech ve sloupcích správně převádíte na singularitu matice A-aI a z nenulového vektoru v jejím jádře korektně získáváte rovnost Ax=ax. Důkaz je úplný.","The proof correctly turns the column-sum condition into singularity of A-aI (via the transpose or an equivalent row-dependence argument) and obtains a nonzero vector x satisfying Ax=ax."
"du05_1","2956","3.5","false","Správně využíváte lineární závislost řádků, ale z nulového součtu všech řádků neplyne, že poslední řádek je součtem ostatních; je roven záporně vzatému součtu ostatních. Závěr o závislosti je správný, uvedenou rovnost je však nutné opravit.","The solution correctly aims to prove row dependence, but it states that the last row equals the sum of the other rows. From a zero total row sum it equals the negative of that sum. The dependence conclusion survives, but the displayed relation is wrong."
"du05_1","2968","4","true","Podmínku o součtech ve sloupcích správně převádíte na singularitu matice A-aI a z nenulového vektoru v jejím jádře korektně získáváte rovnost Ax=ax. Důkaz je úplný.","The proof correctly turns the column-sum condition into singularity of A-aI (via the transpose or an equivalent row-dependence argument) and obtains a nonzero vector x satisfying Ax=ax."
"du05_1","2984","3","false","Získáváte det(A^T)=0, ale bez dalšího z toho vyvozujete neprostotu zobrazení s maticí A. Chybí zdůvodnění přechodu od transponované matice k původní matici, takže rozhodující krok důkazu není doložen.","The proof obtains det(A^T)=0 and then immediately declares the map represented by A noninjective. The equality det(A^T)=det(A), or an equivalent transpose-rank argument, is not supplied."
"du05_1","2988","4","true","Podmínku o součtech ve sloupcích správně převádíte na singularitu matice A-aI a z nenulového vektoru v jejím jádře korektně získáváte rovnost Ax=ax. Důkaz je úplný.","The proof correctly turns the column-sum condition into singularity of A-aI (via the transpose or an equivalent row-dependence argument) and obtains a nonzero vector x satisfying Ax=ax."
"du05_1","2993","4","true","Podmínku o součtech ve sloupcích správně převádíte na singularitu matice A-aI a z nenulového vektoru v jejím jádře korektně získáváte rovnost Ax=ax. Důkaz je úplný.","The proof correctly turns the column-sum condition into singularity of A-aI (via the transpose or an equivalent row-dependence argument) and obtains a nonzero vector x satisfying Ax=ax."
"du05_1","3001","4","true","Podmínku o součtech ve sloupcích správně převádíte na singularitu matice A-aI a z nenulového vektoru v jejím jádře korektně získáváte rovnost Ax=ax. Důkaz je úplný.","The proof correctly turns the column-sum condition into singularity of A-aI (via the transpose or an equivalent row-dependence argument) and obtains a nonzero vector x satisfying Ax=ax."
"du05_1","3007","3.5","false","Důkaz správně ukazuje, že M'=M-λI je singulární. V závěru však vlastní číslo připisujete matici M' místo původní matici M; tuto záměnu je nutné opravit, protože pro M' je prokázáno vlastní číslo 0.","The determinant argument correctly proves that M'=M-lambda I is singular, but the final sentence attributes the eigenvalue to M' rather than to M. This is a local but mathematically incorrect conclusion label."
"du05_1","3025","4","true","Podmínku o součtech ve sloupcích správně převádíte na singularitu matice A-aI a z nenulového vektoru v jejím jádře korektně získáváte rovnost Ax=ax. Důkaz je úplný.","The proof correctly turns the column-sum condition into singularity of A-aI (via the transpose or an equivalent row-dependence argument) and obtains a nonzero vector x satisfying Ax=ax."
"du05_1","3036","4","true","Podmínku o součtech ve sloupcích správně převádíte na singularitu matice A-aI a z nenulového vektoru v jejím jádře korektně získáváte rovnost Ax=ax. Důkaz je úplný.","The proof correctly turns the column-sum condition into singularity of A-aI (via the transpose or an equivalent row-dependence argument) and obtains a nonzero vector x satisfying Ax=ax."
"du05_1","3039","4","true","Podmínku o součtech ve sloupcích správně převádíte na singularitu matice A-aI a z nenulového vektoru v jejím jádře korektně získáváte rovnost Ax=ax. Důkaz je úplný.","The proof correctly turns the column-sum condition into singularity of A-aI (via the transpose or an equivalent row-dependence argument) and obtains a nonzero vector x satisfying Ax=ax."
"du05_1","3041","4","true","Podmínku o součtech ve sloupcích správně převádíte na singularitu matice A-aI a z nenulového vektoru v jejím jádře korektně získáváte rovnost Ax=ax. Důkaz je úplný.","The proof correctly turns the column-sum condition into singularity of A-aI (via the transpose or an equivalent row-dependence argument) and obtains a nonzero vector x satisfying Ax=ax."
"du05_1","3056","4","true","Podmínku o součtech ve sloupcích správně převádíte na singularitu matice A-aI a z nenulového vektoru v jejím jádře korektně získáváte rovnost Ax=ax. Důkaz je úplný.","The proof correctly turns the column-sum condition into singularity of A-aI (via the transpose or an equivalent row-dependence argument) and obtains a nonzero vector x satisfying Ax=ax."
"du05_1","3057","3","false","Správně pozorujete nulové součty řádků u B^T, ale následně provádíte eliminaci na B a dál používáte vlastnost náležející B^T. Navíc tvrzení o změně determinantu pokrývá jen prohazování řádků, nikoli všechny uvedené eliminační operace. Tyto části je nutné sjednotit a zpřesnit.","The proof identifies that B^T has zero row sums but then performs elimination on B while continuing to use that row-sum property. It also says only row swaps affect the determinant although unspecified Gaussian elimination may include scaling. These gaps prevent the singularity argument from being fully valid as written."
"du05_1","3060","4","true","Podmínku o součtech ve sloupcích správně převádíte na singularitu matice A-aI a z nenulového vektoru v jejím jádře korektně získáváte rovnost Ax=ax. Důkaz je úplný.","The proof correctly turns the column-sum condition into singularity of A-aI (via the transpose or an equivalent row-dependence argument) and obtains a nonzero vector x satisfying Ax=ax."
"du05_1","3075","4","true","Podmínku o součtech ve sloupcích správně převádíte na singularitu matice A-aI a z nenulového vektoru v jejím jádře korektně získáváte rovnost Ax=ax. Důkaz je úplný.","The proof correctly turns the column-sum condition into singularity of A-aI (via the transpose or an equivalent row-dependence argument) and obtains a nonzero vector x satisfying Ax=ax."
"du05_1","3076","2.5","false","V nulovém případě prokazujete tvrzení pouze pro transponovanou matici a chybí přechod k A. V obecném případě navíc po zavedení A-aI pracujete s výrazem A+aI, což je chybná změna znaménka. Obě podstatné vady je nutné opravit.","The zero-sum case establishes a dependence/kernel statement only for the transpose and never bridges it to A. In the shifted case the response also uses A+aI after defining the needed matrix as A-aI, producing a sign error."
"du05_1","3077","3","false","Pro transponovanou matici správně nacházíte vektor v jádře, přechod k původní matici A však není jasný ani zdůvodněný. Chybí platná vazba přes determinant, hodnost nebo regularitu.","A kernel/eigenvector for the transpose is found, but the subsequent transfer to A is unclear and unsupported. No valid determinant, rank, or regularity argument connecting the two matrices is given."
"du05_1","3089","4","true","Podmínku o součtech ve sloupcích správně převádíte na singularitu matice A-aI a z nenulového vektoru v jejím jádře korektně získáváte rovnost Ax=ax. Důkaz je úplný.","The proof correctly turns the column-sum condition into singularity of A-aI (via the transpose or an equivalent row-dependence argument) and obtains a nonzero vector x satisfying Ax=ax."
"du05_1","3115","4","true","Podmínku o součtech ve sloupcích správně převádíte na singularitu matice A-aI a z nenulového vektoru v jejím jádře korektně získáváte rovnost Ax=ax. Důkaz je úplný.","The proof correctly turns the column-sum condition into singularity of A-aI (via the transpose or an equivalent row-dependence argument) and obtains a nonzero vector x satisfying Ax=ax."
"du05_1","3121","4","true","Podmínku o součtech ve sloupcích správně převádíte na singularitu matice A-aI a z nenulového vektoru v jejím jádře korektně získáváte rovnost Ax=ax. Důkaz je úplný.","The proof correctly turns the column-sum condition into singularity of A-aI (via the transpose or an equivalent row-dependence argument) and obtains a nonzero vector x satisfying Ax=ax."
"du05_1","3135","4","true","Podmínku o součtech ve sloupcích správně převádíte na singularitu matice A-aI a z nenulového vektoru v jejím jádře korektně získáváte rovnost Ax=ax. Důkaz je úplný.","The proof correctly turns the column-sum condition into singularity of A-aI (via the transpose or an equivalent row-dependence argument) and obtains a nonzero vector x satisfying Ax=ax."
"du05_1","3136","4","true","Podmínku o součtech ve sloupcích správně převádíte na singularitu matice A-aI a z nenulového vektoru v jejím jádře korektně získáváte rovnost Ax=ax. Důkaz je úplný.","The proof correctly turns the column-sum condition into singularity of A-aI (via the transpose or an equivalent row-dependence argument) and obtains a nonzero vector x satisfying Ax=ax."
"du05_1","3139","4","true","Podmínku o součtech ve sloupcích správně převádíte na singularitu matice A-aI a z nenulového vektoru v jejím jádře korektně získáváte rovnost Ax=ax. Důkaz je úplný.","The proof correctly turns the column-sum condition into singularity of A-aI (via the transpose or an equivalent row-dependence argument) and obtains a nonzero vector x satisfying Ax=ax."
"du05_1","3164","4","true","Podmínku o součtech ve sloupcích správně převádíte na singularitu matice A-aI a z nenulového vektoru v jejím jádře korektně získáváte rovnost Ax=ax. Důkaz je úplný.","The proof correctly turns the column-sum condition into singularity of A-aI (via the transpose or an equivalent row-dependence argument) and obtains a nonzero vector x satisfying Ax=ax."
"du05_1","3166","4","true","Podmínku o součtech ve sloupcích správně převádíte na singularitu matice A-aI a z nenulového vektoru v jejím jádře korektně získáváte rovnost Ax=ax. Důkaz je úplný.","The proof correctly turns the column-sum condition into singularity of A-aI (via the transpose or an equivalent row-dependence argument) and obtains a nonzero vector x satisfying Ax=ax."
"du05_1","3168","4","true","Podmínku o součtech ve sloupcích správně převádíte na singularitu matice A-aI a z nenulového vektoru v jejím jádře korektně získáváte rovnost Ax=ax. Důkaz je úplný.","The proof correctly turns the column-sum condition into singularity of A-aI (via the transpose or an equivalent row-dependence argument) and obtains a nonzero vector x satisfying Ax=ax."
"du05_1","3174","4","true","Podmínku o součtech ve sloupcích správně převádíte na singularitu matice A-aI a z nenulového vektoru v jejím jádře korektně získáváte rovnost Ax=ax. Důkaz je úplný.","The proof correctly turns the column-sum condition into singularity of A-aI (via the transpose or an equivalent row-dependence argument) and obtains a nonzero vector x satisfying Ax=ax."
"du05_1","3188","4","true","Podmínku o součtech ve sloupcích správně převádíte na singularitu matice A-aI a z nenulového vektoru v jejím jádře korektně získáváte rovnost Ax=ax. Důkaz je úplný.","The proof correctly turns the column-sum condition into singularity of A-aI (via the transpose or an equivalent row-dependence argument) and obtains a nonzero vector x satisfying Ax=ax."
"du05_1","3193","3","false","Správně získáváte vlastní číslo, respektive netriviální jádro, pro transponovanou matici. Chybí však zdůvodnění, proč z toho plyne odpovídající tvrzení pro původní matici A; stejná mezera zůstává i v obecném případě po posunu.","The response correctly obtains an eigenvalue or nontrivial kernel for the transpose, but it does not justify the essential transfer from the transposed matrix to the original one. The shifted general case inherits the same gap."
"du05_1","3194","3","false","Správně získáváte vlastní číslo, respektive netriviální jádro, pro transponovanou matici. Chybí však zdůvodnění, proč z toho plyne odpovídající tvrzení pro původní matici A; stejná mezera zůstává i v obecném případě po posunu.","The response correctly obtains an eigenvalue or nontrivial kernel for the transpose, but it does not justify the essential transfer from the transposed matrix to the original one. The shifted general case inherits the same gap."
"du05_1","3204","4","true","Podmínku o součtech ve sloupcích správně převádíte na singularitu matice A-aI a z nenulového vektoru v jejím jádře korektně získáváte rovnost Ax=ax. Důkaz je úplný.","The proof correctly turns the column-sum condition into singularity of A-aI (via the transpose or an equivalent row-dependence argument) and obtains a nonzero vector x satisfying Ax=ax."
"du05_1","3205","4","true","Podmínku o součtech ve sloupcích správně převádíte na singularitu matice A-aI a z nenulového vektoru v jejím jádře korektně získáváte rovnost Ax=ax. Důkaz je úplný.","The proof correctly turns the column-sum condition into singularity of A-aI (via the transpose or an equivalent row-dependence argument) and obtains a nonzero vector x satisfying Ax=ax."
"du05_1","3218","4","true","Podmínku o součtech ve sloupcích správně převádíte na singularitu matice A-aI a z nenulového vektoru v jejím jádře korektně získáváte rovnost Ax=ax. Důkaz je úplný.","The proof correctly turns the column-sum condition into singularity of A-aI (via the transpose or an equivalent row-dependence argument) and obtains a nonzero vector x satisfying Ax=ax."
"du05_1","3221","4","true","Podmínku o součtech ve sloupcích správně převádíte na singularitu matice A-aI a z nenulového vektoru v jejím jádře korektně získáváte rovnost Ax=ax. Důkaz je úplný.","The proof correctly turns the column-sum condition into singularity of A-aI (via the transpose or an equivalent row-dependence argument) and obtains a nonzero vector x satisfying Ax=ax."
"du05_1","3223","4","true","Podmínku o součtech ve sloupcích správně převádíte na singularitu matice A-aI a z nenulového vektoru v jejím jádře korektně získáváte rovnost Ax=ax. Důkaz je úplný.","The proof correctly turns the column-sum condition into singularity of A-aI (via the transpose or an equivalent row-dependence argument) and obtains a nonzero vector x satisfying Ax=ax."
"du05_1","3225","4","true","Podmínku o součtech ve sloupcích správně převádíte na singularitu matice A-aI a z nenulového vektoru v jejím jádře korektně získáváte rovnost Ax=ax. Důkaz je úplný.","The proof correctly turns the column-sum condition into singularity of A-aI (via the transpose or an equivalent row-dependence argument) and obtains a nonzero vector x satisfying Ax=ax."
"du05_1","3231","4","true","Podmínku o součtech ve sloupcích správně převádíte na singularitu matice A-aI a z nenulového vektoru v jejím jádře korektně získáváte rovnost Ax=ax. Důkaz je úplný.","The proof correctly turns the column-sum condition into singularity of A-aI (via the transpose or an equivalent row-dependence argument) and obtains a nonzero vector x satisfying Ax=ax."
"du05_1","3233","4","true","Podmínku o součtech ve sloupcích správně převádíte na singularitu matice A-aI a z nenulového vektoru v jejím jádře korektně získáváte rovnost Ax=ax. Důkaz je úplný.","The proof correctly turns the column-sum condition into singularity of A-aI (via the transpose or an equivalent row-dependence argument) and obtains a nonzero vector x satisfying Ax=ax."
"du05_1","3238","4","true","Podmínku o součtech ve sloupcích správně převádíte na singularitu matice A-aI a z nenulového vektoru v jejím jádře korektně získáváte rovnost Ax=ax. Důkaz je úplný.","The proof correctly turns the column-sum condition into singularity of A-aI (via the transpose or an equivalent row-dependence argument) and obtains a nonzero vector x satisfying Ax=ax."
"du05_1","3239","4","true","Podmínku o součtech ve sloupcích správně převádíte na singularitu matice A-aI a z nenulového vektoru v jejím jádře korektně získáváte rovnost Ax=ax. Důkaz je úplný.","The proof correctly turns the column-sum condition into singularity of A-aI (via the transpose or an equivalent row-dependence argument) and obtains a nonzero vector x satisfying Ax=ax."
"du05_1","3240","4","true","Podmínku o součtech ve sloupcích správně převádíte na singularitu matice A-aI a z nenulového vektoru v jejím jádře korektně získáváte rovnost Ax=ax. Důkaz je úplný.","The proof correctly turns the column-sum condition into singularity of A-aI (via the transpose or an equivalent row-dependence argument) and obtains a nonzero vector x satisfying Ax=ax."
"du05_1","3241","3.5","false","Případ nulových součtů i volba B=A-aI jsou správné. V obecném případě však chybí dokončení přechodu od singularity B k rovnosti Ax=ax pro nenulový vektor; bez tohoto kroku není závěr výslovně doložen.","The zero-sum row-dependence proof and the construction B=A-aI are correct, but the general case stops at invoking the reduced case and does not explicitly connect a nonzero vector in ker(B) to Ax=ax."
"du05_1","3242","4","true","Podmínku o součtech ve sloupcích správně převádíte na singularitu matice A-aI a z nenulového vektoru v jejím jádře korektně získáváte rovnost Ax=ax. Důkaz je úplný.","The proof correctly turns the column-sum condition into singularity of A-aI (via the transpose or an equivalent row-dependence argument) and obtains a nonzero vector x satisfying Ax=ax."
"du05_1","3245","4","true","Podmínku o součtech ve sloupcích správně převádíte na singularitu matice A-aI a z nenulového vektoru v jejím jádře korektně získáváte rovnost Ax=ax. Důkaz je úplný.","The proof correctly turns the column-sum condition into singularity of A-aI (via the transpose or an equivalent row-dependence argument) and obtains a nonzero vector x satisfying Ax=ax."
"du05_1","3248","3","false","Správně získáváte vlastní číslo, respektive netriviální jádro, pro transponovanou matici. Chybí však zdůvodnění, proč z toho plyne odpovídající tvrzení pro původní matici A; stejná mezera zůstává i v obecném případě po posunu.","The response correctly obtains an eigenvalue or nontrivial kernel for the transpose, but it does not justify the essential transfer from the transposed matrix to the original one. The shifted general case inherits the same gap."
"du05_1","3254","1.5","false","Vektor e₁ zde nezachycuje součty všech prvků ve sloupcích: součin A^T e₁ pouze vybírá příslušný řádek či sloupec a obecně nemusí být nulový. Proto není prokázán nenulový vektor v jádře ani singularita a následný posun tento problém neodstraňuje.","The proof uses the first basis vector and treats A^T e1 as if it encoded the column sums. It actually selects a row/column of the matrix and need not vanish, so the claimed kernel vector and singularity are not established."
"du05_1","3259","4","true","Podmínku o součtech ve sloupcích správně převádíte na singularitu matice A-aI a z nenulového vektoru v jejím jádře korektně získáváte rovnost Ax=ax. Důkaz je úplný.","The proof correctly turns the column-sum condition into singularity of A-aI (via the transpose or an equivalent row-dependence argument) and obtains a nonzero vector x satisfying Ax=ax."
"du05_1","3260","4","true","Podmínku o součtech ve sloupcích správně převádíte na singularitu matice A-aI a z nenulového vektoru v jejím jádře korektně získáváte rovnost Ax=ax. Důkaz je úplný.","The proof correctly turns the column-sum condition into singularity of A-aI (via the transpose or an equivalent row-dependence argument) and obtains a nonzero vector x satisfying Ax=ax."
"du05_1","3261","4","true","Podmínku o součtech ve sloupcích správně převádíte na singularitu matice A-aI a z nenulového vektoru v jejím jádře korektně získáváte rovnost Ax=ax. Důkaz je úplný.","The proof correctly turns the column-sum condition into singularity of A-aI (via the transpose or an equivalent row-dependence argument) and obtains a nonzero vector x satisfying Ax=ax."
"du05_1","3265","3.5","false","Myšlenka s posunem je správná a později používáte (A-aI)x=0. Předtím však tvrdíte, že 0 je vlastním číslem A, ačkoli redukovaný případ se vztahuje na B=A-aI; tuto záměnu je nutné opravit.","The shifted argument is essentially correct and later uses (A-aI)x=0, but it first states that 0 is an eigenvalue of A where the reduced case actually applies to B=A-aI. This matrix-label error makes the written chain inconsistent."
"du05_1","3266","4","true","Podmínku o součtech ve sloupcích správně převádíte na singularitu matice A-aI a z nenulového vektoru v jejím jádře korektně získáváte rovnost Ax=ax. Důkaz je úplný.","The proof correctly turns the column-sum condition into singularity of A-aI (via the transpose or an equivalent row-dependence argument) and obtains a nonzero vector x satisfying Ax=ax."
"du05_1","3268","4","true","Podmínku o součtech ve sloupcích správně převádíte na singularitu matice A-aI a z nenulového vektoru v jejím jádře korektně získáváte rovnost Ax=ax. Důkaz je úplný.","The proof correctly turns the column-sum condition into singularity of A-aI (via the transpose or an equivalent row-dependence argument) and obtains a nonzero vector x satisfying Ax=ax."
"du05_1","3269","4","true","Podmínku o součtech ve sloupcích správně převádíte na singularitu matice A-aI a z nenulového vektoru v jejím jádře korektně získáváte rovnost Ax=ax. Důkaz je úplný.","The proof correctly turns the column-sum condition into singularity of A-aI (via the transpose or an equivalent row-dependence argument) and obtains a nonzero vector x satisfying Ax=ax."
"du05_1","3271","4","true","Podmínku o součtech ve sloupcích správně převádíte na singularitu matice A-aI a z nenulového vektoru v jejím jádře korektně získáváte rovnost Ax=ax. Důkaz je úplný.","The proof correctly turns the column-sum condition into singularity of A-aI (via the transpose or an equivalent row-dependence argument) and obtains a nonzero vector x satisfying Ax=ax."
"du05_1","3272","4","true","Podmínku o součtech ve sloupcích správně převádíte na singularitu matice A-aI a z nenulového vektoru v jejím jádře korektně získáváte rovnost Ax=ax. Důkaz je úplný.","The proof correctly turns the column-sum condition into singularity of A-aI (via the transpose or an equivalent row-dependence argument) and obtains a nonzero vector x satisfying Ax=ax."
"du05_1","3274","3","false","Správně získáváte vlastní číslo, respektive netriviální jádro, pro transponovanou matici. Chybí však zdůvodnění, proč z toho plyne odpovídající tvrzení pro původní matici A; stejná mezera zůstává i v obecném případě po posunu.","The response correctly obtains an eigenvalue or nontrivial kernel for the transpose, but it does not justify the essential transfer from the transposed matrix to the original one. The shifted general case inherits the same gap."
"du05_1","3275","4","true","Podmínku o součtech ve sloupcích správně převádíte na singularitu matice A-aI a z nenulového vektoru v jejím jádře korektně získáváte rovnost Ax=ax. Důkaz je úplný.","The proof correctly turns the column-sum condition into singularity of A-aI (via the transpose or an equivalent row-dependence argument) and obtains a nonzero vector x satisfying Ax=ax."
"du05_1","3276","4","true","Podmínku o součtech ve sloupcích správně převádíte na singularitu matice A-aI a z nenulového vektoru v jejím jádře korektně získáváte rovnost Ax=ax. Důkaz je úplný.","The proof correctly turns the column-sum condition into singularity of A-aI (via the transpose or an equivalent row-dependence argument) and obtains a nonzero vector x satisfying Ax=ax."
"du05_1","3277","3.5","false","Správně stačí, že obraz B je obsažen v nadrovině vektorů s nulovým součtem souřadnic. Tvrdíte však rovnost těchto množin, která obecně z předpokladů neplyne. Zbytek argumentu používá jen inkluzi, takže je nutné chybné tvrzení o rovnosti opravit.","The rank-nullity argument only needs Im(B) to be contained in the zero-coordinate-sum hyperplane, which is correct. The response incorrectly states equality with that hyperplane; equality is not guaranteed, although the later exclusion argument remains valid."
"du05_1","3281","4","true","Podmínku o součtech ve sloupcích správně převádíte na singularitu matice A-aI a z nenulového vektoru v jejím jádře korektně získáváte rovnost Ax=ax. Důkaz je úplný.","The proof correctly turns the column-sum condition into singularity of A-aI (via the transpose or an equivalent row-dependence argument) and obtains a nonzero vector x satisfying Ax=ax."
"du05_1","3283","3","false","Vztah charakteristických polynomů A a A^T uvádíte správně. V obecném případě však výsledný vektor opakovaně označujete jako nulový a současně jej používáte jako vlastní vektor, který musí být nenulový. Tento rozpor je nutné odstranit.","The characteristic-polynomial link between A and A^T is present, but in the general case the response repeatedly labels the resulting eigenvector as zero and then uses it as an eigenvector. This conflicts with the required nonzero-eigenvector condition."
"du05_1","3287","4","true","Podmínku o součtech ve sloupcích správně převádíte na singularitu matice A-aI a z nenulového vektoru v jejím jádře korektně získáváte rovnost Ax=ax. Důkaz je úplný.","The proof correctly turns the column-sum condition into singularity of A-aI (via the transpose or an equivalent row-dependence argument) and obtains a nonzero vector x satisfying Ax=ax."
"du05_1","3288","3","false","Správně získáváte vlastní číslo, respektive netriviální jádro, pro transponovanou matici. Chybí však zdůvodnění, proč z toho plyne odpovídající tvrzení pro původní matici A; stejná mezera zůstává i v obecném případě po posunu.","The response correctly obtains an eigenvalue or nontrivial kernel for the transpose, but it does not justify the essential transfer from the transposed matrix to the original one. The shifted general case inherits the same gap."
"du05_1","3294","4","true","Podmínku o součtech ve sloupcích správně převádíte na singularitu matice A-aI a z nenulového vektoru v jejím jádře korektně získáváte rovnost Ax=ax. Důkaz je úplný.","The proof correctly turns the column-sum condition into singularity of A-aI (via the transpose or an equivalent row-dependence argument) and obtains a nonzero vector x satisfying Ax=ax."
"du05_1","3295","4","true","Podmínku o součtech ve sloupcích správně převádíte na singularitu matice A-aI a z nenulového vektoru v jejím jádře korektně získáváte rovnost Ax=ax. Důkaz je úplný.","The proof correctly turns the column-sum condition into singularity of A-aI (via the transpose or an equivalent row-dependence argument) and obtains a nonzero vector x satisfying Ax=ax."
"du05_1","3297","4","true","Podmínku o součtech ve sloupcích správně převádíte na singularitu matice A-aI a z nenulového vektoru v jejím jádře korektně získáváte rovnost Ax=ax. Důkaz je úplný.","The proof correctly turns the column-sum condition into singularity of A-aI (via the transpose or an equivalent row-dependence argument) and obtains a nonzero vector x satisfying Ax=ax."
"du05_1","3298","4","true","Podmínku o součtech ve sloupcích správně převádíte na singularitu matice A-aI a z nenulového vektoru v jejím jádře korektně získáváte rovnost Ax=ax. Důkaz je úplný.","The proof correctly turns the column-sum condition into singularity of A-aI (via the transpose or an equivalent row-dependence argument) and obtains a nonzero vector x satisfying Ax=ax."
"du05_1","3299","4","true","Podmínku o součtech ve sloupcích správně převádíte na singularitu matice A-aI a z nenulového vektoru v jejím jádře korektně získáváte rovnost Ax=ax. Důkaz je úplný.","The proof correctly turns the column-sum condition into singularity of A-aI (via the transpose or an equivalent row-dependence argument) and obtains a nonzero vector x satisfying Ax=ax."
"du05_1","3301","4","true","Podmínku o součtech ve sloupcích správně převádíte na singularitu matice A-aI a z nenulového vektoru v jejím jádře korektně získáváte rovnost Ax=ax. Důkaz je úplný.","The proof correctly turns the column-sum condition into singularity of A-aI (via the transpose or an equivalent row-dependence argument) and obtains a nonzero vector x satisfying Ax=ax."
"du05_1","3305","4","true","Podmínku o součtech ve sloupcích správně převádíte na singularitu matice A-aI a z nenulového vektoru v jejím jádře korektně získáváte rovnost Ax=ax. Důkaz je úplný.","The proof correctly turns the column-sum condition into singularity of A-aI (via the transpose or an equivalent row-dependence argument) and obtains a nonzero vector x satisfying Ax=ax."
"du05_1","3308","4","true","Podmínku o součtech ve sloupcích správně převádíte na singularitu matice A-aI a z nenulového vektoru v jejím jádře korektně získáváte rovnost Ax=ax. Důkaz je úplný.","The proof correctly turns the column-sum condition into singularity of A-aI (via the transpose or an equivalent row-dependence argument) and obtains a nonzero vector x satisfying Ax=ax."
"du05_1","3309","4","true","Podmínku o součtech ve sloupcích správně převádíte na singularitu matice A-aI a z nenulového vektoru v jejím jádře korektně získáváte rovnost Ax=ax. Důkaz je úplný.","The proof correctly turns the column-sum condition into singularity of A-aI (via the transpose or an equivalent row-dependence argument) and obtains a nonzero vector x satisfying Ax=ax."
"du05_1","3317","3","false","Správně získáváte vlastní číslo, respektive netriviální jádro, pro transponovanou matici. Chybí však zdůvodnění, proč z toho plyne odpovídající tvrzení pro původní matici A; stejná mezera zůstává i v obecném případě po posunu.","The response correctly obtains an eigenvalue or nontrivial kernel for the transpose, but it does not justify the essential transfer from the transposed matrix to the original one. The shifted general case inherits the same gap."
"du05_1","3329","4","true","Podmínku o součtech ve sloupcích správně převádíte na singularitu matice A-aI a z nenulového vektoru v jejím jádře korektně získáváte rovnost Ax=ax. Důkaz je úplný.","The proof correctly turns the column-sum condition into singularity of A-aI (via the transpose or an equivalent row-dependence argument) and obtains a nonzero vector x satisfying Ax=ax."
"du05_1","3340","4","true","Podmínku o součtech ve sloupcích správně převádíte na singularitu matice A-aI a z nenulového vektoru v jejím jádře korektně získáváte rovnost Ax=ax. Důkaz je úplný.","The proof correctly turns the column-sum condition into singularity of A-aI (via the transpose or an equivalent row-dependence argument) and obtains a nonzero vector x satisfying Ax=ax."
"du05_1","3344","4","true","Podmínku o součtech ve sloupcích správně převádíte na singularitu matice A-aI a z nenulového vektoru v jejím jádře korektně získáváte rovnost Ax=ax. Důkaz je úplný.","The proof correctly turns the column-sum condition into singularity of A-aI (via the transpose or an equivalent row-dependence argument) and obtains a nonzero vector x satisfying Ax=ax."
"du05_1","3346","4","true","Podmínku o součtech ve sloupcích správně převádíte na singularitu matice A-aI a z nenulového vektoru v jejím jádře korektně získáváte rovnost Ax=ax. Důkaz je úplný.","The proof correctly turns the column-sum condition into singularity of A-aI (via the transpose or an equivalent row-dependence argument) and obtains a nonzero vector x satisfying Ax=ax."
"du05_1","3347","4","true","Podmínku o součtech ve sloupcích správně převádíte na singularitu matice A-aI a z nenulového vektoru v jejím jádře korektně získáváte rovnost Ax=ax. Důkaz je úplný.","The proof correctly turns the column-sum condition into singularity of A-aI (via the transpose or an equivalent row-dependence argument) and obtains a nonzero vector x satisfying Ax=ax."
"du05_1","3351","4","true","Podmínku o součtech ve sloupcích správně převádíte na singularitu matice A-aI a z nenulového vektoru v jejím jádře korektně získáváte rovnost Ax=ax. Důkaz je úplný.","The proof correctly turns the column-sum condition into singularity of A-aI (via the transpose or an equivalent row-dependence argument) and obtains a nonzero vector x satisfying Ax=ax."
"du05_1","3356","4","true","Podmínku o součtech ve sloupcích správně převádíte na singularitu matice A-aI a z nenulového vektoru v jejím jádře korektně získáváte rovnost Ax=ax. Důkaz je úplný.","The proof correctly turns the column-sum condition into singularity of A-aI (via the transpose or an equivalent row-dependence argument) and obtains a nonzero vector x satisfying Ax=ax."
"du05_1","3407","4","true","Podmínku o součtech ve sloupcích správně převádíte na singularitu matice A-aI a z nenulového vektoru v jejím jádře korektně získáváte rovnost Ax=ax. Důkaz je úplný.","The proof correctly turns the column-sum condition into singularity of A-aI (via the transpose or an equivalent row-dependence argument) and obtains a nonzero vector x satisfying Ax=ax."
"du05_2","534","4","true","Správně volíte bázi roviny vlastních vektorů pro vlastní číslo 2, doplníte ji vektorem (1,1,1)^T pro vlastní číslo 3 a převodem z diagonální matice získáte správnou matici A. Konstrukce zároveň zajišťuje, že vlastní prostor pro číslo 2 je právě zadaná rovina.","The response constructs a basis of the prescribed eigenspace, adjoins the given eigenvector for eigenvalue 3, represents the operator by diag(2,2,3), and correctly converts it to the canonical basis, obtaining the required matrix."
"du05_2","1500","4","true","Správně volíte bázi roviny vlastních vektorů pro vlastní číslo 2, doplníte ji vektorem (1,1,1)^T pro vlastní číslo 3 a převodem z diagonální matice získáte správnou matici A. Konstrukce zároveň zajišťuje, že vlastní prostor pro číslo 2 je právě zadaná rovina.","The response constructs a basis of the prescribed eigenspace, adjoins the given eigenvector for eigenvalue 3, represents the operator by diag(2,2,3), and correctly converts it to the canonical basis, obtaining the required matrix."
"du05_2","1771","4","true","Správně volíte bázi roviny vlastních vektorů pro vlastní číslo 2, doplníte ji vektorem (1,1,1)^T pro vlastní číslo 3 a převodem z diagonální matice získáte správnou matici A. Konstrukce zároveň zajišťuje, že vlastní prostor pro číslo 2 je právě zadaná rovina.","The response constructs a basis of the prescribed eigenspace, adjoins the given eigenvector for eigenvalue 3, represents the operator by diag(2,2,3), and correctly converts it to the canonical basis, obtaining the required matrix."
"du05_2","2125","4","true","Správně volíte bázi roviny vlastních vektorů pro vlastní číslo 2, doplníte ji vektorem (1,1,1)^T pro vlastní číslo 3 a převodem z diagonální matice získáte správnou matici A. Konstrukce zároveň zajišťuje, že vlastní prostor pro číslo 2 je právě zadaná rovina.","The response constructs a basis of the prescribed eigenspace, adjoins the given eigenvector for eigenvalue 3, represents the operator by diag(2,2,3), and correctly converts it to the canonical basis, obtaining the required matrix."
"du05_2","2182","4","true","Správně volíte bázi roviny vlastních vektorů pro vlastní číslo 2, doplníte ji vektorem (1,1,1)^T pro vlastní číslo 3 a převodem z diagonální matice získáte správnou matici A. Konstrukce zároveň zajišťuje, že vlastní prostor pro číslo 2 je právě zadaná rovina.","The response constructs a basis of the prescribed eigenspace, adjoins the given eigenvector for eigenvalue 3, represents the operator by diag(2,2,3), and correctly converts it to the canonical basis, obtaining the required matrix."
"du05_2","2202","4","true","Správně volíte bázi roviny vlastních vektorů pro vlastní číslo 2, doplníte ji vektorem (1,1,1)^T pro vlastní číslo 3 a převodem z diagonální matice získáte správnou matici A. Konstrukce zároveň zajišťuje, že vlastní prostor pro číslo 2 je právě zadaná rovina.","The response constructs a basis of the prescribed eigenspace, adjoins the given eigenvector for eigenvalue 3, represents the operator by diag(2,2,3), and correctly converts it to the canonical basis, obtaining the required matrix."
"du05_2","2377","4","true","Správně volíte bázi roviny vlastních vektorů pro vlastní číslo 2, doplníte ji vektorem (1,1,1)^T pro vlastní číslo 3 a převodem z diagonální matice získáte správnou matici A. Konstrukce zároveň zajišťuje, že vlastní prostor pro číslo 2 je právě zadaná rovina.","The response constructs a basis of the prescribed eigenspace, adjoins the given eigenvector for eigenvalue 3, represents the operator by diag(2,2,3), and correctly converts it to the canonical basis, obtaining the required matrix."
"du05_2","2401","4","true","Správně volíte bázi roviny vlastních vektorů pro vlastní číslo 2, doplníte ji vektorem (1,1,1)^T pro vlastní číslo 3 a převodem z diagonální matice získáte správnou matici A. Konstrukce zároveň zajišťuje, že vlastní prostor pro číslo 2 je právě zadaná rovina.","The response constructs a basis of the prescribed eigenspace, adjoins the given eigenvector for eigenvalue 3, represents the operator by diag(2,2,3), and correctly converts it to the canonical basis, obtaining the required matrix."
"du05_2","2430","4","true","Správně volíte bázi roviny vlastních vektorů pro vlastní číslo 2, doplníte ji vektorem (1,1,1)^T pro vlastní číslo 3 a převodem z diagonální matice získáte správnou matici A. Konstrukce zároveň zajišťuje, že vlastní prostor pro číslo 2 je právě zadaná rovina.","The response constructs a basis of the prescribed eigenspace, adjoins the given eigenvector for eigenvalue 3, represents the operator by diag(2,2,3), and correctly converts it to the canonical basis, obtaining the required matrix."
"du05_2","2492","4","true","Správně volíte bázi roviny vlastních vektorů pro vlastní číslo 2, doplníte ji vektorem (1,1,1)^T pro vlastní číslo 3 a převodem z diagonální matice získáte správnou matici A. Konstrukce zároveň zajišťuje, že vlastní prostor pro číslo 2 je právě zadaná rovina.","The response constructs a basis of the prescribed eigenspace, adjoins the given eigenvector for eigenvalue 3, represents the operator by diag(2,2,3), and correctly converts it to the canonical basis, obtaining the required matrix."
"du05_2","2517","4","true","Správně volíte bázi roviny vlastních vektorů pro vlastní číslo 2, doplníte ji vektorem (1,1,1)^T pro vlastní číslo 3 a převodem z diagonální matice získáte správnou matici A. Konstrukce zároveň zajišťuje, že vlastní prostor pro číslo 2 je právě zadaná rovina.","The response constructs a basis of the prescribed eigenspace, adjoins the given eigenvector for eigenvalue 3, represents the operator by diag(2,2,3), and correctly converts it to the canonical basis, obtaining the required matrix."
"du05_2","2518","4","true","Správně volíte bázi roviny vlastních vektorů pro vlastní číslo 2, doplníte ji vektorem (1,1,1)^T pro vlastní číslo 3 a převodem z diagonální matice získáte správnou matici A. Konstrukce zároveň zajišťuje, že vlastní prostor pro číslo 2 je právě zadaná rovina.","The response constructs a basis of the prescribed eigenspace, adjoins the given eigenvector for eigenvalue 3, represents the operator by diag(2,2,3), and correctly converts it to the canonical basis, obtaining the required matrix."
"du05_2","2743","4","true","Správně volíte bázi roviny vlastních vektorů pro vlastní číslo 2, doplníte ji vektorem (1,1,1)^T pro vlastní číslo 3 a převodem z diagonální matice získáte správnou matici A. Konstrukce zároveň zajišťuje, že vlastní prostor pro číslo 2 je právě zadaná rovina.","The response constructs a basis of the prescribed eigenspace, adjoins the given eigenvector for eigenvalue 3, represents the operator by diag(2,2,3), and correctly converts it to the canonical basis, obtaining the required matrix."
"du05_2","2760","4","true","Správně volíte bázi roviny vlastních vektorů pro vlastní číslo 2, doplníte ji vektorem (1,1,1)^T pro vlastní číslo 3 a převodem z diagonální matice získáte správnou matici A. Konstrukce zároveň zajišťuje, že vlastní prostor pro číslo 2 je právě zadaná rovina.","The response constructs a basis of the prescribed eigenspace, adjoins the given eigenvector for eigenvalue 3, represents the operator by diag(2,2,3), and correctly converts it to the canonical basis, obtaining the required matrix."
"du05_2","2764","4","true","Správně volíte bázi roviny vlastních vektorů pro vlastní číslo 2, doplníte ji vektorem (1,1,1)^T pro vlastní číslo 3 a převodem z diagonální matice získáte správnou matici A. Konstrukce zároveň zajišťuje, že vlastní prostor pro číslo 2 je právě zadaná rovina.","The response constructs a basis of the prescribed eigenspace, adjoins the given eigenvector for eigenvalue 3, represents the operator by diag(2,2,3), and correctly converts it to the canonical basis, obtaining the required matrix."
"du05_2","2766","4","true","Správně volíte bázi roviny vlastních vektorů pro vlastní číslo 2, doplníte ji vektorem (1,1,1)^T pro vlastní číslo 3 a převodem z diagonální matice získáte správnou matici A. Konstrukce zároveň zajišťuje, že vlastní prostor pro číslo 2 je právě zadaná rovina.","The response constructs a basis of the prescribed eigenspace, adjoins the given eigenvector for eigenvalue 3, represents the operator by diag(2,2,3), and correctly converts it to the canonical basis, obtaining the required matrix."
"du05_2","2815","4","true","Správně volíte bázi roviny vlastních vektorů pro vlastní číslo 2, doplníte ji vektorem (1,1,1)^T pro vlastní číslo 3 a převodem z diagonální matice získáte správnou matici A. Konstrukce zároveň zajišťuje, že vlastní prostor pro číslo 2 je právě zadaná rovina.","The response constructs a basis of the prescribed eigenspace, adjoins the given eigenvector for eigenvalue 3, represents the operator by diag(2,2,3), and correctly converts it to the canonical basis, obtaining the required matrix."
"du05_2","2826","4","true","Správně volíte bázi roviny vlastních vektorů pro vlastní číslo 2, doplníte ji vektorem (1,1,1)^T pro vlastní číslo 3 a převodem z diagonální matice získáte správnou matici A. Konstrukce zároveň zajišťuje, že vlastní prostor pro číslo 2 je právě zadaná rovina.","The response constructs a basis of the prescribed eigenspace, adjoins the given eigenvector for eigenvalue 3, represents the operator by diag(2,2,3), and correctly converts it to the canonical basis, obtaining the required matrix."
"du05_2","2857","4","true","Správně volíte bázi roviny vlastních vektorů pro vlastní číslo 2, doplníte ji vektorem (1,1,1)^T pro vlastní číslo 3 a převodem z diagonální matice získáte správnou matici A. Konstrukce zároveň zajišťuje, že vlastní prostor pro číslo 2 je právě zadaná rovina.","The response constructs a basis of the prescribed eigenspace, adjoins the given eigenvector for eigenvalue 3, represents the operator by diag(2,2,3), and correctly converts it to the canonical basis, obtaining the required matrix."
"du05_2","2858","4","true","Správně volíte bázi roviny vlastních vektorů pro vlastní číslo 2, doplníte ji vektorem (1,1,1)^T pro vlastní číslo 3 a převodem z diagonální matice získáte správnou matici A. Konstrukce zároveň zajišťuje, že vlastní prostor pro číslo 2 je právě zadaná rovina.","The response constructs a basis of the prescribed eigenspace, adjoins the given eigenvector for eigenvalue 3, represents the operator by diag(2,2,3), and correctly converts it to the canonical basis, obtaining the required matrix."
"du05_2","2865","4","true","Správně volíte bázi roviny vlastních vektorů pro vlastní číslo 2, doplníte ji vektorem (1,1,1)^T pro vlastní číslo 3 a převodem z diagonální matice získáte správnou matici A. Konstrukce zároveň zajišťuje, že vlastní prostor pro číslo 2 je právě zadaná rovina.","The response constructs a basis of the prescribed eigenspace, adjoins the given eigenvector for eigenvalue 3, represents the operator by diag(2,2,3), and correctly converts it to the canonical basis, obtaining the required matrix."
"du05_2","2866","4","true","Správně volíte bázi roviny vlastních vektorů pro vlastní číslo 2, doplníte ji vektorem (1,1,1)^T pro vlastní číslo 3 a převodem z diagonální matice získáte správnou matici A. Konstrukce zároveň zajišťuje, že vlastní prostor pro číslo 2 je právě zadaná rovina.","The response constructs a basis of the prescribed eigenspace, adjoins the given eigenvector for eigenvalue 3, represents the operator by diag(2,2,3), and correctly converts it to the canonical basis, obtaining the required matrix."
"du05_2","2867","4","true","Správně volíte bázi roviny vlastních vektorů pro vlastní číslo 2, doplníte ji vektorem (1,1,1)^T pro vlastní číslo 3 a převodem z diagonální matice získáte správnou matici A. Konstrukce zároveň zajišťuje, že vlastní prostor pro číslo 2 je právě zadaná rovina.","The response constructs a basis of the prescribed eigenspace, adjoins the given eigenvector for eigenvalue 3, represents the operator by diag(2,2,3), and correctly converts it to the canonical basis, obtaining the required matrix."
"du05_2","2869","4","true","Správně volíte bázi roviny vlastních vektorů pro vlastní číslo 2, doplníte ji vektorem (1,1,1)^T pro vlastní číslo 3 a převodem z diagonální matice získáte správnou matici A. Konstrukce zároveň zajišťuje, že vlastní prostor pro číslo 2 je právě zadaná rovina.","The response constructs a basis of the prescribed eigenspace, adjoins the given eigenvector for eigenvalue 3, represents the operator by diag(2,2,3), and correctly converts it to the canonical basis, obtaining the required matrix."
"du05_2","2871","4","true","Správně volíte bázi roviny vlastních vektorů pro vlastní číslo 2, doplníte ji vektorem (1,1,1)^T pro vlastní číslo 3 a převodem z diagonální matice získáte správnou matici A. Konstrukce zároveň zajišťuje, že vlastní prostor pro číslo 2 je právě zadaná rovina.","The response constructs a basis of the prescribed eigenspace, adjoins the given eigenvector for eigenvalue 3, represents the operator by diag(2,2,3), and correctly converts it to the canonical basis, obtaining the required matrix."
"du05_2","2874","4","true","Správně volíte bázi roviny vlastních vektorů pro vlastní číslo 2, doplníte ji vektorem (1,1,1)^T pro vlastní číslo 3 a převodem z diagonální matice získáte správnou matici A. Konstrukce zároveň zajišťuje, že vlastní prostor pro číslo 2 je právě zadaná rovina.","The response constructs a basis of the prescribed eigenspace, adjoins the given eigenvector for eigenvalue 3, represents the operator by diag(2,2,3), and correctly converts it to the canonical basis, obtaining the required matrix."
"du05_2","2876","4","true","Správně volíte bázi roviny vlastních vektorů pro vlastní číslo 2, doplníte ji vektorem (1,1,1)^T pro vlastní číslo 3 a převodem z diagonální matice získáte správnou matici A. Konstrukce zároveň zajišťuje, že vlastní prostor pro číslo 2 je právě zadaná rovina.","The response constructs a basis of the prescribed eigenspace, adjoins the given eigenvector for eigenvalue 3, represents the operator by diag(2,2,3), and correctly converts it to the canonical basis, obtaining the required matrix."
"du05_2","2877","4","true","Správně volíte bázi roviny vlastních vektorů pro vlastní číslo 2, doplníte ji vektorem (1,1,1)^T pro vlastní číslo 3 a převodem z diagonální matice získáte správnou matici A. Konstrukce zároveň zajišťuje, že vlastní prostor pro číslo 2 je právě zadaná rovina.","The response constructs a basis of the prescribed eigenspace, adjoins the given eigenvector for eigenvalue 3, represents the operator by diag(2,2,3), and correctly converts it to the canonical basis, obtaining the required matrix."
"du05_2","2878","4","true","Správně volíte bázi roviny vlastních vektorů pro vlastní číslo 2, doplníte ji vektorem (1,1,1)^T pro vlastní číslo 3 a převodem z diagonální matice získáte správnou matici A. Konstrukce zároveň zajišťuje, že vlastní prostor pro číslo 2 je právě zadaná rovina.","The response constructs a basis of the prescribed eigenspace, adjoins the given eigenvector for eigenvalue 3, represents the operator by diag(2,2,3), and correctly converts it to the canonical basis, obtaining the required matrix."
"du05_2","2886","4","true","Správně volíte bázi roviny vlastních vektorů pro vlastní číslo 2, doplníte ji vektorem (1,1,1)^T pro vlastní číslo 3 a převodem z diagonální matice získáte správnou matici A. Konstrukce zároveň zajišťuje, že vlastní prostor pro číslo 2 je právě zadaná rovina.","The response constructs a basis of the prescribed eigenspace, adjoins the given eigenvector for eigenvalue 3, represents the operator by diag(2,2,3), and correctly converts it to the canonical basis, obtaining the required matrix."
"du05_2","2887","4","true","Správně volíte bázi roviny vlastních vektorů pro vlastní číslo 2, doplníte ji vektorem (1,1,1)^T pro vlastní číslo 3 a převodem z diagonální matice získáte správnou matici A. Konstrukce zároveň zajišťuje, že vlastní prostor pro číslo 2 je právě zadaná rovina.","The response constructs a basis of the prescribed eigenspace, adjoins the given eigenvector for eigenvalue 3, represents the operator by diag(2,2,3), and correctly converts it to the canonical basis, obtaining the required matrix."
"du05_2","2888","4","true","Správně volíte bázi roviny vlastních vektorů pro vlastní číslo 2, doplníte ji vektorem (1,1,1)^T pro vlastní číslo 3 a převodem z diagonální matice získáte správnou matici A. Konstrukce zároveň zajišťuje, že vlastní prostor pro číslo 2 je právě zadaná rovina.","The response constructs a basis of the prescribed eigenspace, adjoins the given eigenvector for eigenvalue 3, represents the operator by diag(2,2,3), and correctly converts it to the canonical basis, obtaining the required matrix."
"du05_2","2892","4","true","Správně volíte bázi roviny vlastních vektorů pro vlastní číslo 2, doplníte ji vektorem (1,1,1)^T pro vlastní číslo 3 a převodem z diagonální matice získáte správnou matici A. Konstrukce zároveň zajišťuje, že vlastní prostor pro číslo 2 je právě zadaná rovina.","The response constructs a basis of the prescribed eigenspace, adjoins the given eigenvector for eigenvalue 3, represents the operator by diag(2,2,3), and correctly converts it to the canonical basis, obtaining the required matrix."
"du05_2","2899","4","true","Správně volíte bázi roviny vlastních vektorů pro vlastní číslo 2, doplníte ji vektorem (1,1,1)^T pro vlastní číslo 3 a převodem z diagonální matice získáte správnou matici A. Konstrukce zároveň zajišťuje, že vlastní prostor pro číslo 2 je právě zadaná rovina.","The response constructs a basis of the prescribed eigenspace, adjoins the given eigenvector for eigenvalue 3, represents the operator by diag(2,2,3), and correctly converts it to the canonical basis, obtaining the required matrix."
"du05_2","2900","4","true","Správně volíte bázi roviny vlastních vektorů pro vlastní číslo 2, doplníte ji vektorem (1,1,1)^T pro vlastní číslo 3 a převodem z diagonální matice získáte správnou matici A. Konstrukce zároveň zajišťuje, že vlastní prostor pro číslo 2 je právě zadaná rovina.","The response constructs a basis of the prescribed eigenspace, adjoins the given eigenvector for eigenvalue 3, represents the operator by diag(2,2,3), and correctly converts it to the canonical basis, obtaining the required matrix."
"du05_2","2903","4","true","Správně volíte bázi roviny vlastních vektorů pro vlastní číslo 2, doplníte ji vektorem (1,1,1)^T pro vlastní číslo 3 a převodem z diagonální matice získáte správnou matici A. Konstrukce zároveň zajišťuje, že vlastní prostor pro číslo 2 je právě zadaná rovina.","The response constructs a basis of the prescribed eigenspace, adjoins the given eigenvector for eigenvalue 3, represents the operator by diag(2,2,3), and correctly converts it to the canonical basis, obtaining the required matrix."
"du05_2","2918","4","true","Správně volíte bázi roviny vlastních vektorů pro vlastní číslo 2, doplníte ji vektorem (1,1,1)^T pro vlastní číslo 3 a převodem z diagonální matice získáte správnou matici A. Konstrukce zároveň zajišťuje, že vlastní prostor pro číslo 2 je právě zadaná rovina.","The response constructs a basis of the prescribed eigenspace, adjoins the given eigenvector for eigenvalue 3, represents the operator by diag(2,2,3), and correctly converts it to the canonical basis, obtaining the required matrix."
"du05_2","2922","4","true","Správně volíte bázi roviny vlastních vektorů pro vlastní číslo 2, doplníte ji vektorem (1,1,1)^T pro vlastní číslo 3 a převodem z diagonální matice získáte správnou matici A. Konstrukce zároveň zajišťuje, že vlastní prostor pro číslo 2 je právě zadaná rovina.","The response constructs a basis of the prescribed eigenspace, adjoins the given eigenvector for eigenvalue 3, represents the operator by diag(2,2,3), and correctly converts it to the canonical basis, obtaining the required matrix."
"du05_2","2932","4","true","Správně volíte bázi roviny vlastních vektorů pro vlastní číslo 2, doplníte ji vektorem (1,1,1)^T pro vlastní číslo 3 a převodem z diagonální matice získáte správnou matici A. Konstrukce zároveň zajišťuje, že vlastní prostor pro číslo 2 je právě zadaná rovina.","The response constructs a basis of the prescribed eigenspace, adjoins the given eigenvector for eigenvalue 3, represents the operator by diag(2,2,3), and correctly converts it to the canonical basis, obtaining the required matrix."
"du05_2","2937","4","true","Správně volíte bázi roviny vlastních vektorů pro vlastní číslo 2, doplníte ji vektorem (1,1,1)^T pro vlastní číslo 3 a převodem z diagonální matice získáte správnou matici A. Konstrukce zároveň zajišťuje, že vlastní prostor pro číslo 2 je právě zadaná rovina.","The response constructs a basis of the prescribed eigenspace, adjoins the given eigenvector for eigenvalue 3, represents the operator by diag(2,2,3), and correctly converts it to the canonical basis, obtaining the required matrix."
"du05_2","2948","4","true","Správně volíte bázi roviny vlastních vektorů pro vlastní číslo 2, doplníte ji vektorem (1,1,1)^T pro vlastní číslo 3 a převodem z diagonální matice získáte správnou matici A. Konstrukce zároveň zajišťuje, že vlastní prostor pro číslo 2 je právě zadaná rovina.","The response constructs a basis of the prescribed eigenspace, adjoins the given eigenvector for eigenvalue 3, represents the operator by diag(2,2,3), and correctly converts it to the canonical basis, obtaining the required matrix."
"du05_2","2956","4","true","Správně volíte bázi roviny vlastních vektorů pro vlastní číslo 2, doplníte ji vektorem (1,1,1)^T pro vlastní číslo 3 a převodem z diagonální matice získáte správnou matici A. Konstrukce zároveň zajišťuje, že vlastní prostor pro číslo 2 je právě zadaná rovina.","The response constructs a basis of the prescribed eigenspace, adjoins the given eigenvector for eigenvalue 3, represents the operator by diag(2,2,3), and correctly converts it to the canonical basis, obtaining the required matrix."
"du05_2","2980","4","true","Správně volíte bázi roviny vlastních vektorů pro vlastní číslo 2, doplníte ji vektorem (1,1,1)^T pro vlastní číslo 3 a převodem z diagonální matice získáte správnou matici A. Konstrukce zároveň zajišťuje, že vlastní prostor pro číslo 2 je právě zadaná rovina.","The response constructs a basis of the prescribed eigenspace, adjoins the given eigenvector for eigenvalue 3, represents the operator by diag(2,2,3), and correctly converts it to the canonical basis, obtaining the required matrix."
"du05_2","2984","4","true","Správně volíte bázi roviny vlastních vektorů pro vlastní číslo 2, doplníte ji vektorem (1,1,1)^T pro vlastní číslo 3 a převodem z diagonální matice získáte správnou matici A. Konstrukce zároveň zajišťuje, že vlastní prostor pro číslo 2 je právě zadaná rovina.","The response constructs a basis of the prescribed eigenspace, adjoins the given eigenvector for eigenvalue 3, represents the operator by diag(2,2,3), and correctly converts it to the canonical basis, obtaining the required matrix."
"du05_2","2993","4","true","Správně volíte bázi roviny vlastních vektorů pro vlastní číslo 2, doplníte ji vektorem (1,1,1)^T pro vlastní číslo 3 a převodem z diagonální matice získáte správnou matici A. Konstrukce zároveň zajišťuje, že vlastní prostor pro číslo 2 je právě zadaná rovina.","The response constructs a basis of the prescribed eigenspace, adjoins the given eigenvector for eigenvalue 3, represents the operator by diag(2,2,3), and correctly converts it to the canonical basis, obtaining the required matrix."
"du05_2","3000","4","true","Správně volíte bázi roviny vlastních vektorů pro vlastní číslo 2, doplníte ji vektorem (1,1,1)^T pro vlastní číslo 3 a převodem z diagonální matice získáte správnou matici A. Konstrukce zároveň zajišťuje, že vlastní prostor pro číslo 2 je právě zadaná rovina.","The response constructs a basis of the prescribed eigenspace, adjoins the given eigenvector for eigenvalue 3, represents the operator by diag(2,2,3), and correctly converts it to the canonical basis, obtaining the required matrix."
"du05_2","3001","4","true","Správně volíte bázi roviny vlastních vektorů pro vlastní číslo 2, doplníte ji vektorem (1,1,1)^T pro vlastní číslo 3 a převodem z diagonální matice získáte správnou matici A. Konstrukce zároveň zajišťuje, že vlastní prostor pro číslo 2 je právě zadaná rovina.","The response constructs a basis of the prescribed eigenspace, adjoins the given eigenvector for eigenvalue 3, represents the operator by diag(2,2,3), and correctly converts it to the canonical basis, obtaining the required matrix."
"du05_2","3003","4","true","Správně volíte bázi roviny vlastních vektorů pro vlastní číslo 2, doplníte ji vektorem (1,1,1)^T pro vlastní číslo 3 a převodem z diagonální matice získáte správnou matici A. Konstrukce zároveň zajišťuje, že vlastní prostor pro číslo 2 je právě zadaná rovina.","The response constructs a basis of the prescribed eigenspace, adjoins the given eigenvector for eigenvalue 3, represents the operator by diag(2,2,3), and correctly converts it to the canonical basis, obtaining the required matrix."
"du05_2","3007","4","true","Správně volíte bázi roviny vlastních vektorů pro vlastní číslo 2, doplníte ji vektorem (1,1,1)^T pro vlastní číslo 3 a převodem z diagonální matice získáte správnou matici A. Konstrukce zároveň zajišťuje, že vlastní prostor pro číslo 2 je právě zadaná rovina.","The response constructs a basis of the prescribed eigenspace, adjoins the given eigenvector for eigenvalue 3, represents the operator by diag(2,2,3), and correctly converts it to the canonical basis, obtaining the required matrix."
"du05_2","3036","4","true","Správně volíte bázi roviny vlastních vektorů pro vlastní číslo 2, doplníte ji vektorem (1,1,1)^T pro vlastní číslo 3 a převodem z diagonální matice získáte správnou matici A. Konstrukce zároveň zajišťuje, že vlastní prostor pro číslo 2 je právě zadaná rovina.","The response constructs a basis of the prescribed eigenspace, adjoins the given eigenvector for eigenvalue 3, represents the operator by diag(2,2,3), and correctly converts it to the canonical basis, obtaining the required matrix."
"du05_2","3037","4","true","Správně volíte bázi roviny vlastních vektorů pro vlastní číslo 2, doplníte ji vektorem (1,1,1)^T pro vlastní číslo 3 a převodem z diagonální matice získáte správnou matici A. Konstrukce zároveň zajišťuje, že vlastní prostor pro číslo 2 je právě zadaná rovina.","The response constructs a basis of the prescribed eigenspace, adjoins the given eigenvector for eigenvalue 3, represents the operator by diag(2,2,3), and correctly converts it to the canonical basis, obtaining the required matrix."
"du05_2","3038","4","true","Správně volíte bázi roviny vlastních vektorů pro vlastní číslo 2, doplníte ji vektorem (1,1,1)^T pro vlastní číslo 3 a převodem z diagonální matice získáte správnou matici A. Konstrukce zároveň zajišťuje, že vlastní prostor pro číslo 2 je právě zadaná rovina.","The response constructs a basis of the prescribed eigenspace, adjoins the given eigenvector for eigenvalue 3, represents the operator by diag(2,2,3), and correctly converts it to the canonical basis, obtaining the required matrix."
"du05_2","3056","4","true","Správně volíte bázi roviny vlastních vektorů pro vlastní číslo 2, doplníte ji vektorem (1,1,1)^T pro vlastní číslo 3 a převodem z diagonální matice získáte správnou matici A. Konstrukce zároveň zajišťuje, že vlastní prostor pro číslo 2 je právě zadaná rovina.","The response constructs a basis of the prescribed eigenspace, adjoins the given eigenvector for eigenvalue 3, represents the operator by diag(2,2,3), and correctly converts it to the canonical basis, obtaining the required matrix."
"du05_2","3057","4","true","Správně volíte bázi roviny vlastních vektorů pro vlastní číslo 2, doplníte ji vektorem (1,1,1)^T pro vlastní číslo 3 a převodem z diagonální matice získáte správnou matici A. Konstrukce zároveň zajišťuje, že vlastní prostor pro číslo 2 je právě zadaná rovina.","The response constructs a basis of the prescribed eigenspace, adjoins the given eigenvector for eigenvalue 3, represents the operator by diag(2,2,3), and correctly converts it to the canonical basis, obtaining the required matrix."
"du05_2","3060","4","true","Správně volíte bázi roviny vlastních vektorů pro vlastní číslo 2, doplníte ji vektorem (1,1,1)^T pro vlastní číslo 3 a převodem z diagonální matice získáte správnou matici A. Konstrukce zároveň zajišťuje, že vlastní prostor pro číslo 2 je právě zadaná rovina.","The response constructs a basis of the prescribed eigenspace, adjoins the given eigenvector for eigenvalue 3, represents the operator by diag(2,2,3), and correctly converts it to the canonical basis, obtaining the required matrix."
"du05_2","3076","4","true","Správně volíte bázi roviny vlastních vektorů pro vlastní číslo 2, doplníte ji vektorem (1,1,1)^T pro vlastní číslo 3 a převodem z diagonální matice získáte správnou matici A. Konstrukce zároveň zajišťuje, že vlastní prostor pro číslo 2 je právě zadaná rovina.","The response constructs a basis of the prescribed eigenspace, adjoins the given eigenvector for eigenvalue 3, represents the operator by diag(2,2,3), and correctly converts it to the canonical basis, obtaining the required matrix."
"du05_2","3077","4","true","Správně volíte bázi roviny vlastních vektorů pro vlastní číslo 2, doplníte ji vektorem (1,1,1)^T pro vlastní číslo 3 a převodem z diagonální matice získáte správnou matici A. Konstrukce zároveň zajišťuje, že vlastní prostor pro číslo 2 je právě zadaná rovina.","The response constructs a basis of the prescribed eigenspace, adjoins the given eigenvector for eigenvalue 3, represents the operator by diag(2,2,3), and correctly converts it to the canonical basis, obtaining the required matrix."
"du05_2","3089","4","true","Správně volíte bázi roviny vlastních vektorů pro vlastní číslo 2, doplníte ji vektorem (1,1,1)^T pro vlastní číslo 3 a převodem z diagonální matice získáte správnou matici A. Konstrukce zároveň zajišťuje, že vlastní prostor pro číslo 2 je právě zadaná rovina.","The response constructs a basis of the prescribed eigenspace, adjoins the given eigenvector for eigenvalue 3, represents the operator by diag(2,2,3), and correctly converts it to the canonical basis, obtaining the required matrix."
"du05_2","3090","4","true","Správně volíte bázi roviny vlastních vektorů pro vlastní číslo 2, doplníte ji vektorem (1,1,1)^T pro vlastní číslo 3 a převodem z diagonální matice získáte správnou matici A. Konstrukce zároveň zajišťuje, že vlastní prostor pro číslo 2 je právě zadaná rovina.","The response constructs a basis of the prescribed eigenspace, adjoins the given eigenvector for eigenvalue 3, represents the operator by diag(2,2,3), and correctly converts it to the canonical basis, obtaining the required matrix."
"du05_2","3102","4","true","Správně volíte bázi roviny vlastních vektorů pro vlastní číslo 2, doplníte ji vektorem (1,1,1)^T pro vlastní číslo 3 a převodem z diagonální matice získáte správnou matici A. Konstrukce zároveň zajišťuje, že vlastní prostor pro číslo 2 je právě zadaná rovina.","The response constructs a basis of the prescribed eigenspace, adjoins the given eigenvector for eigenvalue 3, represents the operator by diag(2,2,3), and correctly converts it to the canonical basis, obtaining the required matrix."
"du05_2","3111","4","true","Správně volíte bázi roviny vlastních vektorů pro vlastní číslo 2, doplníte ji vektorem (1,1,1)^T pro vlastní číslo 3 a převodem z diagonální matice získáte správnou matici A. Konstrukce zároveň zajišťuje, že vlastní prostor pro číslo 2 je právě zadaná rovina.","The response constructs a basis of the prescribed eigenspace, adjoins the given eigenvector for eigenvalue 3, represents the operator by diag(2,2,3), and correctly converts it to the canonical basis, obtaining the required matrix."
"du05_2","3115","4","true","Správně volíte bázi roviny vlastních vektorů pro vlastní číslo 2, doplníte ji vektorem (1,1,1)^T pro vlastní číslo 3 a převodem z diagonální matice získáte správnou matici A. Konstrukce zároveň zajišťuje, že vlastní prostor pro číslo 2 je právě zadaná rovina.","The response constructs a basis of the prescribed eigenspace, adjoins the given eigenvector for eigenvalue 3, represents the operator by diag(2,2,3), and correctly converts it to the canonical basis, obtaining the required matrix."
"du05_2","3121","4","true","Správně volíte bázi roviny vlastních vektorů pro vlastní číslo 2, doplníte ji vektorem (1,1,1)^T pro vlastní číslo 3 a převodem z diagonální matice získáte správnou matici A. Konstrukce zároveň zajišťuje, že vlastní prostor pro číslo 2 je právě zadaná rovina.","The response constructs a basis of the prescribed eigenspace, adjoins the given eigenvector for eigenvalue 3, represents the operator by diag(2,2,3), and correctly converts it to the canonical basis, obtaining the required matrix."
"du05_2","3131","0","false","Odevzdaný text řeší úlohu 5.1 o součtech prvků ve sloupcích, nikoli úlohu 5.2. Chybí hledaná matice řádu 3 i popis její konstrukce podle zadaných vlastních prostorů.","The attachment solves problem 5.1 rather than problem 5.2 and contains no construction of the requested 3x3 matrix."
"du05_2","3135","4","true","Správně volíte bázi roviny vlastních vektorů pro vlastní číslo 2, doplníte ji vektorem (1,1,1)^T pro vlastní číslo 3 a převodem z diagonální matice získáte správnou matici A. Konstrukce zároveň zajišťuje, že vlastní prostor pro číslo 2 je právě zadaná rovina.","The response constructs a basis of the prescribed eigenspace, adjoins the given eigenvector for eigenvalue 3, represents the operator by diag(2,2,3), and correctly converts it to the canonical basis, obtaining the required matrix."
"du05_2","3142","4","true","Správně volíte bázi roviny vlastních vektorů pro vlastní číslo 2, doplníte ji vektorem (1,1,1)^T pro vlastní číslo 3 a převodem z diagonální matice získáte správnou matici A. Konstrukce zároveň zajišťuje, že vlastní prostor pro číslo 2 je právě zadaná rovina.","The response constructs a basis of the prescribed eigenspace, adjoins the given eigenvector for eigenvalue 3, represents the operator by diag(2,2,3), and correctly converts it to the canonical basis, obtaining the required matrix."
"du05_2","3164","4","true","Správně volíte bázi roviny vlastních vektorů pro vlastní číslo 2, doplníte ji vektorem (1,1,1)^T pro vlastní číslo 3 a převodem z diagonální matice získáte správnou matici A. Konstrukce zároveň zajišťuje, že vlastní prostor pro číslo 2 je právě zadaná rovina.","The response constructs a basis of the prescribed eigenspace, adjoins the given eigenvector for eigenvalue 3, represents the operator by diag(2,2,3), and correctly converts it to the canonical basis, obtaining the required matrix."
"du05_2","3165","4","true","Správně volíte bázi roviny vlastních vektorů pro vlastní číslo 2, doplníte ji vektorem (1,1,1)^T pro vlastní číslo 3 a převodem z diagonální matice získáte správnou matici A. Konstrukce zároveň zajišťuje, že vlastní prostor pro číslo 2 je právě zadaná rovina.","The response constructs a basis of the prescribed eigenspace, adjoins the given eigenvector for eigenvalue 3, represents the operator by diag(2,2,3), and correctly converts it to the canonical basis, obtaining the required matrix."
"du05_2","3166","4","true","Správně volíte bázi roviny vlastních vektorů pro vlastní číslo 2, doplníte ji vektorem (1,1,1)^T pro vlastní číslo 3 a převodem z diagonální matice získáte správnou matici A. Konstrukce zároveň zajišťuje, že vlastní prostor pro číslo 2 je právě zadaná rovina.","The response constructs a basis of the prescribed eigenspace, adjoins the given eigenvector for eigenvalue 3, represents the operator by diag(2,2,3), and correctly converts it to the canonical basis, obtaining the required matrix."
"du05_2","3168","4","true","Správně volíte bázi roviny vlastních vektorů pro vlastní číslo 2, doplníte ji vektorem (1,1,1)^T pro vlastní číslo 3 a převodem z diagonální matice získáte správnou matici A. Konstrukce zároveň zajišťuje, že vlastní prostor pro číslo 2 je právě zadaná rovina.","The response constructs a basis of the prescribed eigenspace, adjoins the given eigenvector for eigenvalue 3, represents the operator by diag(2,2,3), and correctly converts it to the canonical basis, obtaining the required matrix."
"du05_2","3174","3","false","První postup vede ke správné matici. V alternativním postupu však chybný převod mezi bázemi dává jinou matici, která podmínky zadání nesplňuje, takže si oba uvedené závěry odporují. Alternativní postup opravte nebo odstraňte.","The first derivation obtains the correct matrix, but the explicitly presented alternative solution contains an erroneous basis conversion and concludes with a different matrix that does not satisfy the conditions. The two claimed results are contradictory."
"du05_2","3179","4","true","Správně volíte bázi roviny vlastních vektorů pro vlastní číslo 2, doplníte ji vektorem (1,1,1)^T pro vlastní číslo 3 a převodem z diagonální matice získáte správnou matici A. Konstrukce zároveň zajišťuje, že vlastní prostor pro číslo 2 je právě zadaná rovina.","The response constructs a basis of the prescribed eigenspace, adjoins the given eigenvector for eigenvalue 3, represents the operator by diag(2,2,3), and correctly converts it to the canonical basis, obtaining the required matrix."
"du05_2","3188","4","true","Správně volíte bázi roviny vlastních vektorů pro vlastní číslo 2, doplníte ji vektorem (1,1,1)^T pro vlastní číslo 3 a převodem z diagonální matice získáte správnou matici A. Konstrukce zároveň zajišťuje, že vlastní prostor pro číslo 2 je právě zadaná rovina.","The response constructs a basis of the prescribed eigenspace, adjoins the given eigenvector for eigenvalue 3, represents the operator by diag(2,2,3), and correctly converts it to the canonical basis, obtaining the required matrix."
"du05_2","3193","4","true","Správně volíte bázi roviny vlastních vektorů pro vlastní číslo 2, doplníte ji vektorem (1,1,1)^T pro vlastní číslo 3 a převodem z diagonální matice získáte správnou matici A. Konstrukce zároveň zajišťuje, že vlastní prostor pro číslo 2 je právě zadaná rovina.","The response constructs a basis of the prescribed eigenspace, adjoins the given eigenvector for eigenvalue 3, represents the operator by diag(2,2,3), and correctly converts it to the canonical basis, obtaining the required matrix."
"du05_2","3196","4","true","Správně volíte bázi roviny vlastních vektorů pro vlastní číslo 2, doplníte ji vektorem (1,1,1)^T pro vlastní číslo 3 a převodem z diagonální matice získáte správnou matici A. Konstrukce zároveň zajišťuje, že vlastní prostor pro číslo 2 je právě zadaná rovina.","The response constructs a basis of the prescribed eigenspace, adjoins the given eigenvector for eigenvalue 3, represents the operator by diag(2,2,3), and correctly converts it to the canonical basis, obtaining the required matrix."
"du05_2","3198","4","true","Správně volíte bázi roviny vlastních vektorů pro vlastní číslo 2, doplníte ji vektorem (1,1,1)^T pro vlastní číslo 3 a převodem z diagonální matice získáte správnou matici A. Konstrukce zároveň zajišťuje, že vlastní prostor pro číslo 2 je právě zadaná rovina.","The response constructs a basis of the prescribed eigenspace, adjoins the given eigenvector for eigenvalue 3, represents the operator by diag(2,2,3), and correctly converts it to the canonical basis, obtaining the required matrix."
"du05_2","3204","4","true","Správně volíte bázi roviny vlastních vektorů pro vlastní číslo 2, doplníte ji vektorem (1,1,1)^T pro vlastní číslo 3 a převodem z diagonální matice získáte správnou matici A. Konstrukce zároveň zajišťuje, že vlastní prostor pro číslo 2 je právě zadaná rovina.","The response constructs a basis of the prescribed eigenspace, adjoins the given eigenvector for eigenvalue 3, represents the operator by diag(2,2,3), and correctly converts it to the canonical basis, obtaining the required matrix."
"du05_2","3205","4","true","Správně volíte bázi roviny vlastních vektorů pro vlastní číslo 2, doplníte ji vektorem (1,1,1)^T pro vlastní číslo 3 a převodem z diagonální matice získáte správnou matici A. Konstrukce zároveň zajišťuje, že vlastní prostor pro číslo 2 je právě zadaná rovina.","The response constructs a basis of the prescribed eigenspace, adjoins the given eigenvector for eigenvalue 3, represents the operator by diag(2,2,3), and correctly converts it to the canonical basis, obtaining the required matrix."
"du05_2","3209","4","true","Správně volíte bázi roviny vlastních vektorů pro vlastní číslo 2, doplníte ji vektorem (1,1,1)^T pro vlastní číslo 3 a převodem z diagonální matice získáte správnou matici A. Konstrukce zároveň zajišťuje, že vlastní prostor pro číslo 2 je právě zadaná rovina.","The response constructs a basis of the prescribed eigenspace, adjoins the given eigenvector for eigenvalue 3, represents the operator by diag(2,2,3), and correctly converts it to the canonical basis, obtaining the required matrix."
"du05_2","3213","4","true","Správně volíte bázi roviny vlastních vektorů pro vlastní číslo 2, doplníte ji vektorem (1,1,1)^T pro vlastní číslo 3 a převodem z diagonální matice získáte správnou matici A. Konstrukce zároveň zajišťuje, že vlastní prostor pro číslo 2 je právě zadaná rovina.","The response constructs a basis of the prescribed eigenspace, adjoins the given eigenvector for eigenvalue 3, represents the operator by diag(2,2,3), and correctly converts it to the canonical basis, obtaining the required matrix."
"du05_2","3218","4","true","Správně volíte bázi roviny vlastních vektorů pro vlastní číslo 2, doplníte ji vektorem (1,1,1)^T pro vlastní číslo 3 a převodem z diagonální matice získáte správnou matici A. Konstrukce zároveň zajišťuje, že vlastní prostor pro číslo 2 je právě zadaná rovina.","The response constructs a basis of the prescribed eigenspace, adjoins the given eigenvector for eigenvalue 3, represents the operator by diag(2,2,3), and correctly converts it to the canonical basis, obtaining the required matrix."
"du05_2","3219","4","true","Správně volíte bázi roviny vlastních vektorů pro vlastní číslo 2, doplníte ji vektorem (1,1,1)^T pro vlastní číslo 3 a převodem z diagonální matice získáte správnou matici A. Konstrukce zároveň zajišťuje, že vlastní prostor pro číslo 2 je právě zadaná rovina.","The response constructs a basis of the prescribed eigenspace, adjoins the given eigenvector for eigenvalue 3, represents the operator by diag(2,2,3), and correctly converts it to the canonical basis, obtaining the required matrix."
"du05_2","3221","4","true","Správně volíte bázi roviny vlastních vektorů pro vlastní číslo 2, doplníte ji vektorem (1,1,1)^T pro vlastní číslo 3 a převodem z diagonální matice získáte správnou matici A. Konstrukce zároveň zajišťuje, že vlastní prostor pro číslo 2 je právě zadaná rovina.","The response constructs a basis of the prescribed eigenspace, adjoins the given eigenvector for eigenvalue 3, represents the operator by diag(2,2,3), and correctly converts it to the canonical basis, obtaining the required matrix."
"du05_2","3223","4","true","Správně volíte bázi roviny vlastních vektorů pro vlastní číslo 2, doplníte ji vektorem (1,1,1)^T pro vlastní číslo 3 a převodem z diagonální matice získáte správnou matici A. Konstrukce zároveň zajišťuje, že vlastní prostor pro číslo 2 je právě zadaná rovina.","The response constructs a basis of the prescribed eigenspace, adjoins the given eigenvector for eigenvalue 3, represents the operator by diag(2,2,3), and correctly converts it to the canonical basis, obtaining the required matrix."
"du05_2","3225","4","true","Správně volíte bázi roviny vlastních vektorů pro vlastní číslo 2, doplníte ji vektorem (1,1,1)^T pro vlastní číslo 3 a převodem z diagonální matice získáte správnou matici A. Konstrukce zároveň zajišťuje, že vlastní prostor pro číslo 2 je právě zadaná rovina.","The response constructs a basis of the prescribed eigenspace, adjoins the given eigenvector for eigenvalue 3, represents the operator by diag(2,2,3), and correctly converts it to the canonical basis, obtaining the required matrix."
"du05_2","3231","4","true","Správně volíte bázi roviny vlastních vektorů pro vlastní číslo 2, doplníte ji vektorem (1,1,1)^T pro vlastní číslo 3 a převodem z diagonální matice získáte správnou matici A. Konstrukce zároveň zajišťuje, že vlastní prostor pro číslo 2 je právě zadaná rovina.","The response constructs a basis of the prescribed eigenspace, adjoins the given eigenvector for eigenvalue 3, represents the operator by diag(2,2,3), and correctly converts it to the canonical basis, obtaining the required matrix."
"du05_2","3238","3.5","false","Výpočet i nalezená matice jsou správné. Závěrečné tvrzení, že matice není určena jednoznačně, je však chybné: volba jiné báze uvnitř téhož vlastního prostoru nemění zadané působení operátoru. Toto tvrzení opravte.","The construction and resulting matrix are correct, but the final claim that the matrix is not uniquely determined is false. The prescribed actions on the eigenspace plane and on the complementary line spanned by (1,1,1) determine the operator uniquely."
"du05_2","3239","4","true","Správně volíte bázi roviny vlastních vektorů pro vlastní číslo 2, doplníte ji vektorem (1,1,1)^T pro vlastní číslo 3 a převodem z diagonální matice získáte správnou matici A. Konstrukce zároveň zajišťuje, že vlastní prostor pro číslo 2 je právě zadaná rovina.","The response constructs a basis of the prescribed eigenspace, adjoins the given eigenvector for eigenvalue 3, represents the operator by diag(2,2,3), and correctly converts it to the canonical basis, obtaining the required matrix."
"du05_2","3240","4","true","Správně volíte bázi roviny vlastních vektorů pro vlastní číslo 2, doplníte ji vektorem (1,1,1)^T pro vlastní číslo 3 a převodem z diagonální matice získáte správnou matici A. Konstrukce zároveň zajišťuje, že vlastní prostor pro číslo 2 je právě zadaná rovina.","The response constructs a basis of the prescribed eigenspace, adjoins the given eigenvector for eigenvalue 3, represents the operator by diag(2,2,3), and correctly converts it to the canonical basis, obtaining the required matrix."
"du05_2","3241","4","true","Správně volíte bázi roviny vlastních vektorů pro vlastní číslo 2, doplníte ji vektorem (1,1,1)^T pro vlastní číslo 3 a převodem z diagonální matice získáte správnou matici A. Konstrukce zároveň zajišťuje, že vlastní prostor pro číslo 2 je právě zadaná rovina.","The response constructs a basis of the prescribed eigenspace, adjoins the given eigenvector for eigenvalue 3, represents the operator by diag(2,2,3), and correctly converts it to the canonical basis, obtaining the required matrix."
"du05_2","3242","4","true","Správně volíte bázi roviny vlastních vektorů pro vlastní číslo 2, doplníte ji vektorem (1,1,1)^T pro vlastní číslo 3 a převodem z diagonální matice získáte správnou matici A. Konstrukce zároveň zajišťuje, že vlastní prostor pro číslo 2 je právě zadaná rovina.","The response constructs a basis of the prescribed eigenspace, adjoins the given eigenvector for eigenvalue 3, represents the operator by diag(2,2,3), and correctly converts it to the canonical basis, obtaining the required matrix."
"du05_2","3244","4","true","Správně volíte bázi roviny vlastních vektorů pro vlastní číslo 2, doplníte ji vektorem (1,1,1)^T pro vlastní číslo 3 a převodem z diagonální matice získáte správnou matici A. Konstrukce zároveň zajišťuje, že vlastní prostor pro číslo 2 je právě zadaná rovina.","The response constructs a basis of the prescribed eigenspace, adjoins the given eigenvector for eigenvalue 3, represents the operator by diag(2,2,3), and correctly converts it to the canonical basis, obtaining the required matrix."
"du05_2","3245","4","true","Správně volíte bázi roviny vlastních vektorů pro vlastní číslo 2, doplníte ji vektorem (1,1,1)^T pro vlastní číslo 3 a převodem z diagonální matice získáte správnou matici A. Konstrukce zároveň zajišťuje, že vlastní prostor pro číslo 2 je právě zadaná rovina.","The response constructs a basis of the prescribed eigenspace, adjoins the given eigenvector for eigenvalue 3, represents the operator by diag(2,2,3), and correctly converts it to the canonical basis, obtaining the required matrix."
"du05_2","3248","4","true","Správně volíte bázi roviny vlastních vektorů pro vlastní číslo 2, doplníte ji vektorem (1,1,1)^T pro vlastní číslo 3 a převodem z diagonální matice získáte správnou matici A. Konstrukce zároveň zajišťuje, že vlastní prostor pro číslo 2 je právě zadaná rovina.","The response constructs a basis of the prescribed eigenspace, adjoins the given eigenvector for eigenvalue 3, represents the operator by diag(2,2,3), and correctly converts it to the canonical basis, obtaining the required matrix."
"du05_2","3253","4","true","Správně volíte bázi roviny vlastních vektorů pro vlastní číslo 2, doplníte ji vektorem (1,1,1)^T pro vlastní číslo 3 a převodem z diagonální matice získáte správnou matici A. Konstrukce zároveň zajišťuje, že vlastní prostor pro číslo 2 je právě zadaná rovina.","The response constructs a basis of the prescribed eigenspace, adjoins the given eigenvector for eigenvalue 3, represents the operator by diag(2,2,3), and correctly converts it to the canonical basis, obtaining the required matrix."
"du05_2","3254","4","true","Správně volíte bázi roviny vlastních vektorů pro vlastní číslo 2, doplníte ji vektorem (1,1,1)^T pro vlastní číslo 3 a převodem z diagonální matice získáte správnou matici A. Konstrukce zároveň zajišťuje, že vlastní prostor pro číslo 2 je právě zadaná rovina.","The response constructs a basis of the prescribed eigenspace, adjoins the given eigenvector for eigenvalue 3, represents the operator by diag(2,2,3), and correctly converts it to the canonical basis, obtaining the required matrix."
"du05_2","3259","4","true","Správně volíte bázi roviny vlastních vektorů pro vlastní číslo 2, doplníte ji vektorem (1,1,1)^T pro vlastní číslo 3 a převodem z diagonální matice získáte správnou matici A. Konstrukce zároveň zajišťuje, že vlastní prostor pro číslo 2 je právě zadaná rovina.","The response constructs a basis of the prescribed eigenspace, adjoins the given eigenvector for eigenvalue 3, represents the operator by diag(2,2,3), and correctly converts it to the canonical basis, obtaining the required matrix."
"du05_2","3260","4","true","Správně volíte bázi roviny vlastních vektorů pro vlastní číslo 2, doplníte ji vektorem (1,1,1)^T pro vlastní číslo 3 a převodem z diagonální matice získáte správnou matici A. Konstrukce zároveň zajišťuje, že vlastní prostor pro číslo 2 je právě zadaná rovina.","The response constructs a basis of the prescribed eigenspace, adjoins the given eigenvector for eigenvalue 3, represents the operator by diag(2,2,3), and correctly converts it to the canonical basis, obtaining the required matrix."
"du05_2","3264","4","true","Správně volíte bázi roviny vlastních vektorů pro vlastní číslo 2, doplníte ji vektorem (1,1,1)^T pro vlastní číslo 3 a převodem z diagonální matice získáte správnou matici A. Konstrukce zároveň zajišťuje, že vlastní prostor pro číslo 2 je právě zadaná rovina.","The response constructs a basis of the prescribed eigenspace, adjoins the given eigenvector for eigenvalue 3, represents the operator by diag(2,2,3), and correctly converts it to the canonical basis, obtaining the required matrix."
"du05_2","3265","4","true","Správně volíte bázi roviny vlastních vektorů pro vlastní číslo 2, doplníte ji vektorem (1,1,1)^T pro vlastní číslo 3 a převodem z diagonální matice získáte správnou matici A. Konstrukce zároveň zajišťuje, že vlastní prostor pro číslo 2 je právě zadaná rovina.","The response constructs a basis of the prescribed eigenspace, adjoins the given eigenvector for eigenvalue 3, represents the operator by diag(2,2,3), and correctly converts it to the canonical basis, obtaining the required matrix."
"du05_2","3268","4","true","Správně volíte bázi roviny vlastních vektorů pro vlastní číslo 2, doplníte ji vektorem (1,1,1)^T pro vlastní číslo 3 a převodem z diagonální matice získáte správnou matici A. Konstrukce zároveň zajišťuje, že vlastní prostor pro číslo 2 je právě zadaná rovina.","The response constructs a basis of the prescribed eigenspace, adjoins the given eigenvector for eigenvalue 3, represents the operator by diag(2,2,3), and correctly converts it to the canonical basis, obtaining the required matrix."
"du05_2","3269","4","true","Správně volíte bázi roviny vlastních vektorů pro vlastní číslo 2, doplníte ji vektorem (1,1,1)^T pro vlastní číslo 3 a převodem z diagonální matice získáte správnou matici A. Konstrukce zároveň zajišťuje, že vlastní prostor pro číslo 2 je právě zadaná rovina.","The response constructs a basis of the prescribed eigenspace, adjoins the given eigenvector for eigenvalue 3, represents the operator by diag(2,2,3), and correctly converts it to the canonical basis, obtaining the required matrix."
"du05_2","3271","4","true","Správně volíte bázi roviny vlastních vektorů pro vlastní číslo 2, doplníte ji vektorem (1,1,1)^T pro vlastní číslo 3 a převodem z diagonální matice získáte správnou matici A. Konstrukce zároveň zajišťuje, že vlastní prostor pro číslo 2 je právě zadaná rovina.","The response constructs a basis of the prescribed eigenspace, adjoins the given eigenvector for eigenvalue 3, represents the operator by diag(2,2,3), and correctly converts it to the canonical basis, obtaining the required matrix."
"du05_2","3272","4","true","Správně volíte bázi roviny vlastních vektorů pro vlastní číslo 2, doplníte ji vektorem (1,1,1)^T pro vlastní číslo 3 a převodem z diagonální matice získáte správnou matici A. Konstrukce zároveň zajišťuje, že vlastní prostor pro číslo 2 je právě zadaná rovina.","The response constructs a basis of the prescribed eigenspace, adjoins the given eigenvector for eigenvalue 3, represents the operator by diag(2,2,3), and correctly converts it to the canonical basis, obtaining the required matrix."
"du05_2","3273","4","true","Správně volíte bázi roviny vlastních vektorů pro vlastní číslo 2, doplníte ji vektorem (1,1,1)^T pro vlastní číslo 3 a převodem z diagonální matice získáte správnou matici A. Konstrukce zároveň zajišťuje, že vlastní prostor pro číslo 2 je právě zadaná rovina.","The response constructs a basis of the prescribed eigenspace, adjoins the given eigenvector for eigenvalue 3, represents the operator by diag(2,2,3), and correctly converts it to the canonical basis, obtaining the required matrix."
"du05_2","3275","4","true","Správně volíte bázi roviny vlastních vektorů pro vlastní číslo 2, doplníte ji vektorem (1,1,1)^T pro vlastní číslo 3 a převodem z diagonální matice získáte správnou matici A. Konstrukce zároveň zajišťuje, že vlastní prostor pro číslo 2 je právě zadaná rovina.","The response constructs a basis of the prescribed eigenspace, adjoins the given eigenvector for eigenvalue 3, represents the operator by diag(2,2,3), and correctly converts it to the canonical basis, obtaining the required matrix."
"du05_2","3277","4","true","Správně volíte bázi roviny vlastních vektorů pro vlastní číslo 2, doplníte ji vektorem (1,1,1)^T pro vlastní číslo 3 a převodem z diagonální matice získáte správnou matici A. Konstrukce zároveň zajišťuje, že vlastní prostor pro číslo 2 je právě zadaná rovina.","The response constructs a basis of the prescribed eigenspace, adjoins the given eigenvector for eigenvalue 3, represents the operator by diag(2,2,3), and correctly converts it to the canonical basis, obtaining the required matrix."
"du05_2","3281","4","true","Správně volíte bázi roviny vlastních vektorů pro vlastní číslo 2, doplníte ji vektorem (1,1,1)^T pro vlastní číslo 3 a převodem z diagonální matice získáte správnou matici A. Konstrukce zároveň zajišťuje, že vlastní prostor pro číslo 2 je právě zadaná rovina.","The response constructs a basis of the prescribed eigenspace, adjoins the given eigenvector for eigenvalue 3, represents the operator by diag(2,2,3), and correctly converts it to the canonical basis, obtaining the required matrix."
"du05_2","3283","4","true","Správně volíte bázi roviny vlastních vektorů pro vlastní číslo 2, doplníte ji vektorem (1,1,1)^T pro vlastní číslo 3 a převodem z diagonální matice získáte správnou matici A. Konstrukce zároveň zajišťuje, že vlastní prostor pro číslo 2 je právě zadaná rovina.","The response constructs a basis of the prescribed eigenspace, adjoins the given eigenvector for eigenvalue 3, represents the operator by diag(2,2,3), and correctly converts it to the canonical basis, obtaining the required matrix."
"du05_2","3284","4","true","Správně volíte bázi roviny vlastních vektorů pro vlastní číslo 2, doplníte ji vektorem (1,1,1)^T pro vlastní číslo 3 a převodem z diagonální matice získáte správnou matici A. Konstrukce zároveň zajišťuje, že vlastní prostor pro číslo 2 je právě zadaná rovina.","The response constructs a basis of the prescribed eigenspace, adjoins the given eigenvector for eigenvalue 3, represents the operator by diag(2,2,3), and correctly converts it to the canonical basis, obtaining the required matrix."
"du05_2","3288","4","true","Správně volíte bázi roviny vlastních vektorů pro vlastní číslo 2, doplníte ji vektorem (1,1,1)^T pro vlastní číslo 3 a převodem z diagonální matice získáte správnou matici A. Konstrukce zároveň zajišťuje, že vlastní prostor pro číslo 2 je právě zadaná rovina.","The response constructs a basis of the prescribed eigenspace, adjoins the given eigenvector for eigenvalue 3, represents the operator by diag(2,2,3), and correctly converts it to the canonical basis, obtaining the required matrix."
"du05_2","3294","4","true","Správně volíte bázi roviny vlastních vektorů pro vlastní číslo 2, doplníte ji vektorem (1,1,1)^T pro vlastní číslo 3 a převodem z diagonální matice získáte správnou matici A. Konstrukce zároveň zajišťuje, že vlastní prostor pro číslo 2 je právě zadaná rovina.","The response constructs a basis of the prescribed eigenspace, adjoins the given eigenvector for eigenvalue 3, represents the operator by diag(2,2,3), and correctly converts it to the canonical basis, obtaining the required matrix."
"du05_2","3295","4","true","Správně volíte bázi roviny vlastních vektorů pro vlastní číslo 2, doplníte ji vektorem (1,1,1)^T pro vlastní číslo 3 a převodem z diagonální matice získáte správnou matici A. Konstrukce zároveň zajišťuje, že vlastní prostor pro číslo 2 je právě zadaná rovina.","The response constructs a basis of the prescribed eigenspace, adjoins the given eigenvector for eigenvalue 3, represents the operator by diag(2,2,3), and correctly converts it to the canonical basis, obtaining the required matrix."
"du05_2","3299","4","true","Správně volíte bázi roviny vlastních vektorů pro vlastní číslo 2, doplníte ji vektorem (1,1,1)^T pro vlastní číslo 3 a převodem z diagonální matice získáte správnou matici A. Konstrukce zároveň zajišťuje, že vlastní prostor pro číslo 2 je právě zadaná rovina.","The response constructs a basis of the prescribed eigenspace, adjoins the given eigenvector for eigenvalue 3, represents the operator by diag(2,2,3), and correctly converts it to the canonical basis, obtaining the required matrix."
"du05_2","3300","4","true","Správně volíte bázi roviny vlastních vektorů pro vlastní číslo 2, doplníte ji vektorem (1,1,1)^T pro vlastní číslo 3 a převodem z diagonální matice získáte správnou matici A. Konstrukce zároveň zajišťuje, že vlastní prostor pro číslo 2 je právě zadaná rovina.","The response constructs a basis of the prescribed eigenspace, adjoins the given eigenvector for eigenvalue 3, represents the operator by diag(2,2,3), and correctly converts it to the canonical basis, obtaining the required matrix."
"du05_2","3301","4","true","Správně volíte bázi roviny vlastních vektorů pro vlastní číslo 2, doplníte ji vektorem (1,1,1)^T pro vlastní číslo 3 a převodem z diagonální matice získáte správnou matici A. Konstrukce zároveň zajišťuje, že vlastní prostor pro číslo 2 je právě zadaná rovina.","The response constructs a basis of the prescribed eigenspace, adjoins the given eigenvector for eigenvalue 3, represents the operator by diag(2,2,3), and correctly converts it to the canonical basis, obtaining the required matrix."
"du05_2","3305","4","true","Správně volíte bázi roviny vlastních vektorů pro vlastní číslo 2, doplníte ji vektorem (1,1,1)^T pro vlastní číslo 3 a převodem z diagonální matice získáte správnou matici A. Konstrukce zároveň zajišťuje, že vlastní prostor pro číslo 2 je právě zadaná rovina.","The response constructs a basis of the prescribed eigenspace, adjoins the given eigenvector for eigenvalue 3, represents the operator by diag(2,2,3), and correctly converts it to the canonical basis, obtaining the required matrix."
"du05_2","3308","4","true","Správně volíte bázi roviny vlastních vektorů pro vlastní číslo 2, doplníte ji vektorem (1,1,1)^T pro vlastní číslo 3 a převodem z diagonální matice získáte správnou matici A. Konstrukce zároveň zajišťuje, že vlastní prostor pro číslo 2 je právě zadaná rovina.","The response constructs a basis of the prescribed eigenspace, adjoins the given eigenvector for eigenvalue 3, represents the operator by diag(2,2,3), and correctly converts it to the canonical basis, obtaining the required matrix."
"du05_2","3309","4","true","Správně volíte bázi roviny vlastních vektorů pro vlastní číslo 2, doplníte ji vektorem (1,1,1)^T pro vlastní číslo 3 a převodem z diagonální matice získáte správnou matici A. Konstrukce zároveň zajišťuje, že vlastní prostor pro číslo 2 je právě zadaná rovina.","The response constructs a basis of the prescribed eigenspace, adjoins the given eigenvector for eigenvalue 3, represents the operator by diag(2,2,3), and correctly converts it to the canonical basis, obtaining the required matrix."
"du05_2","3310","4","true","Správně volíte bázi roviny vlastních vektorů pro vlastní číslo 2, doplníte ji vektorem (1,1,1)^T pro vlastní číslo 3 a převodem z diagonální matice získáte správnou matici A. Konstrukce zároveň zajišťuje, že vlastní prostor pro číslo 2 je právě zadaná rovina.","The response constructs a basis of the prescribed eigenspace, adjoins the given eigenvector for eigenvalue 3, represents the operator by diag(2,2,3), and correctly converts it to the canonical basis, obtaining the required matrix."
"du05_2","3314","4","true","Správně volíte bázi roviny vlastních vektorů pro vlastní číslo 2, doplníte ji vektorem (1,1,1)^T pro vlastní číslo 3 a převodem z diagonální matice získáte správnou matici A. Konstrukce zároveň zajišťuje, že vlastní prostor pro číslo 2 je právě zadaná rovina.","The response constructs a basis of the prescribed eigenspace, adjoins the given eigenvector for eigenvalue 3, represents the operator by diag(2,2,3), and correctly converts it to the canonical basis, obtaining the required matrix."
"du05_2","3316","4","true","Správně volíte bázi roviny vlastních vektorů pro vlastní číslo 2, doplníte ji vektorem (1,1,1)^T pro vlastní číslo 3 a převodem z diagonální matice získáte správnou matici A. Konstrukce zároveň zajišťuje, že vlastní prostor pro číslo 2 je právě zadaná rovina.","The response constructs a basis of the prescribed eigenspace, adjoins the given eigenvector for eigenvalue 3, represents the operator by diag(2,2,3), and correctly converts it to the canonical basis, obtaining the required matrix."
"du05_2","3318","4","true","Správně volíte bázi roviny vlastních vektorů pro vlastní číslo 2, doplníte ji vektorem (1,1,1)^T pro vlastní číslo 3 a převodem z diagonální matice získáte správnou matici A. Konstrukce zároveň zajišťuje, že vlastní prostor pro číslo 2 je právě zadaná rovina.","The response constructs a basis of the prescribed eigenspace, adjoins the given eigenvector for eigenvalue 3, represents the operator by diag(2,2,3), and correctly converts it to the canonical basis, obtaining the required matrix."
"du05_2","3320","4","true","Správně volíte bázi roviny vlastních vektorů pro vlastní číslo 2, doplníte ji vektorem (1,1,1)^T pro vlastní číslo 3 a převodem z diagonální matice získáte správnou matici A. Konstrukce zároveň zajišťuje, že vlastní prostor pro číslo 2 je právě zadaná rovina.","The response constructs a basis of the prescribed eigenspace, adjoins the given eigenvector for eigenvalue 3, represents the operator by diag(2,2,3), and correctly converts it to the canonical basis, obtaining the required matrix."
"du05_2","3326","4","true","Správně volíte bázi roviny vlastních vektorů pro vlastní číslo 2, doplníte ji vektorem (1,1,1)^T pro vlastní číslo 3 a převodem z diagonální matice získáte správnou matici A. Konstrukce zároveň zajišťuje, že vlastní prostor pro číslo 2 je právě zadaná rovina.","The response constructs a basis of the prescribed eigenspace, adjoins the given eigenvector for eigenvalue 3, represents the operator by diag(2,2,3), and correctly converts it to the canonical basis, obtaining the required matrix."
"du05_2","3329","4","true","Správně volíte bázi roviny vlastních vektorů pro vlastní číslo 2, doplníte ji vektorem (1,1,1)^T pro vlastní číslo 3 a převodem z diagonální matice získáte správnou matici A. Konstrukce zároveň zajišťuje, že vlastní prostor pro číslo 2 je právě zadaná rovina.","The response constructs a basis of the prescribed eigenspace, adjoins the given eigenvector for eigenvalue 3, represents the operator by diag(2,2,3), and correctly converts it to the canonical basis, obtaining the required matrix."
"du05_2","3332","4","true","Správně volíte bázi roviny vlastních vektorů pro vlastní číslo 2, doplníte ji vektorem (1,1,1)^T pro vlastní číslo 3 a převodem z diagonální matice získáte správnou matici A. Konstrukce zároveň zajišťuje, že vlastní prostor pro číslo 2 je právě zadaná rovina.","The response constructs a basis of the prescribed eigenspace, adjoins the given eigenvector for eigenvalue 3, represents the operator by diag(2,2,3), and correctly converts it to the canonical basis, obtaining the required matrix."
"du05_2","3340","4","true","Správně volíte bázi roviny vlastních vektorů pro vlastní číslo 2, doplníte ji vektorem (1,1,1)^T pro vlastní číslo 3 a převodem z diagonální matice získáte správnou matici A. Konstrukce zároveň zajišťuje, že vlastní prostor pro číslo 2 je právě zadaná rovina.","The response constructs a basis of the prescribed eigenspace, adjoins the given eigenvector for eigenvalue 3, represents the operator by diag(2,2,3), and correctly converts it to the canonical basis, obtaining the required matrix."
"du05_2","3345","4","true","Správně volíte bázi roviny vlastních vektorů pro vlastní číslo 2, doplníte ji vektorem (1,1,1)^T pro vlastní číslo 3 a převodem z diagonální matice získáte správnou matici A. Konstrukce zároveň zajišťuje, že vlastní prostor pro číslo 2 je právě zadaná rovina.","The response constructs a basis of the prescribed eigenspace, adjoins the given eigenvector for eigenvalue 3, represents the operator by diag(2,2,3), and correctly converts it to the canonical basis, obtaining the required matrix."
"du05_2","3347","4","true","Správně volíte bázi roviny vlastních vektorů pro vlastní číslo 2, doplníte ji vektorem (1,1,1)^T pro vlastní číslo 3 a převodem z diagonální matice získáte správnou matici A. Konstrukce zároveň zajišťuje, že vlastní prostor pro číslo 2 je právě zadaná rovina.","The response constructs a basis of the prescribed eigenspace, adjoins the given eigenvector for eigenvalue 3, represents the operator by diag(2,2,3), and correctly converts it to the canonical basis, obtaining the required matrix."
"du05_2","3351","4","true","Správně volíte bázi roviny vlastních vektorů pro vlastní číslo 2, doplníte ji vektorem (1,1,1)^T pro vlastní číslo 3 a převodem z diagonální matice získáte správnou matici A. Konstrukce zároveň zajišťuje, že vlastní prostor pro číslo 2 je právě zadaná rovina.","The response constructs a basis of the prescribed eigenspace, adjoins the given eigenvector for eigenvalue 3, represents the operator by diag(2,2,3), and correctly converts it to the canonical basis, obtaining the required matrix."
"du05_2","3403","4","true","Správně volíte bázi roviny vlastních vektorů pro vlastní číslo 2, doplníte ji vektorem (1,1,1)^T pro vlastní číslo 3 a převodem z diagonální matice získáte správnou matici A. Konstrukce zároveň zajišťuje, že vlastní prostor pro číslo 2 je právě zadaná rovina.","The response constructs a basis of the prescribed eigenspace, adjoins the given eigenvector for eigenvalue 3, represents the operator by diag(2,2,3), and correctly converts it to the canonical basis, obtaining the required matrix."
"du05_2","3407","4","true","Správně volíte bázi roviny vlastních vektorů pro vlastní číslo 2, doplníte ji vektorem (1,1,1)^T pro vlastní číslo 3 a převodem z diagonální matice získáte správnou matici A. Konstrukce zároveň zajišťuje, že vlastní prostor pro číslo 2 je právě zadaná rovina.","The response constructs a basis of the prescribed eigenspace, adjoins the given eigenvector for eigenvalue 3, represents the operator by diag(2,2,3), and correctly converts it to the canonical basis, obtaining the required matrix."
"du06_1","273","3","false","Části (a)–(c) jsou správně. V (d) však argument pracuje jen s lichým řádem matice, zatímco zadání připouští libovolné k. Pro sudé k proto chybí platný důkaz, že 0 je vlastním číslem.","Parts (a)–(c) are correct, but part (d) relies on an argument that only addresses odd matrix order; the problem allows arbitrary k, so existence of the zero eigenvalue is not proved in general."
"du06_1","534","4","true","Správně rozhodujete všechna čtyři tvrzení. U (a) a (c) korektně pracujete s nenulovým vlastním vektorem a mocninami vlastního čísla, u (b) uvádíte konkrétní protipříklad a u (d) platně zdůvodňujete existenci vlastního čísla 0.","The response classifies all four statements correctly and supplies valid eigenvector arguments, the identity counterexample, and a sound proof that a nilpotent matrix is singular."
"du06_1","1500","4","true","Správně rozhodujete všechna čtyři tvrzení. U (a) a (c) korektně pracujete s nenulovým vlastním vektorem a mocninami vlastního čísla, u (b) uvádíte konkrétní protipříklad a u (d) platně zdůvodňujete existenci vlastního čísla 0.","The response classifies all four statements correctly and supplies valid eigenvector arguments, the identity counterexample, and a sound proof that a nilpotent matrix is singular."
"du06_1","1654","4","true","Správně rozhodujete všechna čtyři tvrzení. U (a) a (c) korektně pracujete s nenulovým vlastním vektorem a mocninami vlastního čísla, u (b) uvádíte konkrétní protipříklad a u (d) platně zdůvodňujete existenci vlastního čísla 0.","The response classifies all four statements correctly and supplies valid eigenvector arguments, the identity counterexample, and a sound proof that a nilpotent matrix is singular."
"du06_1","1771","4","true","Správně rozhodujete všechna čtyři tvrzení. U (a) a (c) korektně pracujete s nenulovým vlastním vektorem a mocninami vlastního čísla, u (b) uvádíte konkrétní protipříklad a u (d) platně zdůvodňujete existenci vlastního čísla 0.","The response classifies all four statements correctly and supplies valid eigenvector arguments, the identity counterexample, and a sound proof that a nilpotent matrix is singular."
"du06_1","1989","4","true","Správně rozhodujete všechna čtyři tvrzení. U (a) a (c) korektně pracujete s nenulovým vlastním vektorem a mocninami vlastního čísla, u (b) uvádíte konkrétní protipříklad a u (d) platně zdůvodňujete existenci vlastního čísla 0.","The response classifies all four statements correctly and supplies valid eigenvector arguments, the identity counterexample, and a sound proof that a nilpotent matrix is singular."
"du06_1","2182","4","true","Správně rozhodujete všechna čtyři tvrzení. U (a) a (c) korektně pracujete s nenulovým vlastním vektorem a mocninami vlastního čísla, u (b) uvádíte konkrétní protipříklad a u (d) platně zdůvodňujete existenci vlastního čísla 0.","The response classifies all four statements correctly and supplies valid eigenvector arguments, the identity counterexample, and a sound proof that a nilpotent matrix is singular."
"du06_1","2202","3","false","Části (a)–(c) jsou správně. V (d) se ale úvaha o charakteristickém polynomu opírá o existenci vlastního čísla, kterou máte teprve dokázat; existence vlastního čísla 0 tedy není prokázána.","Parts (a)–(c) are correct, but the discussion of the characteristic polynomial in (d) is circular and never establishes that a nilpotent real matrix has an eigenvalue."
"du06_1","2377","3","false","Části (a)–(c) jsou správně. V (d) pouze tvrdíte, že z A^n=0 musí existovat nenulový vektor v s Av=0, ale tento klíčový krok nijak nezdůvodňujete. Důkaz existence vlastního vektoru pro vlastní číslo 0 tak chybí.","Parts (a)–(c) are correct, but part (d) simply asserts that A^n=0 yields a nonzero vector v with Av=0; this is precisely the missing claim and is not justified."
"du06_1","2430","4","true","Správně rozhodujete všechna čtyři tvrzení. U (a) a (c) korektně pracujete s nenulovým vlastním vektorem a mocninami vlastního čísla, u (b) uvádíte konkrétní protipříklad a u (d) platně zdůvodňujete existenci vlastního čísla 0.","The response classifies all four statements correctly and supplies valid eigenvector arguments, the identity counterexample, and a sound proof that a nilpotent matrix is singular."
"du06_1","2464","4","true","Správně rozhodujete všechna čtyři tvrzení. U (a) a (c) korektně pracujete s nenulovým vlastním vektorem a mocninami vlastního čísla, u (b) uvádíte konkrétní protipříklad a u (d) platně zdůvodňujete existenci vlastního čísla 0.","The response classifies all four statements correctly and supplies valid eigenvector arguments, the identity counterexample, and a sound proof that a nilpotent matrix is singular."
"du06_1","2492","4","true","Správně rozhodujete všechna čtyři tvrzení. U (a) a (c) korektně pracujete s nenulovým vlastním vektorem a mocninami vlastního čísla, u (b) uvádíte konkrétní protipříklad a u (d) platně zdůvodňujete existenci vlastního čísla 0.","The response classifies all four statements correctly and supplies valid eigenvector arguments, the identity counterexample, and a sound proof that a nilpotent matrix is singular."
"du06_1","2518","3","false","Části (a)–(c) jsou správně. V (d) nelze samotnou část (c) použít k důkazu existence vlastního čísla: (c) pouze říká, jaké musí být vlastní číslo, pokud už existuje. Chybí tedy důkaz existence vlastního čísla 0.","Parts (a)–(c) are correct, but part (d) invokes (c), which is only conditional on an eigenvalue already existing, and therefore does not prove that 0 is an eigenvalue."
"du06_1","2542","4","true","Správně rozhodujete všechna čtyři tvrzení. U (a) a (c) korektně pracujete s nenulovým vlastním vektorem a mocninami vlastního čísla, u (b) uvádíte konkrétní protipříklad a u (d) platně zdůvodňujete existenci vlastního čísla 0.","The response classifies all four statements correctly and supplies valid eigenvector arguments, the identity counterexample, and a sound proof that a nilpotent matrix is singular."
"du06_1","2736","4","true","Správně rozhodujete všechna čtyři tvrzení. U (a) a (c) korektně pracujete s nenulovým vlastním vektorem a mocninami vlastního čísla, u (b) uvádíte konkrétní protipříklad a u (d) platně zdůvodňujete existenci vlastního čísla 0.","The response classifies all four statements correctly and supplies valid eigenvector arguments, the identity counterexample, and a sound proof that a nilpotent matrix is singular."
"du06_1","2743","4","true","Správně rozhodujete všechna čtyři tvrzení. U (a) a (c) korektně pracujete s nenulovým vlastním vektorem a mocninami vlastního čísla, u (b) uvádíte konkrétní protipříklad a u (d) platně zdůvodňujete existenci vlastního čísla 0.","The response classifies all four statements correctly and supplies valid eigenvector arguments, the identity counterexample, and a sound proof that a nilpotent matrix is singular."
"du06_1","2760","4","true","Správně rozhodujete všechna čtyři tvrzení. U (a) a (c) korektně pracujete s nenulovým vlastním vektorem a mocninami vlastního čísla, u (b) uvádíte konkrétní protipříklad a u (d) platně zdůvodňujete existenci vlastního čísla 0.","The response classifies all four statements correctly and supplies valid eigenvector arguments, the identity counterexample, and a sound proof that a nilpotent matrix is singular."
"du06_1","2763","4","true","Správně rozhodujete všechna čtyři tvrzení. U (a) a (c) korektně pracujete s nenulovým vlastním vektorem a mocninami vlastního čísla, u (b) uvádíte konkrétní protipříklad a u (d) platně zdůvodňujete existenci vlastního čísla 0.","The response classifies all four statements correctly and supplies valid eigenvector arguments, the identity counterexample, and a sound proof that a nilpotent matrix is singular."
"du06_1","2764","4","true","Správně rozhodujete všechna čtyři tvrzení. U (a) a (c) korektně pracujete s nenulovým vlastním vektorem a mocninami vlastního čísla, u (b) uvádíte konkrétní protipříklad a u (d) platně zdůvodňujete existenci vlastního čísla 0.","The response classifies all four statements correctly and supplies valid eigenvector arguments, the identity counterexample, and a sound proof that a nilpotent matrix is singular."
"du06_1","2766","4","true","Správně rozhodujete všechna čtyři tvrzení. U (a) a (c) korektně pracujete s nenulovým vlastním vektorem a mocninami vlastního čísla, u (b) uvádíte konkrétní protipříklad a u (d) platně zdůvodňujete existenci vlastního čísla 0.","The response classifies all four statements correctly and supplies valid eigenvector arguments, the identity counterexample, and a sound proof that a nilpotent matrix is singular."
"du06_1","2771","4","true","Správně rozhodujete všechna čtyři tvrzení. U (a) a (c) korektně pracujete s nenulovým vlastním vektorem a mocninami vlastního čísla, u (b) uvádíte konkrétní protipříklad a u (d) platně zdůvodňujete existenci vlastního čísla 0.","The response classifies all four statements correctly and supplies valid eigenvector arguments, the identity counterexample, and a sound proof that a nilpotent matrix is singular."
"du06_1","2815","3.5","false","Výsledná rozhodnutí jsou správná. V (c) však bez zdůvodnění předpokládáte, že A^(n−1)u je nenulový vektor; pro libovolný vlastní vektor to platit nemusí. Tuto mezeru je třeba odstranit, aby byl důkaz úplný.","The conclusions are correct, but in (c) the response assumes without justification that A^(n-1)u is nonzero. This need not hold for an arbitrary eigenvector, so the written argument has a genuine logical gap."
"du06_1","2826","4","true","Správně rozhodujete všechna čtyři tvrzení. U (a) a (c) korektně pracujete s nenulovým vlastním vektorem a mocninami vlastního čísla, u (b) uvádíte konkrétní protipříklad a u (d) platně zdůvodňujete existenci vlastního čísla 0.","The response classifies all four statements correctly and supplies valid eigenvector arguments, the identity counterexample, and a sound proof that a nilpotent matrix is singular."
"du06_1","2847","4","true","Správně rozhodujete všechna čtyři tvrzení. U (a) a (c) korektně pracujete s nenulovým vlastním vektorem a mocninami vlastního čísla, u (b) uvádíte konkrétní protipříklad a u (d) platně zdůvodňujete existenci vlastního čísla 0.","The response classifies all four statements correctly and supplies valid eigenvector arguments, the identity counterexample, and a sound proof that a nilpotent matrix is singular."
"du06_1","2860","4","true","Správně rozhodujete všechna čtyři tvrzení. U (a) a (c) korektně pracujete s nenulovým vlastním vektorem a mocninami vlastního čísla, u (b) uvádíte konkrétní protipříklad a u (d) platně zdůvodňujete existenci vlastního čísla 0.","The response classifies all four statements correctly and supplies valid eigenvector arguments, the identity counterexample, and a sound proof that a nilpotent matrix is singular."
"du06_1","2862","4","true","Správně rozhodujete všechna čtyři tvrzení. U (a) a (c) korektně pracujete s nenulovým vlastním vektorem a mocninami vlastního čísla, u (b) uvádíte konkrétní protipříklad a u (d) platně zdůvodňujete existenci vlastního čísla 0.","The response classifies all four statements correctly and supplies valid eigenvector arguments, the identity counterexample, and a sound proof that a nilpotent matrix is singular."
"du06_1","2865","3","false","Části (a)–(c) jsou správně. V (d) úvaha o regularitě nedospěje ke sporu; násobení rovnosti A^n=0 pouze znovu dává nulovou matici. Singularita A, a tím ani existence vlastního čísla 0, není dokázána.","Parts (a)–(c) are correct, but the regularity argument in (d) never derives a contradiction: multiplying the equality A^n=0 only reproduces zero, so singularity of A is merely asserted."
"du06_1","2866","4","true","Správně rozhodujete všechna čtyři tvrzení. U (a) a (c) korektně pracujete s nenulovým vlastním vektorem a mocninami vlastního čísla, u (b) uvádíte konkrétní protipříklad a u (d) platně zdůvodňujete existenci vlastního čísla 0.","The response classifies all four statements correctly and supplies valid eigenvector arguments, the identity counterexample, and a sound proof that a nilpotent matrix is singular."
"du06_1","2868","4","true","Správně rozhodujete všechna čtyři tvrzení. U (a) a (c) korektně pracujete s nenulovým vlastním vektorem a mocninami vlastního čísla, u (b) uvádíte konkrétní protipříklad a u (d) platně zdůvodňujete existenci vlastního čísla 0.","The response classifies all four statements correctly and supplies valid eigenvector arguments, the identity counterexample, and a sound proof that a nilpotent matrix is singular."
"du06_1","2869","4","true","Správně rozhodujete všechna čtyři tvrzení. U (a) a (c) korektně pracujete s nenulovým vlastním vektorem a mocninami vlastního čísla, u (b) uvádíte konkrétní protipříklad a u (d) platně zdůvodňujete existenci vlastního čísla 0.","The response classifies all four statements correctly and supplies valid eigenvector arguments, the identity counterexample, and a sound proof that a nilpotent matrix is singular."
"du06_1","2874","3","false","Části (a)–(c) jsou správně. V (d) znovu provádíte výpočet pro předem předpokládané vlastní číslo; tím ale neprokazujete, že nějaké vlastní číslo vůbec existuje. Chybí důkaz existence vlastního čísla 0.","Parts (a)–(c) are correct, but part (d) only repeats the conditional computation for an assumed eigenvalue and never proves that any eigenvalue, specifically zero, exists."
"du06_1","2876","4","true","Správně rozhodujete všechna čtyři tvrzení. U (a) a (c) korektně pracujete s nenulovým vlastním vektorem a mocninami vlastního čísla, u (b) uvádíte konkrétní protipříklad a u (d) platně zdůvodňujete existenci vlastního čísla 0.","The response classifies all four statements correctly and supplies valid eigenvector arguments, the identity counterexample, and a sound proof that a nilpotent matrix is singular."
"du06_1","2877","3","false","Části (a), (b) a (d) jsou správně. V (c) však předpokládáte, že libovolná matice má bázi z vlastních vektorů a je diagonalizovatelná, což obecně neplatí. Důkaz (c) je proto neplatný.","Parts (a), (b), and (d) are correct, but (c) assumes that an arbitrary matrix has a basis of eigenvectors and can be diagonalized. That claim is false, so the proof of (c) is invalid."
"du06_1","2887","4","true","Správně rozhodujete všechna čtyři tvrzení. U (a) a (c) korektně pracujete s nenulovým vlastním vektorem a mocninami vlastního čísla, u (b) uvádíte konkrétní protipříklad a u (d) platně zdůvodňujete existenci vlastního čísla 0.","The response classifies all four statements correctly and supplies valid eigenvector arguments, the identity counterexample, and a sound proof that a nilpotent matrix is singular."
"du06_1","2888","4","true","Správně rozhodujete všechna čtyři tvrzení. U (a) a (c) korektně pracujete s nenulovým vlastním vektorem a mocninami vlastního čísla, u (b) uvádíte konkrétní protipříklad a u (d) platně zdůvodňujete existenci vlastního čísla 0.","The response classifies all four statements correctly and supplies valid eigenvector arguments, the identity counterexample, and a sound proof that a nilpotent matrix is singular."
"du06_1","2892","3.5","false","Řešení je věcně téměř úplné. V (c) však píšete λ^n I=0 místo potřebné rovnosti λ^n v=0 pro nenulový vlastní vektor v. Zamýšlený argument je zřejmý, ale uvedená rovnost není vepsaná správně.","The solution is essentially correct, but in (c) it writes λ^n I=0 instead of the needed vector equality λ^n v=0. The intended eigenvector argument is evident but the displayed statement is not correct as written."
"du06_1","2899","4","true","Správně rozhodujete všechna čtyři tvrzení. U (a) a (c) korektně pracujete s nenulovým vlastním vektorem a mocninami vlastního čísla, u (b) uvádíte konkrétní protipříklad a u (d) platně zdůvodňujete existenci vlastního čísla 0.","The response classifies all four statements correctly and supplies valid eigenvector arguments, the identity counterexample, and a sound proof that a nilpotent matrix is singular."
"du06_1","2900","4","true","Správně rozhodujete všechna čtyři tvrzení. U (a) a (c) korektně pracujete s nenulovým vlastním vektorem a mocninami vlastního čísla, u (b) uvádíte konkrétní protipříklad a u (d) platně zdůvodňujete existenci vlastního čísla 0.","The response classifies all four statements correctly and supplies valid eigenvector arguments, the identity counterexample, and a sound proof that a nilpotent matrix is singular."
"du06_1","2903","4","true","Správně rozhodujete všechna čtyři tvrzení. U (a) a (c) korektně pracujete s nenulovým vlastním vektorem a mocninami vlastního čísla, u (b) uvádíte konkrétní protipříklad a u (d) platně zdůvodňujete existenci vlastního čísla 0.","The response classifies all four statements correctly and supplies valid eigenvector arguments, the identity counterexample, and a sound proof that a nilpotent matrix is singular."
"du06_1","2918","4","true","Správně rozhodujete všechna čtyři tvrzení. U (a) a (c) korektně pracujete s nenulovým vlastním vektorem a mocninami vlastního čísla, u (b) uvádíte konkrétní protipříklad a u (d) platně zdůvodňujete existenci vlastního čísla 0.","The response classifies all four statements correctly and supplies valid eigenvector arguments, the identity counterexample, and a sound proof that a nilpotent matrix is singular."
"du06_1","2922","4","true","Správně rozhodujete všechna čtyři tvrzení. U (a) a (c) korektně pracujete s nenulovým vlastním vektorem a mocninami vlastního čísla, u (b) uvádíte konkrétní protipříklad a u (d) platně zdůvodňujete existenci vlastního čísla 0.","The response classifies all four statements correctly and supplies valid eigenvector arguments, the identity counterexample, and a sound proof that a nilpotent matrix is singular."
"du06_1","2924","4","true","Správně rozhodujete všechna čtyři tvrzení. U (a) a (c) korektně pracujete s nenulovým vlastním vektorem a mocninami vlastního čísla, u (b) uvádíte konkrétní protipříklad a u (d) platně zdůvodňujete existenci vlastního čísla 0.","The response classifies all four statements correctly and supplies valid eigenvector arguments, the identity counterexample, and a sound proof that a nilpotent matrix is singular."
"du06_1","2932","4","true","Správně rozhodujete všechna čtyři tvrzení. U (a) a (c) korektně pracujete s nenulovým vlastním vektorem a mocninami vlastního čísla, u (b) uvádíte konkrétní protipříklad a u (d) platně zdůvodňujete existenci vlastního čísla 0.","The response classifies all four statements correctly and supplies valid eigenvector arguments, the identity counterexample, and a sound proof that a nilpotent matrix is singular."
"du06_1","2934","4","true","Správně rozhodujete všechna čtyři tvrzení. U (a) a (c) korektně pracujete s nenulovým vlastním vektorem a mocninami vlastního čísla, u (b) uvádíte konkrétní protipříklad a u (d) platně zdůvodňujete existenci vlastního čísla 0.","The response classifies all four statements correctly and supplies valid eigenvector arguments, the identity counterexample, and a sound proof that a nilpotent matrix is singular."
"du06_1","2935","4","true","Správně rozhodujete všechna čtyři tvrzení. U (a) a (c) korektně pracujete s nenulovým vlastním vektorem a mocninami vlastního čísla, u (b) uvádíte konkrétní protipříklad a u (d) platně zdůvodňujete existenci vlastního čísla 0.","The response classifies all four statements correctly and supplies valid eigenvector arguments, the identity counterexample, and a sound proof that a nilpotent matrix is singular."
"du06_1","2937","4","true","Správně rozhodujete všechna čtyři tvrzení. U (a) a (c) korektně pracujete s nenulovým vlastním vektorem a mocninami vlastního čísla, u (b) uvádíte konkrétní protipříklad a u (d) platně zdůvodňujete existenci vlastního čísla 0.","The response classifies all four statements correctly and supplies valid eigenvector arguments, the identity counterexample, and a sound proof that a nilpotent matrix is singular."
"du06_1","2940","4","true","Správně rozhodujete všechna čtyři tvrzení. U (a) a (c) korektně pracujete s nenulovým vlastním vektorem a mocninami vlastního čísla, u (b) uvádíte konkrétní protipříklad a u (d) platně zdůvodňujete existenci vlastního čísla 0.","The response classifies all four statements correctly and supplies valid eigenvector arguments, the identity counterexample, and a sound proof that a nilpotent matrix is singular."
"du06_1","2941","4","true","Správně rozhodujete všechna čtyři tvrzení. U (a) a (c) korektně pracujete s nenulovým vlastním vektorem a mocninami vlastního čísla, u (b) uvádíte konkrétní protipříklad a u (d) platně zdůvodňujete existenci vlastního čísla 0.","The response classifies all four statements correctly and supplies valid eigenvector arguments, the identity counterexample, and a sound proof that a nilpotent matrix is singular."
"du06_1","2948","3.5","false","Části (a)–(c) jsou správně. V (d) z minimality plyne nenulovost matice A^(n−1), nikoli nenulovost A^(n−1)v pro libovolně zvolený nenulový vektor v. Je nutné zdůvodnit, že vzniklý vektor u je nenulový; jinak nemusí být vlastním vektorem.","Parts (a)–(c) are correct. In (d), minimality gives A^(n-1)≠0 as a matrix, but the response chooses an arbitrary nonzero v and does not justify that u=A^(n-1)v is nonzero; without that, u need not be an eigenvector."
"du06_1","2956","4","true","Správně rozhodujete všechna čtyři tvrzení. U (a) a (c) korektně pracujete s nenulovým vlastním vektorem a mocninami vlastního čísla, u (b) uvádíte konkrétní protipříklad a u (d) platně zdůvodňujete existenci vlastního čísla 0.","The response classifies all four statements correctly and supplies valid eigenvector arguments, the identity counterexample, and a sound proof that a nilpotent matrix is singular."
"du06_1","2984","4","true","Správně rozhodujete všechna čtyři tvrzení. U (a) a (c) korektně pracujete s nenulovým vlastním vektorem a mocninami vlastního čísla, u (b) uvádíte konkrétní protipříklad a u (d) platně zdůvodňujete existenci vlastního čísla 0.","The response classifies all four statements correctly and supplies valid eigenvector arguments, the identity counterexample, and a sound proof that a nilpotent matrix is singular."
"du06_1","2986","4","true","Správně rozhodujete všechna čtyři tvrzení. U (a) a (c) korektně pracujete s nenulovým vlastním vektorem a mocninami vlastního čísla, u (b) uvádíte konkrétní protipříklad a u (d) platně zdůvodňujete existenci vlastního čísla 0.","The response classifies all four statements correctly and supplies valid eigenvector arguments, the identity counterexample, and a sound proof that a nilpotent matrix is singular."
"du06_1","2989","4","true","Správně rozhodujete všechna čtyři tvrzení. U (a) a (c) korektně pracujete s nenulovým vlastním vektorem a mocninami vlastního čísla, u (b) uvádíte konkrétní protipříklad a u (d) platně zdůvodňujete existenci vlastního čísla 0.","The response classifies all four statements correctly and supplies valid eigenvector arguments, the identity counterexample, and a sound proof that a nilpotent matrix is singular."
"du06_1","3000","4","true","Správně rozhodujete všechna čtyři tvrzení. U (a) a (c) korektně pracujete s nenulovým vlastním vektorem a mocninami vlastního čísla, u (b) uvádíte konkrétní protipříklad a u (d) platně zdůvodňujete existenci vlastního čísla 0.","The response classifies all four statements correctly and supplies valid eigenvector arguments, the identity counterexample, and a sound proof that a nilpotent matrix is singular."
"du06_1","3001","4","true","Správně rozhodujete všechna čtyři tvrzení. U (a) a (c) korektně pracujete s nenulovým vlastním vektorem a mocninami vlastního čísla, u (b) uvádíte konkrétní protipříklad a u (d) platně zdůvodňujete existenci vlastního čísla 0.","The response classifies all four statements correctly and supplies valid eigenvector arguments, the identity counterexample, and a sound proof that a nilpotent matrix is singular."
"du06_1","3025","4","true","Správně rozhodujete všechna čtyři tvrzení. U (a) a (c) korektně pracujete s nenulovým vlastním vektorem a mocninami vlastního čísla, u (b) uvádíte konkrétní protipříklad a u (d) platně zdůvodňujete existenci vlastního čísla 0.","The response classifies all four statements correctly and supplies valid eigenvector arguments, the identity counterexample, and a sound proof that a nilpotent matrix is singular."
"du06_1","3036","4","true","Správně rozhodujete všechna čtyři tvrzení. U (a) a (c) korektně pracujete s nenulovým vlastním vektorem a mocninami vlastního čísla, u (b) uvádíte konkrétní protipříklad a u (d) platně zdůvodňujete existenci vlastního čísla 0.","The response classifies all four statements correctly and supplies valid eigenvector arguments, the identity counterexample, and a sound proof that a nilpotent matrix is singular."
"du06_1","3038","4","true","Správně rozhodujete všechna čtyři tvrzení. U (a) a (c) korektně pracujete s nenulovým vlastním vektorem a mocninami vlastního čísla, u (b) uvádíte konkrétní protipříklad a u (d) platně zdůvodňujete existenci vlastního čísla 0.","The response classifies all four statements correctly and supplies valid eigenvector arguments, the identity counterexample, and a sound proof that a nilpotent matrix is singular."
"du06_1","3039","4","true","Správně rozhodujete všechna čtyři tvrzení. U (a) a (c) korektně pracujete s nenulovým vlastním vektorem a mocninami vlastního čísla, u (b) uvádíte konkrétní protipříklad a u (d) platně zdůvodňujete existenci vlastního čísla 0.","The response classifies all four statements correctly and supplies valid eigenvector arguments, the identity counterexample, and a sound proof that a nilpotent matrix is singular."
"du06_1","3041","3","false","Části (a)–(c) jsou správně. V (d) nesprávně tvrdíte, že každá reálná čtvercová matice má reálné vlastní číslo; v sudé dimenzi to obecně neplatí. Pro nilpotentní A proto stále chybí platný důkaz existence vlastního čísla 0.","Parts (a)–(c) are correct, but part (d) incorrectly claims that every real square matrix has a real eigenvalue by the fundamental theorem of algebra. This is false in even dimension, and the nilpotent-specific existence claim is not proved."
"du06_1","3045","4","true","Správně rozhodujete všechna čtyři tvrzení. U (a) a (c) korektně pracujete s nenulovým vlastním vektorem a mocninami vlastního čísla, u (b) uvádíte konkrétní protipříklad a u (d) platně zdůvodňujete existenci vlastního čísla 0.","The response classifies all four statements correctly and supplies valid eigenvector arguments, the identity counterexample, and a sound proof that a nilpotent matrix is singular."
"du06_1","3056","4","true","Správně rozhodujete všechna čtyři tvrzení. U (a) a (c) korektně pracujete s nenulovým vlastním vektorem a mocninami vlastního čísla, u (b) uvádíte konkrétní protipříklad a u (d) platně zdůvodňujete existenci vlastního čísla 0.","The response classifies all four statements correctly and supplies valid eigenvector arguments, the identity counterexample, and a sound proof that a nilpotent matrix is singular."
"du06_1","3057","4","true","Správně rozhodujete všechna čtyři tvrzení. U (a) a (c) korektně pracujete s nenulovým vlastním vektorem a mocninami vlastního čísla, u (b) uvádíte konkrétní protipříklad a u (d) platně zdůvodňujete existenci vlastního čísla 0.","The response classifies all four statements correctly and supplies valid eigenvector arguments, the identity counterexample, and a sound proof that a nilpotent matrix is singular."
"du06_1","3060","4","true","Správně rozhodujete všechna čtyři tvrzení. U (a) a (c) korektně pracujete s nenulovým vlastním vektorem a mocninami vlastního čísla, u (b) uvádíte konkrétní protipříklad a u (d) platně zdůvodňujete existenci vlastního čísla 0.","The response classifies all four statements correctly and supplies valid eigenvector arguments, the identity counterexample, and a sound proof that a nilpotent matrix is singular."
"du06_1","3072","3","false","Části (a)–(c) jsou správně. V (d) pouze vylučujete možnost nenulového vlastního čísla, ale neprokazujete, že 0 je skutečně vlastním číslem. Chybí existenční krok.","Parts (a)–(c) are correct, but (d) only shows that an assumed nonzero eigenvalue is impossible. It does not establish that zero is actually an eigenvalue."
"du06_1","3075","4","true","Správně rozhodujete všechna čtyři tvrzení. U (a) a (c) korektně pracujete s nenulovým vlastním vektorem a mocninami vlastního čísla, u (b) uvádíte konkrétní protipříklad a u (d) platně zdůvodňujete existenci vlastního čísla 0.","The response classifies all four statements correctly and supplies valid eigenvector arguments, the identity counterexample, and a sound proof that a nilpotent matrix is singular."
"du06_1","3076","3","false","Části (a)–(c) jsou správně. Tvrzení, že (d) přímo plyne z (c), zaměňuje jednoznačnost s existencí: (c) omezuje případné vlastní číslo na 0, ale nezaručuje, že vlastní číslo existuje.","Parts (a)–(c) are correct, but saying that (d) follows from (c) confuses uniqueness with existence: (c) restricts any existing eigenvalue to zero but does not guarantee one exists."
"du06_1","3077","4","true","Správně rozhodujete všechna čtyři tvrzení. U (a) a (c) korektně pracujete s nenulovým vlastním vektorem a mocninami vlastního čísla, u (b) uvádíte konkrétní protipříklad a u (d) platně zdůvodňujete existenci vlastního čísla 0.","The response classifies all four statements correctly and supplies valid eigenvector arguments, the identity counterexample, and a sound proof that a nilpotent matrix is singular."
"du06_1","3085","4","true","Správně rozhodujete všechna čtyři tvrzení. U (a) a (c) korektně pracujete s nenulovým vlastním vektorem a mocninami vlastního čísla, u (b) uvádíte konkrétní protipříklad a u (d) platně zdůvodňujete existenci vlastního čísla 0.","The response classifies all four statements correctly and supplies valid eigenvector arguments, the identity counterexample, and a sound proof that a nilpotent matrix is singular."
"du06_1","3104","4","true","Správně rozhodujete všechna čtyři tvrzení. U (a) a (c) korektně pracujete s nenulovým vlastním vektorem a mocninami vlastního čísla, u (b) uvádíte konkrétní protipříklad a u (d) platně zdůvodňujete existenci vlastního čísla 0.","The response classifies all four statements correctly and supplies valid eigenvector arguments, the identity counterexample, and a sound proof that a nilpotent matrix is singular."
"du06_1","3108","4","true","Správně rozhodujete všechna čtyři tvrzení. U (a) a (c) korektně pracujete s nenulovým vlastním vektorem a mocninami vlastního čísla, u (b) uvádíte konkrétní protipříklad a u (d) platně zdůvodňujete existenci vlastního čísla 0.","The response classifies all four statements correctly and supplies valid eigenvector arguments, the identity counterexample, and a sound proof that a nilpotent matrix is singular."
"du06_1","3111","4","true","Správně rozhodujete všechna čtyři tvrzení. U (a) a (c) korektně pracujete s nenulovým vlastním vektorem a mocninami vlastního čísla, u (b) uvádíte konkrétní protipříklad a u (d) platně zdůvodňujete existenci vlastního čísla 0.","The response classifies all four statements correctly and supplies valid eigenvector arguments, the identity counterexample, and a sound proof that a nilpotent matrix is singular."
"du06_1","3115","3.5","false","Zamýšlené řešení je správné, ale v (c) nejprve píšete A^n x=λx místo A^n x=λ^n x a následně používáte druhou z těchto rovností. Jde o drobnou, avšak skutečnou nekonzistenci zápisu důkazu.","The intended solution is correct, but part (c) initially writes A^n x=λx rather than A^n x=λ^n x and then uses the latter conclusion. This is a minor but real inconsistency in the proof."
"du06_1","3116","4","true","Správně rozhodujete všechna čtyři tvrzení. U (a) a (c) korektně pracujete s nenulovým vlastním vektorem a mocninami vlastního čísla, u (b) uvádíte konkrétní protipříklad a u (d) platně zdůvodňujete existenci vlastního čísla 0.","The response classifies all four statements correctly and supplies valid eigenvector arguments, the identity counterexample, and a sound proof that a nilpotent matrix is singular."
"du06_1","3121","4","true","Správně rozhodujete všechna čtyři tvrzení. U (a) a (c) korektně pracujete s nenulovým vlastním vektorem a mocninami vlastního čísla, u (b) uvádíte konkrétní protipříklad a u (d) platně zdůvodňujete existenci vlastního čísla 0.","The response classifies all four statements correctly and supplies valid eigenvector arguments, the identity counterexample, and a sound proof that a nilpotent matrix is singular."
"du06_1","3135","4","true","Správně rozhodujete všechna čtyři tvrzení. U (a) a (c) korektně pracujete s nenulovým vlastním vektorem a mocninami vlastního čísla, u (b) uvádíte konkrétní protipříklad a u (d) platně zdůvodňujete existenci vlastního čísla 0.","The response classifies all four statements correctly and supplies valid eigenvector arguments, the identity counterexample, and a sound proof that a nilpotent matrix is singular."
"du06_1","3136","4","true","Správně rozhodujete všechna čtyři tvrzení. U (a) a (c) korektně pracujete s nenulovým vlastním vektorem a mocninami vlastního čísla, u (b) uvádíte konkrétní protipříklad a u (d) platně zdůvodňujete existenci vlastního čísla 0.","The response classifies all four statements correctly and supplies valid eigenvector arguments, the identity counterexample, and a sound proof that a nilpotent matrix is singular."
"du06_1","3139","3","false","Části (a), (b) a (d) jsou správně. Důkaz (c) používá neplatnou úpravu determinantu součtu a zabývá se jen možností λ=1; nevylučuje tedy všechna nenulová vlastní čísla.","Parts (a), (b), and (d) are correct, but the proof of (c) uses an invalid determinant manipulation involving a sum and only addresses λ=1, so it does not prove that every eigenvalue must be zero."
"du06_1","3164","4","true","Správně rozhodujete všechna čtyři tvrzení. U (a) a (c) korektně pracujete s nenulovým vlastním vektorem a mocninami vlastního čísla, u (b) uvádíte konkrétní protipříklad a u (d) platně zdůvodňujete existenci vlastního čísla 0.","The response classifies all four statements correctly and supplies valid eigenvector arguments, the identity counterexample, and a sound proof that a nilpotent matrix is singular."
"du06_1","3166","4","true","Správně rozhodujete všechna čtyři tvrzení. U (a) a (c) korektně pracujete s nenulovým vlastním vektorem a mocninami vlastního čísla, u (b) uvádíte konkrétní protipříklad a u (d) platně zdůvodňujete existenci vlastního čísla 0.","The response classifies all four statements correctly and supplies valid eigenvector arguments, the identity counterexample, and a sound proof that a nilpotent matrix is singular."
"du06_1","3167","4","true","Správně rozhodujete všechna čtyři tvrzení. U (a) a (c) korektně pracujete s nenulovým vlastním vektorem a mocninami vlastního čísla, u (b) uvádíte konkrétní protipříklad a u (d) platně zdůvodňujete existenci vlastního čísla 0.","The response classifies all four statements correctly and supplies valid eigenvector arguments, the identity counterexample, and a sound proof that a nilpotent matrix is singular."
"du06_1","3168","4","true","Správně rozhodujete všechna čtyři tvrzení. U (a) a (c) korektně pracujete s nenulovým vlastním vektorem a mocninami vlastního čísla, u (b) uvádíte konkrétní protipříklad a u (d) platně zdůvodňujete existenci vlastního čísla 0.","The response classifies all four statements correctly and supplies valid eigenvector arguments, the identity counterexample, and a sound proof that a nilpotent matrix is singular."
"du06_1","3174","4","true","Správně rozhodujete všechna čtyři tvrzení. U (a) a (c) korektně pracujete s nenulovým vlastním vektorem a mocninami vlastního čísla, u (b) uvádíte konkrétní protipříklad a u (d) platně zdůvodňujete existenci vlastního čísla 0.","The response classifies all four statements correctly and supplies valid eigenvector arguments, the identity counterexample, and a sound proof that a nilpotent matrix is singular."
"du06_1","3188","4","true","Správně rozhodujete všechna čtyři tvrzení. U (a) a (c) korektně pracujete s nenulovým vlastním vektorem a mocninami vlastního čísla, u (b) uvádíte konkrétní protipříklad a u (d) platně zdůvodňujete existenci vlastního čísla 0.","The response classifies all four statements correctly and supplies valid eigenvector arguments, the identity counterexample, and a sound proof that a nilpotent matrix is singular."
"du06_1","3194","4","true","Správně rozhodujete všechna čtyři tvrzení. U (a) a (c) korektně pracujete s nenulovým vlastním vektorem a mocninami vlastního čísla, u (b) uvádíte konkrétní protipříklad a u (d) platně zdůvodňujete existenci vlastního čísla 0.","The response classifies all four statements correctly and supplies valid eigenvector arguments, the identity counterexample, and a sound proof that a nilpotent matrix is singular."
"du06_1","3196","4","true","Správně rozhodujete všechna čtyři tvrzení. U (a) a (c) korektně pracujete s nenulovým vlastním vektorem a mocninami vlastního čísla, u (b) uvádíte konkrétní protipříklad a u (d) platně zdůvodňujete existenci vlastního čísla 0.","The response classifies all four statements correctly and supplies valid eigenvector arguments, the identity counterexample, and a sound proof that a nilpotent matrix is singular."
"du06_1","3204","4","true","Správně rozhodujete všechna čtyři tvrzení. U (a) a (c) korektně pracujete s nenulovým vlastním vektorem a mocninami vlastního čísla, u (b) uvádíte konkrétní protipříklad a u (d) platně zdůvodňujete existenci vlastního čísla 0.","The response classifies all four statements correctly and supplies valid eigenvector arguments, the identity counterexample, and a sound proof that a nilpotent matrix is singular."
"du06_1","3205","4","true","Správně rozhodujete všechna čtyři tvrzení. U (a) a (c) korektně pracujete s nenulovým vlastním vektorem a mocninami vlastního čísla, u (b) uvádíte konkrétní protipříklad a u (d) platně zdůvodňujete existenci vlastního čísla 0.","The response classifies all four statements correctly and supplies valid eigenvector arguments, the identity counterexample, and a sound proof that a nilpotent matrix is singular."
"du06_1","3209","3.5","false","Argument je téměř správný, ale v (c) po násobení A^(n−1) uvádíte λ^(n−1) místo λ^n. Tato chyba v exponentu navíc v zapsané podobě nepokrývá případ n=1.","The argument is essentially correct, but in (c) multiplying by A^(n-1) is followed by λ^(n-1) instead of λ^n. This exponent slip also leaves the n=1 case unsupported as written."
"du06_1","3218","4","true","Správně rozhodujete všechna čtyři tvrzení. U (a) a (c) korektně pracujete s nenulovým vlastním vektorem a mocninami vlastního čísla, u (b) uvádíte konkrétní protipříklad a u (d) platně zdůvodňujete existenci vlastního čísla 0.","The response classifies all four statements correctly and supplies valid eigenvector arguments, the identity counterexample, and a sound proof that a nilpotent matrix is singular."
"du06_1","3221","4","true","Správně rozhodujete všechna čtyři tvrzení. U (a) a (c) korektně pracujete s nenulovým vlastním vektorem a mocninami vlastního čísla, u (b) uvádíte konkrétní protipříklad a u (d) platně zdůvodňujete existenci vlastního čísla 0.","The response classifies all four statements correctly and supplies valid eigenvector arguments, the identity counterexample, and a sound proof that a nilpotent matrix is singular."
"du06_1","3223","4","true","Správně rozhodujete všechna čtyři tvrzení. U (a) a (c) korektně pracujete s nenulovým vlastním vektorem a mocninami vlastního čísla, u (b) uvádíte konkrétní protipříklad a u (d) platně zdůvodňujete existenci vlastního čísla 0.","The response classifies all four statements correctly and supplies valid eigenvector arguments, the identity counterexample, and a sound proof that a nilpotent matrix is singular."
"du06_1","3225","4","true","Správně rozhodujete všechna čtyři tvrzení. U (a) a (c) korektně pracujete s nenulovým vlastním vektorem a mocninami vlastního čísla, u (b) uvádíte konkrétní protipříklad a u (d) platně zdůvodňujete existenci vlastního čísla 0.","The response classifies all four statements correctly and supplies valid eigenvector arguments, the identity counterexample, and a sound proof that a nilpotent matrix is singular."
"du06_1","3227","4","true","Správně rozhodujete všechna čtyři tvrzení. U (a) a (c) korektně pracujete s nenulovým vlastním vektorem a mocninami vlastního čísla, u (b) uvádíte konkrétní protipříklad a u (d) platně zdůvodňujete existenci vlastního čísla 0.","The response classifies all four statements correctly and supplies valid eigenvector arguments, the identity counterexample, and a sound proof that a nilpotent matrix is singular."
"du06_1","3233","4","true","Správně rozhodujete všechna čtyři tvrzení. U (a) a (c) korektně pracujete s nenulovým vlastním vektorem a mocninami vlastního čísla, u (b) uvádíte konkrétní protipříklad a u (d) platně zdůvodňujete existenci vlastního čísla 0.","The response classifies all four statements correctly and supplies valid eigenvector arguments, the identity counterexample, and a sound proof that a nilpotent matrix is singular."
"du06_1","3240","3","false","Části (a)–(c) jsou správně. V (d) se opíráte o (c) a o nepravdivé obecné tvrzení, že každá reálná čtvercová matice má vlastní číslo. Existence vlastního čísla 0 proto není dokázána.","Parts (a)–(c) are correct, but (d) relies on (c) together with the false general claim that every real square matrix has an eigenvalue. It therefore fails to prove existence of the zero eigenvalue."
"du06_1","3241","4","true","Správně rozhodujete všechna čtyři tvrzení. U (a) a (c) korektně pracujete s nenulovým vlastním vektorem a mocninami vlastního čísla, u (b) uvádíte konkrétní protipříklad a u (d) platně zdůvodňujete existenci vlastního čísla 0.","The response classifies all four statements correctly and supplies valid eigenvector arguments, the identity counterexample, and a sound proof that a nilpotent matrix is singular."
"du06_1","3242","4","true","Správně rozhodujete všechna čtyři tvrzení. U (a) a (c) korektně pracujete s nenulovým vlastním vektorem a mocninami vlastního čísla, u (b) uvádíte konkrétní protipříklad a u (d) platně zdůvodňujete existenci vlastního čísla 0.","The response classifies all four statements correctly and supplies valid eigenvector arguments, the identity counterexample, and a sound proof that a nilpotent matrix is singular."
"du06_1","3253","4","true","Správně rozhodujete všechna čtyři tvrzení. U (a) a (c) korektně pracujete s nenulovým vlastním vektorem a mocninami vlastního čísla, u (b) uvádíte konkrétní protipříklad a u (d) platně zdůvodňujete existenci vlastního čísla 0.","The response classifies all four statements correctly and supplies valid eigenvector arguments, the identity counterexample, and a sound proof that a nilpotent matrix is singular."
"du06_1","3254","4","true","Správně rozhodujete všechna čtyři tvrzení. U (a) a (c) korektně pracujete s nenulovým vlastním vektorem a mocninami vlastního čísla, u (b) uvádíte konkrétní protipříklad a u (d) platně zdůvodňujete existenci vlastního čísla 0.","The response classifies all four statements correctly and supplies valid eigenvector arguments, the identity counterexample, and a sound proof that a nilpotent matrix is singular."
"du06_1","3256","3","false","Části (a)–(c) jsou správně. Řetězec úvah s determinantem a vlastními čísly v (d) není platný a neprokazuje singularitu A. Existence vlastního čísla 0 tak zůstává bez důkazu.","Parts (a)–(c) are correct, but the determinant/eigenvalue chain in (d) is not valid and does not establish that A is singular, so existence of the zero eigenvalue remains unproved."
"du06_1","3259","4","true","Správně rozhodujete všechna čtyři tvrzení. U (a) a (c) korektně pracujete s nenulovým vlastním vektorem a mocninami vlastního čísla, u (b) uvádíte konkrétní protipříklad a u (d) platně zdůvodňujete existenci vlastního čísla 0.","The response classifies all four statements correctly and supplies valid eigenvector arguments, the identity counterexample, and a sound proof that a nilpotent matrix is singular."
"du06_1","3260","4","true","Správně rozhodujete všechna čtyři tvrzení. U (a) a (c) korektně pracujete s nenulovým vlastním vektorem a mocninami vlastního čísla, u (b) uvádíte konkrétní protipříklad a u (d) platně zdůvodňujete existenci vlastního čísla 0.","The response classifies all four statements correctly and supplies valid eigenvector arguments, the identity counterexample, and a sound proof that a nilpotent matrix is singular."
"du06_1","3261","4","true","Správně rozhodujete všechna čtyři tvrzení. U (a) a (c) korektně pracujete s nenulovým vlastním vektorem a mocninami vlastního čísla, u (b) uvádíte konkrétní protipříklad a u (d) platně zdůvodňujete existenci vlastního čísla 0.","The response classifies all four statements correctly and supplies valid eigenvector arguments, the identity counterexample, and a sound proof that a nilpotent matrix is singular."
"du06_1","3264","3","false","Části (a)–(c) jsou správně. V (d) pouze odkazujete na (c), která ale existenci vlastního čísla nezaručuje. Chybí důkaz singularity A nebo jiné platné zdůvodnění existence vlastního čísla 0.","Parts (a)–(c) are correct, but (d) merely says it follows from (c) and never proves singularity or otherwise establishes existence of an eigenvalue."
"du06_1","3265","4","true","Správně rozhodujete všechna čtyři tvrzení. U (a) a (c) korektně pracujete s nenulovým vlastním vektorem a mocninami vlastního čísla, u (b) uvádíte konkrétní protipříklad a u (d) platně zdůvodňujete existenci vlastního čísla 0.","The response classifies all four statements correctly and supplies valid eigenvector arguments, the identity counterexample, and a sound proof that a nilpotent matrix is singular."
"du06_1","3268","4","true","Správně rozhodujete všechna čtyři tvrzení. U (a) a (c) korektně pracujete s nenulovým vlastním vektorem a mocninami vlastního čísla, u (b) uvádíte konkrétní protipříklad a u (d) platně zdůvodňujete existenci vlastního čísla 0.","The response classifies all four statements correctly and supplies valid eigenvector arguments, the identity counterexample, and a sound proof that a nilpotent matrix is singular."
"du06_1","3269","4","true","Správně rozhodujete všechna čtyři tvrzení. U (a) a (c) korektně pracujete s nenulovým vlastním vektorem a mocninami vlastního čísla, u (b) uvádíte konkrétní protipříklad a u (d) platně zdůvodňujete existenci vlastního čísla 0.","The response classifies all four statements correctly and supplies valid eigenvector arguments, the identity counterexample, and a sound proof that a nilpotent matrix is singular."
"du06_1","3275","4","true","Správně rozhodujete všechna čtyři tvrzení. U (a) a (c) korektně pracujete s nenulovým vlastním vektorem a mocninami vlastního čísla, u (b) uvádíte konkrétní protipříklad a u (d) platně zdůvodňujete existenci vlastního čísla 0.","The response classifies all four statements correctly and supplies valid eigenvector arguments, the identity counterexample, and a sound proof that a nilpotent matrix is singular."
"du06_1","3277","4","true","Správně rozhodujete všechna čtyři tvrzení. U (a) a (c) korektně pracujete s nenulovým vlastním vektorem a mocninami vlastního čísla, u (b) uvádíte konkrétní protipříklad a u (d) platně zdůvodňujete existenci vlastního čísla 0.","The response classifies all four statements correctly and supplies valid eigenvector arguments, the identity counterexample, and a sound proof that a nilpotent matrix is singular."
"du06_1","3281","4","true","Správně rozhodujete všechna čtyři tvrzení. U (a) a (c) korektně pracujete s nenulovým vlastním vektorem a mocninami vlastního čísla, u (b) uvádíte konkrétní protipříklad a u (d) platně zdůvodňujete existenci vlastního čísla 0.","The response classifies all four statements correctly and supplies valid eigenvector arguments, the identity counterexample, and a sound proof that a nilpotent matrix is singular."
"du06_1","3283","3","false","Části (a)–(c) jsou správně. V (d) zacházíte s podmínkou A^n=0, jako by přímo znamenala A=0 nebo lineární závislost řádků A. Takový závěr bez dalšího neplyne a důkaz singularity chybí.","Parts (a)–(c) are correct, but (d) incorrectly treats A^n=0 as if it implied that A itself is zero or immediately has dependent rows. The required singularity argument is absent."
"du06_1","3284","4","true","Správně rozhodujete všechna čtyři tvrzení. U (a) a (c) korektně pracujete s nenulovým vlastním vektorem a mocninami vlastního čísla, u (b) uvádíte konkrétní protipříklad a u (d) platně zdůvodňujete existenci vlastního čísla 0.","The response classifies all four statements correctly and supplies valid eigenvector arguments, the identity counterexample, and a sound proof that a nilpotent matrix is singular."
"du06_1","3288","4","true","Správně rozhodujete všechna čtyři tvrzení. U (a) a (c) korektně pracujete s nenulovým vlastním vektorem a mocninami vlastního čísla, u (b) uvádíte konkrétní protipříklad a u (d) platně zdůvodňujete existenci vlastního čísla 0.","The response classifies all four statements correctly and supplies valid eigenvector arguments, the identity counterexample, and a sound proof that a nilpotent matrix is singular."
"du06_1","3294","4","true","Správně rozhodujete všechna čtyři tvrzení. U (a) a (c) korektně pracujete s nenulovým vlastním vektorem a mocninami vlastního čísla, u (b) uvádíte konkrétní protipříklad a u (d) platně zdůvodňujete existenci vlastního čísla 0.","The response classifies all four statements correctly and supplies valid eigenvector arguments, the identity counterexample, and a sound proof that a nilpotent matrix is singular."
"du06_1","3295","4","true","Správně rozhodujete všechna čtyři tvrzení. U (a) a (c) korektně pracujete s nenulovým vlastním vektorem a mocninami vlastního čísla, u (b) uvádíte konkrétní protipříklad a u (d) platně zdůvodňujete existenci vlastního čísla 0.","The response classifies all four statements correctly and supplies valid eigenvector arguments, the identity counterexample, and a sound proof that a nilpotent matrix is singular."
"du06_1","3297","4","true","Správně rozhodujete všechna čtyři tvrzení. U (a) a (c) korektně pracujete s nenulovým vlastním vektorem a mocninami vlastního čísla, u (b) uvádíte konkrétní protipříklad a u (d) platně zdůvodňujete existenci vlastního čísla 0.","The response classifies all four statements correctly and supplies valid eigenvector arguments, the identity counterexample, and a sound proof that a nilpotent matrix is singular."
"du06_1","3301","3.5","false","Řešení je téměř úplné. V (d) z A^n=0 zapisujete přímo det(A)=det(0), místo aby se nejprve vzal determinant rovnosti det(A^n)=det(0). Následující práce s mocninou determinantu záměr objasňuje, ale první rovnost je chybná.","The solution is essentially correct, but (d) writes det(A)=det(0) directly from A^n=0 instead of first taking det(A^n)=det(0). The surrounding determinant-power argument makes the intent clear."
"du06_1","3310","3","false","Části (a)–(c) jsou správně. U (d) pouze uvádíte, že tvrzení platí, ale nepřikládáte žádný důkaz, ačkoli zadání důkaz platných tvrzení výslovně požaduje.","Parts (a)–(c) are correct, but part (d) is only marked true and contains no proof, despite the explicit requirement to prove true statements."
"du06_1","3318","4","true","Správně rozhodujete všechna čtyři tvrzení. U (a) a (c) korektně pracujete s nenulovým vlastním vektorem a mocninami vlastního čísla, u (b) uvádíte konkrétní protipříklad a u (d) platně zdůvodňujete existenci vlastního čísla 0.","The response classifies all four statements correctly and supplies valid eigenvector arguments, the identity counterexample, and a sound proof that a nilpotent matrix is singular."
"du06_1","3320","4","true","Správně rozhodujete všechna čtyři tvrzení. U (a) a (c) korektně pracujete s nenulovým vlastním vektorem a mocninami vlastního čísla, u (b) uvádíte konkrétní protipříklad a u (d) platně zdůvodňujete existenci vlastního čísla 0.","The response classifies all four statements correctly and supplies valid eigenvector arguments, the identity counterexample, and a sound proof that a nilpotent matrix is singular."
"du06_1","3329","4","true","Správně rozhodujete všechna čtyři tvrzení. U (a) a (c) korektně pracujete s nenulovým vlastním vektorem a mocninami vlastního čísla, u (b) uvádíte konkrétní protipříklad a u (d) platně zdůvodňujete existenci vlastního čísla 0.","The response classifies all four statements correctly and supplies valid eigenvector arguments, the identity counterexample, and a sound proof that a nilpotent matrix is singular."
"du06_1","3332","4","true","Správně rozhodujete všechna čtyři tvrzení. U (a) a (c) korektně pracujete s nenulovým vlastním vektorem a mocninami vlastního čísla, u (b) uvádíte konkrétní protipříklad a u (d) platně zdůvodňujete existenci vlastního čísla 0.","The response classifies all four statements correctly and supplies valid eigenvector arguments, the identity counterexample, and a sound proof that a nilpotent matrix is singular."
"du06_1","3339","4","true","Správně rozhodujete všechna čtyři tvrzení. U (a) a (c) korektně pracujete s nenulovým vlastním vektorem a mocninami vlastního čísla, u (b) uvádíte konkrétní protipříklad a u (d) platně zdůvodňujete existenci vlastního čísla 0.","The response classifies all four statements correctly and supplies valid eigenvector arguments, the identity counterexample, and a sound proof that a nilpotent matrix is singular."
"du06_1","3340","4","true","Správně rozhodujete všechna čtyři tvrzení. U (a) a (c) korektně pracujete s nenulovým vlastním vektorem a mocninami vlastního čísla, u (b) uvádíte konkrétní protipříklad a u (d) platně zdůvodňujete existenci vlastního čísla 0.","The response classifies all four statements correctly and supplies valid eigenvector arguments, the identity counterexample, and a sound proof that a nilpotent matrix is singular."
"du06_1","3344","4","true","Správně rozhodujete všechna čtyři tvrzení. U (a) a (c) korektně pracujete s nenulovým vlastním vektorem a mocninami vlastního čísla, u (b) uvádíte konkrétní protipříklad a u (d) platně zdůvodňujete existenci vlastního čísla 0.","The response classifies all four statements correctly and supplies valid eigenvector arguments, the identity counterexample, and a sound proof that a nilpotent matrix is singular."
"du06_1","3346","4","true","Správně rozhodujete všechna čtyři tvrzení. U (a) a (c) korektně pracujete s nenulovým vlastním vektorem a mocninami vlastního čísla, u (b) uvádíte konkrétní protipříklad a u (d) platně zdůvodňujete existenci vlastního čísla 0.","The response classifies all four statements correctly and supplies valid eigenvector arguments, the identity counterexample, and a sound proof that a nilpotent matrix is singular."
"du06_1","3347","4","true","Správně rozhodujete všechna čtyři tvrzení. U (a) a (c) korektně pracujete s nenulovým vlastním vektorem a mocninami vlastního čísla, u (b) uvádíte konkrétní protipříklad a u (d) platně zdůvodňujete existenci vlastního čísla 0.","The response classifies all four statements correctly and supplies valid eigenvector arguments, the identity counterexample, and a sound proof that a nilpotent matrix is singular."
"du06_1","3350","4","true","Správně rozhodujete všechna čtyři tvrzení. U (a) a (c) korektně pracujete s nenulovým vlastním vektorem a mocninami vlastního čísla, u (b) uvádíte konkrétní protipříklad a u (d) platně zdůvodňujete existenci vlastního čísla 0.","The response classifies all four statements correctly and supplies valid eigenvector arguments, the identity counterexample, and a sound proof that a nilpotent matrix is singular."
"du06_1","3351","4","true","Správně rozhodujete všechna čtyři tvrzení. U (a) a (c) korektně pracujete s nenulovým vlastním vektorem a mocninami vlastního čísla, u (b) uvádíte konkrétní protipříklad a u (d) platně zdůvodňujete existenci vlastního čísla 0.","The response classifies all four statements correctly and supplies valid eigenvector arguments, the identity counterexample, and a sound proof that a nilpotent matrix is singular."
"du06_1","3356","4","true","Správně rozhodujete všechna čtyři tvrzení. U (a) a (c) korektně pracujete s nenulovým vlastním vektorem a mocninami vlastního čísla, u (b) uvádíte konkrétní protipříklad a u (d) platně zdůvodňujete existenci vlastního čísla 0.","The response classifies all four statements correctly and supplies valid eigenvector arguments, the identity counterexample, and a sound proof that a nilpotent matrix is singular."
"du06_1","3403","4","true","Správně rozhodujete všechna čtyři tvrzení. U (a) a (c) korektně pracujete s nenulovým vlastním vektorem a mocninami vlastního čísla, u (b) uvádíte konkrétní protipříklad a u (d) platně zdůvodňujete existenci vlastního čísla 0.","The response classifies all four statements correctly and supplies valid eigenvector arguments, the identity counterexample, and a sound proof that a nilpotent matrix is singular."
"du06_1","3407","4","true","Správně rozhodujete všechna čtyři tvrzení. U (a) a (c) korektně pracujete s nenulovým vlastním vektorem a mocninami vlastního čísla, u (b) uvádíte konkrétní protipříklad a u (d) platně zdůvodňujete existenci vlastního čísla 0.","The response classifies all four statements correctly and supplies valid eigenvector arguments, the identity counterexample, and a sound proof that a nilpotent matrix is singular."
"du06_2","273","4","true","Řešení je úplné a správné. Správně určujete matici operátoru, vlastní čísla 2 a -3 i rozklad zadaného vektoru do vlastních směrů. Výsledný vektor v R^4 má správné čtyři složky a zachovává znaménko mocniny (-3)^n.","The solution correctly represents f by [[1,2],[2,-2]], uses eigenvalues 2 and -3 with the corresponding eigendirections, decomposes the input correctly, and gives the resulting vector in R^4 as a formula depending only on n."
"du06_2","534","4","true","Řešení je úplné a správné. Správně určujete matici operátoru, vlastní čísla 2 a -3 i rozklad zadaného vektoru do vlastních směrů. Výsledný vektor v R^4 má správné čtyři složky a zachovává znaménko mocniny (-3)^n.","The solution correctly represents f by [[1,2],[2,-2]], uses eigenvalues 2 and -3 with the corresponding eigendirections, decomposes the input correctly, and gives the resulting vector in R^4 as a formula depending only on n."
"du06_2","1500","4","true","Řešení je úplné a správné. Správně určujete matici operátoru, vlastní čísla 2 a -3 i rozklad zadaného vektoru do vlastních směrů. Výsledný vektor v R^4 má správné čtyři složky a zachovává znaménko mocniny (-3)^n.","The solution correctly represents f by [[1,2],[2,-2]], uses eigenvalues 2 and -3 with the corresponding eigendirections, decomposes the input correctly, and gives the resulting vector in R^4 as a formula depending only on n."
"du06_2","1654","3","false","Matice operátoru, vlastní čísla i vlastní směry jsou určeny správně. V závěru však u vlastního čísla -3 používáte 3^n místo (-3)^n, takže pro lichá n vyjde chybné znaménko. Doplňující zpráva určuje chybějící vektor, ale chybu v mocnině neopravuje.","The matrix, eigenvalues, and eigendirections are correct, but the -3 eigendirection is raised as 3^n rather than (-3)^n, so the result is wrong for odd n; the follow-up only supplies the omitted vector."
"du06_2","1771","4","true","Řešení je úplné a správné. Správně určujete matici operátoru, vlastní čísla 2 a -3 i rozklad zadaného vektoru do vlastních směrů. Výsledný vektor v R^4 má správné čtyři složky a zachovává znaménko mocniny (-3)^n.","The solution correctly represents f by [[1,2],[2,-2]], uses eigenvalues 2 and -3 with the corresponding eigendirections, decomposes the input correctly, and gives the resulting vector in R^4 as a formula depending only on n."
"du06_2","2125","4","true","Řešení je úplné a správné. Správně určujete matici operátoru, vlastní čísla 2 a -3 i rozklad zadaného vektoru do vlastních směrů. Výsledný vektor v R^4 má správné čtyři složky a zachovává znaménko mocniny (-3)^n.","The solution correctly represents f by [[1,2],[2,-2]], uses eigenvalues 2 and -3 with the corresponding eigendirections, decomposes the input correctly, and gives the resulting vector in R^4 as a formula depending only on n."
"du06_2","2182","4","true","Řešení je úplné a správné. Správně určujete matici operátoru, vlastní čísla 2 a -3 i rozklad zadaného vektoru do vlastních směrů. Výsledný vektor v R^4 má správné čtyři složky a zachovává znaménko mocniny (-3)^n.","The solution correctly represents f by [[1,2],[2,-2]], uses eigenvalues 2 and -3 with the corresponding eigendirections, decomposes the input correctly, and gives the resulting vector in R^4 as a formula depending only on n."
"du06_2","2202","4","true","Řešení je úplné a správné. Správně určujete matici operátoru, vlastní čísla 2 a -3 i rozklad zadaného vektoru do vlastních směrů. Výsledný vektor v R^4 má správné čtyři složky a zachovává znaménko mocniny (-3)^n.","The solution correctly represents f by [[1,2],[2,-2]], uses eigenvalues 2 and -3 with the corresponding eigendirections, decomposes the input correctly, and gives the resulting vector in R^4 as a formula depending only on n."
"du06_2","2398","4","true","Řešení je úplné a správné. Správně určujete matici operátoru, vlastní čísla 2 a -3 i rozklad zadaného vektoru do vlastních směrů. Výsledný vektor v R^4 má správné čtyři složky a zachovává znaménko mocniny (-3)^n.","The solution correctly represents f by [[1,2],[2,-2]], uses eigenvalues 2 and -3 with the corresponding eigendirections, decomposes the input correctly, and gives the resulting vector in R^4 as a formula depending only on n."
"du06_2","2401","4","true","Řešení je úplné a správné. Správně určujete matici operátoru, vlastní čísla 2 a -3 i rozklad zadaného vektoru do vlastních směrů. Výsledný vektor v R^4 má správné čtyři složky a zachovává znaménko mocniny (-3)^n.","The solution correctly represents f by [[1,2],[2,-2]], uses eigenvalues 2 and -3 with the corresponding eigendirections, decomposes the input correctly, and gives the resulting vector in R^4 as a formula depending only on n."
"du06_2","2430","4","true","Řešení je úplné a správné. Správně určujete matici operátoru, vlastní čísla 2 a -3 i rozklad zadaného vektoru do vlastních směrů. Výsledný vektor v R^4 má správné čtyři složky a zachovává znaménko mocniny (-3)^n.","The solution correctly represents f by [[1,2],[2,-2]], uses eigenvalues 2 and -3 with the corresponding eigendirections, decomposes the input correctly, and gives the resulting vector in R^4 as a formula depending only on n."
"du06_2","2464","4","true","Řešení je úplné a správné. Správně určujete matici operátoru, vlastní čísla 2 a -3 i rozklad zadaného vektoru do vlastních směrů. Výsledný vektor v R^4 má správné čtyři složky a zachovává znaménko mocniny (-3)^n.","The solution correctly represents f by [[1,2],[2,-2]], uses eigenvalues 2 and -3 with the corresponding eigendirections, decomposes the input correctly, and gives the resulting vector in R^4 as a formula depending only on n."
"du06_2","2492","4","true","Řešení je úplné a správné. Správně určujete matici operátoru, vlastní čísla 2 a -3 i rozklad zadaného vektoru do vlastních směrů. Výsledný vektor v R^4 má správné čtyři složky a zachovává znaménko mocniny (-3)^n.","The solution correctly represents f by [[1,2],[2,-2]], uses eigenvalues 2 and -3 with the corresponding eigendirections, decomposes the input correctly, and gives the resulting vector in R^4 as a formula depending only on n."
"du06_2","2517","1","false","Zvolené vektory (4,2,-3,1) a (0,1,2,3) netvoří bázi prostoru V; první z nich do V ani nepatří. Následná diagonalizace proto nepopisuje zadaný operátor a výsledný vzorec nevrátí pro n=0 původní vektor (5,1,3,7).","The proposed basis vectors are not vectors of V, so the diagonalization does not describe the given operator; the final formula already fails at n=0."
"du06_2","2518","3","false","Postup přes matici operátoru a vlastní vektory je správný. Ve výsledku je však příspěvek vlastního čísla -3 umocněn jako 3^n, nikoli (-3)^n; tím se ztratí střídání znaménka a vzorec je chybný pro lichá n.","The setup and eigendirections are correct, but the contribution of eigenvalue -3 is written using 3^n, losing the alternating sign."
"du06_2","2743","4","true","Řešení je úplné a správné. Správně určujete matici operátoru, vlastní čísla 2 a -3 i rozklad zadaného vektoru do vlastních směrů. Výsledný vektor v R^4 má správné čtyři složky a zachovává znaménko mocniny (-3)^n.","The solution correctly represents f by [[1,2],[2,-2]], uses eigenvalues 2 and -3 with the corresponding eigendirections, decomposes the input correctly, and gives the resulting vector in R^4 as a formula depending only on n."
"du06_2","2760","4","true","Řešení je úplné a správné. Správně určujete matici operátoru, vlastní čísla 2 a -3 i rozklad zadaného vektoru do vlastních směrů. Výsledný vektor v R^4 má správné čtyři složky a zachovává znaménko mocniny (-3)^n.","The solution correctly represents f by [[1,2],[2,-2]], uses eigenvalues 2 and -3 with the corresponding eigendirections, decomposes the input correctly, and gives the resulting vector in R^4 as a formula depending only on n."
"du06_2","2764","4","true","Řešení je úplné a správné. Správně určujete matici operátoru, vlastní čísla 2 a -3 i rozklad zadaného vektoru do vlastních směrů. Výsledný vektor v R^4 má správné čtyři složky a zachovává znaménko mocniny (-3)^n.","The solution correctly represents f by [[1,2],[2,-2]], uses eigenvalues 2 and -3 with the corresponding eigendirections, decomposes the input correctly, and gives the resulting vector in R^4 as a formula depending only on n."
"du06_2","2766","4","true","Řešení je úplné a správné. Správně určujete matici operátoru, vlastní čísla 2 a -3 i rozklad zadaného vektoru do vlastních směrů. Výsledný vektor v R^4 má správné čtyři složky a zachovává znaménko mocniny (-3)^n.","The solution correctly represents f by [[1,2],[2,-2]], uses eigenvalues 2 and -3 with the corresponding eigendirections, decomposes the input correctly, and gives the resulting vector in R^4 as a formula depending only on n."
"du06_2","2815","4","true","Řešení je úplné a správné. Správně určujete matici operátoru, vlastní čísla 2 a -3 i rozklad zadaného vektoru do vlastních směrů. Výsledný vektor v R^4 má správné čtyři složky a zachovává znaménko mocniny (-3)^n.","The solution correctly represents f by [[1,2],[2,-2]], uses eigenvalues 2 and -3 with the corresponding eigendirections, decomposes the input correctly, and gives the resulting vector in R^4 as a formula depending only on n."
"du06_2","2826","4","true","Řešení je úplné a správné. Správně určujete matici operátoru, vlastní čísla 2 a -3 i rozklad zadaného vektoru do vlastních směrů. Výsledný vektor v R^4 má správné čtyři složky a zachovává znaménko mocniny (-3)^n.","The solution correctly represents f by [[1,2],[2,-2]], uses eigenvalues 2 and -3 with the corresponding eigendirections, decomposes the input correctly, and gives the resulting vector in R^4 as a formula depending only on n."
"du06_2","2847","4","true","Řešení je úplné a správné. Správně určujete matici operátoru, vlastní čísla 2 a -3 i rozklad zadaného vektoru do vlastních směrů. Výsledný vektor v R^4 má správné čtyři složky a zachovává znaménko mocniny (-3)^n.","The solution correctly represents f by [[1,2],[2,-2]], uses eigenvalues 2 and -3 with the corresponding eigendirections, decomposes the input correctly, and gives the resulting vector in R^4 as a formula depending only on n."
"du06_2","2857","4","true","Řešení je úplné a správné. Správně určujete matici operátoru, vlastní čísla 2 a -3 i rozklad zadaného vektoru do vlastních směrů. Výsledný vektor v R^4 má správné čtyři složky a zachovává znaménko mocniny (-3)^n.","The solution correctly represents f by [[1,2],[2,-2]], uses eigenvalues 2 and -3 with the corresponding eigendirections, decomposes the input correctly, and gives the resulting vector in R^4 as a formula depending only on n."
"du06_2","2859","4","true","Řešení je úplné a správné. Správně určujete matici operátoru, vlastní čísla 2 a -3 i rozklad zadaného vektoru do vlastních směrů. Výsledný vektor v R^4 má správné čtyři složky a zachovává znaménko mocniny (-3)^n.","The solution correctly represents f by [[1,2],[2,-2]], uses eigenvalues 2 and -3 with the corresponding eigendirections, decomposes the input correctly, and gives the resulting vector in R^4 as a formula depending only on n."
"du06_2","2862","4","true","Řešení je úplné a správné. Správně určujete matici operátoru, vlastní čísla 2 a -3 i rozklad zadaného vektoru do vlastních směrů. Výsledný vektor v R^4 má správné čtyři složky a zachovává znaménko mocniny (-3)^n.","The solution correctly represents f by [[1,2],[2,-2]], uses eigenvalues 2 and -3 with the corresponding eigendirections, decomposes the input correctly, and gives the resulting vector in R^4 as a formula depending only on n."
"du06_2","2864","4","true","Řešení je úplné a správné. Správně určujete matici operátoru, vlastní čísla 2 a -3 i rozklad zadaného vektoru do vlastních směrů. Výsledný vektor v R^4 má správné čtyři složky a zachovává znaménko mocniny (-3)^n.","The solution correctly represents f by [[1,2],[2,-2]], uses eigenvalues 2 and -3 with the corresponding eigendirections, decomposes the input correctly, and gives the resulting vector in R^4 as a formula depending only on n."
"du06_2","2871","4","true","Řešení je úplné a správné. Správně určujete matici operátoru, vlastní čísla 2 a -3 i rozklad zadaného vektoru do vlastních směrů. Výsledný vektor v R^4 má správné čtyři složky a zachovává znaménko mocniny (-3)^n.","The solution correctly represents f by [[1,2],[2,-2]], uses eigenvalues 2 and -3 with the corresponding eigendirections, decomposes the input correctly, and gives the resulting vector in R^4 as a formula depending only on n."
"du06_2","2874","4","true","Řešení je úplné a správné. Správně určujete matici operátoru, vlastní čísla 2 a -3 i rozklad zadaného vektoru do vlastních směrů. Výsledný vektor v R^4 má správné čtyři složky a zachovává znaménko mocniny (-3)^n.","The solution correctly represents f by [[1,2],[2,-2]], uses eigenvalues 2 and -3 with the corresponding eigendirections, decomposes the input correctly, and gives the resulting vector in R^4 as a formula depending only on n."
"du06_2","2876","4","true","Řešení je úplné a správné. Správně určujete matici operátoru, vlastní čísla 2 a -3 i rozklad zadaného vektoru do vlastních směrů. Výsledný vektor v R^4 má správné čtyři složky a zachovává znaménko mocniny (-3)^n.","The solution correctly represents f by [[1,2],[2,-2]], uses eigenvalues 2 and -3 with the corresponding eigendirections, decomposes the input correctly, and gives the resulting vector in R^4 as a formula depending only on n."
"du06_2","2877","4","true","Řešení je úplné a správné. Správně určujete matici operátoru, vlastní čísla 2 a -3 i rozklad zadaného vektoru do vlastních směrů. Výsledný vektor v R^4 má správné čtyři složky a zachovává znaménko mocniny (-3)^n.","The solution correctly represents f by [[1,2],[2,-2]], uses eigenvalues 2 and -3 with the corresponding eigendirections, decomposes the input correctly, and gives the resulting vector in R^4 as a formula depending only on n."
"du06_2","2881","4","true","Řešení je úplné a správné. Správně určujete matici operátoru, vlastní čísla 2 a -3 i rozklad zadaného vektoru do vlastních směrů. Výsledný vektor v R^4 má správné čtyři složky a zachovává znaménko mocniny (-3)^n.","The solution correctly represents f by [[1,2],[2,-2]], uses eigenvalues 2 and -3 with the corresponding eigendirections, decomposes the input correctly, and gives the resulting vector in R^4 as a formula depending only on n."
"du06_2","2886","4","true","Řešení je úplné a správné. Správně určujete matici operátoru, vlastní čísla 2 a -3 i rozklad zadaného vektoru do vlastních směrů. Výsledný vektor v R^4 má správné čtyři složky a zachovává znaménko mocniny (-3)^n.","The solution correctly represents f by [[1,2],[2,-2]], uses eigenvalues 2 and -3 with the corresponding eigendirections, decomposes the input correctly, and gives the resulting vector in R^4 as a formula depending only on n."
"du06_2","2887","3","false","Matice i diagonalizace jsou v zásadě správně. Závěrečný vzorec ale nezachovává znaménko záporného vlastního čísla: místo (-3)^n pracuje s 3^n, takže liché mocniny vycházejí nesprávně.","The diagonalization framework is correct, but the final expression replaces the power (-3)^n by a non-alternating 3^n contribution."
"du06_2","2900","4","true","Řešení je úplné a správné. Správně určujete matici operátoru, vlastní čísla 2 a -3 i rozklad zadaného vektoru do vlastních směrů. Výsledný vektor v R^4 má správné čtyři složky a zachovává znaménko mocniny (-3)^n.","The solution correctly represents f by [[1,2],[2,-2]], uses eigenvalues 2 and -3 with the corresponding eigendirections, decomposes the input correctly, and gives the resulting vector in R^4 as a formula depending only on n."
"du06_2","2901","1.5","false","Vlastní čísla a jednotlivé vlastní vektory jsou nalezeny, ale jejich pořadí v matici přechodu neodpovídá pořadí hodnot 2 a -3 na diagonále. Tato záměna se přenáší do celé mocniny a výsledný vektor proto není obrazem zadaného vektoru.","The eigenvectors are placed in one order while the diagonal entries are used in the opposite order, so the change-of-basis computation and final vector are incorrect."
"du06_2","2903","2","false","Úvodní sestavení matice a nalezení vlastních čísel jsou správné. Závěrečný vektor však nevzniká správným použitím A^n na souřadnice (1,3); po dosazení n=1 nedává předepsaný obraz (10,7,-5,-1). Chyba tedy zasahuje výsledný vzorec, ne pouze jeho úpravu.","The initial matrix and spectral data are useful, but the final component formula is not the result of applying A^n to the input coordinates; it already gives a wrong value for n=1."
"du06_2","2917","3","false","Postup i druhý koeficient jsou správné. U koeficientu prvního bázového vektoru je však znaménko u (-3)^n opačné: má jít o 2^(n+1)-(-3)^n. Tato chyba mění více složek výsledného vektoru.","The solution is otherwise sound, but the first coefficient in the original basis has the wrong sign on the (-3)^n term."
"du06_2","2918","4","true","Řešení je úplné a správné. Správně určujete matici operátoru, vlastní čísla 2 a -3 i rozklad zadaného vektoru do vlastních směrů. Výsledný vektor v R^4 má správné čtyři složky a zachovává znaménko mocniny (-3)^n.","The solution correctly represents f by [[1,2],[2,-2]], uses eigenvalues 2 and -3 with the corresponding eigendirections, decomposes the input correctly, and gives the resulting vector in R^4 as a formula depending only on n."
"du06_2","2922","4","true","Řešení je úplné a správné. Správně určujete matici operátoru, vlastní čísla 2 a -3 i rozklad zadaného vektoru do vlastních směrů. Výsledný vektor v R^4 má správné čtyři složky a zachovává znaménko mocniny (-3)^n.","The solution correctly represents f by [[1,2],[2,-2]], uses eigenvalues 2 and -3 with the corresponding eigendirections, decomposes the input correctly, and gives the resulting vector in R^4 as a formula depending only on n."
"du06_2","2935","3","false","Vlastní čísla a rozklad jsou téměř správné, ale vlastní vektor pro -3 má v R^4 první složku 0, nikoli 1. Kvůli tomu je první složka výsledného vektoru chybná, i když zbývající struktura výpočtu odpovídá správnému postupu.","The spectral decomposition is nearly correct, but the -3 eigenvector is written with first coordinate 1 instead of 0, making the first component of the final formula wrong."
"du06_2","2937","4","true","Řešení je úplné a správné. Správně určujete matici operátoru, vlastní čísla 2 a -3 i rozklad zadaného vektoru do vlastních směrů. Výsledný vektor v R^4 má správné čtyři složky a zachovává znaménko mocniny (-3)^n.","The solution correctly represents f by [[1,2],[2,-2]], uses eigenvalues 2 and -3 with the corresponding eigendirections, decomposes the input correctly, and gives the resulting vector in R^4 as a formula depending only on n."
"du06_2","2940","3.5","false","Konečný explicitní vektor má správné složky. Zápis před ním je však vnitřně rozporný: pořadí vektorů v bázi C neodpovídá pořadí hodnot 2 a -3 na diagonále a při dosazení jsou označení vektorů opět prohozena. Výsledek je správný, ale odvození v této podobě není konzistentní.","The final explicit component vector is correct, but the declared order of the eigenbasis, the diagonal matrix, and the labels used in the reconstruction contradict one another."
"du06_2","2947","4","true","Řešení je úplné a správné. Správně určujete matici operátoru, vlastní čísla 2 a -3 i rozklad zadaného vektoru do vlastních směrů. Výsledný vektor v R^4 má správné čtyři složky a zachovává znaménko mocniny (-3)^n.","The solution correctly represents f by [[1,2],[2,-2]], uses eigenvalues 2 and -3 with the corresponding eigendirections, decomposes the input correctly, and gives the resulting vector in R^4 as a formula depending only on n."
"du06_2","2948","4","true","Řešení je úplné a správné. Správně určujete matici operátoru, vlastní čísla 2 a -3 i rozklad zadaného vektoru do vlastních směrů. Výsledný vektor v R^4 má správné čtyři složky a zachovává znaménko mocniny (-3)^n.","The solution correctly represents f by [[1,2],[2,-2]], uses eigenvalues 2 and -3 with the corresponding eigendirections, decomposes the input correctly, and gives the resulting vector in R^4 as a formula depending only on n."
"du06_2","2984","4","true","Řešení je úplné a správné. Správně určujete matici operátoru, vlastní čísla 2 a -3 i rozklad zadaného vektoru do vlastních směrů. Výsledný vektor v R^4 má správné čtyři složky a zachovává znaménko mocniny (-3)^n.","The solution correctly represents f by [[1,2],[2,-2]], uses eigenvalues 2 and -3 with the corresponding eigendirections, decomposes the input correctly, and gives the resulting vector in R^4 as a formula depending only on n."
"du06_2","2986","4","true","Řešení je úplné a správné. Správně určujete matici operátoru, vlastní čísla 2 a -3 i rozklad zadaného vektoru do vlastních směrů. Výsledný vektor v R^4 má správné čtyři složky a zachovává znaménko mocniny (-3)^n.","The solution correctly represents f by [[1,2],[2,-2]], uses eigenvalues 2 and -3 with the corresponding eigendirections, decomposes the input correctly, and gives the resulting vector in R^4 as a formula depending only on n."
"du06_2","2988","4","true","Řešení je úplné a správné. Správně určujete matici operátoru, vlastní čísla 2 a -3 i rozklad zadaného vektoru do vlastních směrů. Výsledný vektor v R^4 má správné čtyři složky a zachovává znaménko mocniny (-3)^n.","The solution correctly represents f by [[1,2],[2,-2]], uses eigenvalues 2 and -3 with the corresponding eigendirections, decomposes the input correctly, and gives the resulting vector in R^4 as a formula depending only on n."
"du06_2","3001","4","true","Řešení je úplné a správné. Správně určujete matici operátoru, vlastní čísla 2 a -3 i rozklad zadaného vektoru do vlastních směrů. Výsledný vektor v R^4 má správné čtyři složky a zachovává znaménko mocniny (-3)^n.","The solution correctly represents f by [[1,2],[2,-2]], uses eigenvalues 2 and -3 with the corresponding eigendirections, decomposes the input correctly, and gives the resulting vector in R^4 as a formula depending only on n."
"du06_2","3003","4","true","Řešení je úplné a správné. Správně určujete matici operátoru, vlastní čísla 2 a -3 i rozklad zadaného vektoru do vlastních směrů. Výsledný vektor v R^4 má správné čtyři složky a zachovává znaménko mocniny (-3)^n.","The solution correctly represents f by [[1,2],[2,-2]], uses eigenvalues 2 and -3 with the corresponding eigendirections, decomposes the input correctly, and gives the resulting vector in R^4 as a formula depending only on n."
"du06_2","3025","4","true","Řešení je úplné a správné. Správně určujete matici operátoru, vlastní čísla 2 a -3 i rozklad zadaného vektoru do vlastních směrů. Výsledný vektor v R^4 má správné čtyři složky a zachovává znaménko mocniny (-3)^n.","The solution correctly represents f by [[1,2],[2,-2]], uses eigenvalues 2 and -3 with the corresponding eigendirections, decomposes the input correctly, and gives the resulting vector in R^4 as a formula depending only on n."
"du06_2","3036","4","true","Řešení je úplné a správné. Správně určujete matici operátoru, vlastní čísla 2 a -3 i rozklad zadaného vektoru do vlastních směrů. Výsledný vektor v R^4 má správné čtyři složky a zachovává znaménko mocniny (-3)^n.","The solution correctly represents f by [[1,2],[2,-2]], uses eigenvalues 2 and -3 with the corresponding eigendirections, decomposes the input correctly, and gives the resulting vector in R^4 as a formula depending only on n."
"du06_2","3039","4","true","Řešení je úplné a správné. Správně určujete matici operátoru, vlastní čísla 2 a -3 i rozklad zadaného vektoru do vlastních směrů. Výsledný vektor v R^4 má správné čtyři složky a zachovává znaménko mocniny (-3)^n.","The solution correctly represents f by [[1,2],[2,-2]], uses eigenvalues 2 and -3 with the corresponding eigendirections, decomposes the input correctly, and gives the resulting vector in R^4 as a formula depending only on n."
"du06_2","3041","4","true","Řešení je úplné a správné. Správně určujete matici operátoru, vlastní čísla 2 a -3 i rozklad zadaného vektoru do vlastních směrů. Výsledný vektor v R^4 má správné čtyři složky a zachovává znaménko mocniny (-3)^n.","The solution correctly represents f by [[1,2],[2,-2]], uses eigenvalues 2 and -3 with the corresponding eigendirections, decomposes the input correctly, and gives the resulting vector in R^4 as a formula depending only on n."
"du06_2","3045","4","true","Řešení je úplné a správné. Správně určujete matici operátoru, vlastní čísla 2 a -3 i rozklad zadaného vektoru do vlastních směrů. Výsledný vektor v R^4 má správné čtyři složky a zachovává znaménko mocniny (-3)^n.","The solution correctly represents f by [[1,2],[2,-2]], uses eigenvalues 2 and -3 with the corresponding eigendirections, decomposes the input correctly, and gives the resulting vector in R^4 as a formula depending only on n."
"du06_2","3056","4","true","Řešení je úplné a správné. Správně určujete matici operátoru, vlastní čísla 2 a -3 i rozklad zadaného vektoru do vlastních směrů. Výsledný vektor v R^4 má správné čtyři složky a zachovává znaménko mocniny (-3)^n.","The solution correctly represents f by [[1,2],[2,-2]], uses eigenvalues 2 and -3 with the corresponding eigendirections, decomposes the input correctly, and gives the resulting vector in R^4 as a formula depending only on n."
"du06_2","3060","4","true","Řešení je úplné a správné. Správně určujete matici operátoru, vlastní čísla 2 a -3 i rozklad zadaného vektoru do vlastních směrů. Výsledný vektor v R^4 má správné čtyři složky a zachovává znaménko mocniny (-3)^n.","The solution correctly represents f by [[1,2],[2,-2]], uses eigenvalues 2 and -3 with the corresponding eigendirections, decomposes the input correctly, and gives the resulting vector in R^4 as a formula depending only on n."
"du06_2","3071","4","true","Řešení je úplné a správné. Správně určujete matici operátoru, vlastní čísla 2 a -3 i rozklad zadaného vektoru do vlastních směrů. Výsledný vektor v R^4 má správné čtyři složky a zachovává znaménko mocniny (-3)^n.","The solution correctly represents f by [[1,2],[2,-2]], uses eigenvalues 2 and -3 with the corresponding eigendirections, decomposes the input correctly, and gives the resulting vector in R^4 as a formula depending only on n."
"du06_2","3072","2.5","false","Matice operátoru i vlastní čísla a vektory jsou správně. Při násobení diagonalizace jsou však mocniny přiřazeny k opačným vlastním směrům, takže uvedená matice A^n ani výsledný vektor nejsou správné; kontrola pro n=0 už nevrací původní vektor.","The operator matrix and eigenpairs are correct, but the powers are assigned to the wrong eigendirections in the computed A^n, producing a final expression that fails even at n=0."
"du06_2","3075","4","true","Řešení je úplné a správné. Správně určujete matici operátoru, vlastní čísla 2 a -3 i rozklad zadaného vektoru do vlastních směrů. Výsledný vektor v R^4 má správné čtyři složky a zachovává znaménko mocniny (-3)^n.","The solution correctly represents f by [[1,2],[2,-2]], uses eigenvalues 2 and -3 with the corresponding eigendirections, decomposes the input correctly, and gives the resulting vector in R^4 as a formula depending only on n."
"du06_2","3076","4","true","Řešení je úplné a správné. Správně určujete matici operátoru, vlastní čísla 2 a -3 i rozklad zadaného vektoru do vlastních směrů. Výsledný vektor v R^4 má správné čtyři složky a zachovává znaménko mocniny (-3)^n.","The solution correctly represents f by [[1,2],[2,-2]], uses eigenvalues 2 and -3 with the corresponding eigendirections, decomposes the input correctly, and gives the resulting vector in R^4 as a formula depending only on n."
"du06_2","3077","4","true","Řešení je úplné a správné. Správně určujete matici operátoru, vlastní čísla 2 a -3 i rozklad zadaného vektoru do vlastních směrů. Výsledný vektor v R^4 má správné čtyři složky a zachovává znaménko mocniny (-3)^n.","The solution correctly represents f by [[1,2],[2,-2]], uses eigenvalues 2 and -3 with the corresponding eigendirections, decomposes the input correctly, and gives the resulting vector in R^4 as a formula depending only on n."
"du06_2","3089","4","true","Řešení je úplné a správné. Správně určujete matici operátoru, vlastní čísla 2 a -3 i rozklad zadaného vektoru do vlastních směrů. Výsledný vektor v R^4 má správné čtyři složky a zachovává znaménko mocniny (-3)^n.","The solution correctly represents f by [[1,2],[2,-2]], uses eigenvalues 2 and -3 with the corresponding eigendirections, decomposes the input correctly, and gives the resulting vector in R^4 as a formula depending only on n."
"du06_2","3090","4","true","Řešení je úplné a správné. Správně určujete matici operátoru, vlastní čísla 2 a -3 i rozklad zadaného vektoru do vlastních směrů. Výsledný vektor v R^4 má správné čtyři složky a zachovává znaménko mocniny (-3)^n.","The solution correctly represents f by [[1,2],[2,-2]], uses eigenvalues 2 and -3 with the corresponding eigendirections, decomposes the input correctly, and gives the resulting vector in R^4 as a formula depending only on n."
"du06_2","3115","4","true","Řešení je úplné a správné. Správně určujete matici operátoru, vlastní čísla 2 a -3 i rozklad zadaného vektoru do vlastních směrů. Výsledný vektor v R^4 má správné čtyři složky a zachovává znaménko mocniny (-3)^n.","The solution correctly represents f by [[1,2],[2,-2]], uses eigenvalues 2 and -3 with the corresponding eigendirections, decomposes the input correctly, and gives the resulting vector in R^4 as a formula depending only on n."
"du06_2","3116","4","true","Řešení je úplné a správné. Správně určujete matici operátoru, vlastní čísla 2 a -3 i rozklad zadaného vektoru do vlastních směrů. Výsledný vektor v R^4 má správné čtyři složky a zachovává znaménko mocniny (-3)^n.","The solution correctly represents f by [[1,2],[2,-2]], uses eigenvalues 2 and -3 with the corresponding eigendirections, decomposes the input correctly, and gives the resulting vector in R^4 as a formula depending only on n."
"du06_2","3121","4","true","Řešení je úplné a správné. Správně určujete matici operátoru, vlastní čísla 2 a -3 i rozklad zadaného vektoru do vlastních směrů. Výsledný vektor v R^4 má správné čtyři složky a zachovává znaménko mocniny (-3)^n.","The solution correctly represents f by [[1,2],[2,-2]], uses eigenvalues 2 and -3 with the corresponding eigendirections, decomposes the input correctly, and gives the resulting vector in R^4 as a formula depending only on n."
"du06_2","3128","4","true","Řešení je úplné a správné. Správně určujete matici operátoru, vlastní čísla 2 a -3 i rozklad zadaného vektoru do vlastních směrů. Výsledný vektor v R^4 má správné čtyři složky a zachovává znaménko mocniny (-3)^n.","The solution correctly represents f by [[1,2],[2,-2]], uses eigenvalues 2 and -3 with the corresponding eigendirections, decomposes the input correctly, and gives the resulting vector in R^4 as a formula depending only on n."
"du06_2","3135","4","true","Řešení je úplné a správné. Správně určujete matici operátoru, vlastní čísla 2 a -3 i rozklad zadaného vektoru do vlastních směrů. Výsledný vektor v R^4 má správné čtyři složky a zachovává znaménko mocniny (-3)^n.","The solution correctly represents f by [[1,2],[2,-2]], uses eigenvalues 2 and -3 with the corresponding eigendirections, decomposes the input correctly, and gives the resulting vector in R^4 as a formula depending only on n."
"du06_2","3142","4","true","Řešení je úplné a správné. Správně určujete matici operátoru, vlastní čísla 2 a -3 i rozklad zadaného vektoru do vlastních směrů. Výsledný vektor v R^4 má správné čtyři složky a zachovává znaménko mocniny (-3)^n.","The solution correctly represents f by [[1,2],[2,-2]], uses eigenvalues 2 and -3 with the corresponding eigendirections, decomposes the input correctly, and gives the resulting vector in R^4 as a formula depending only on n."
"du06_2","3164","4","true","Řešení je úplné a správné. Správně určujete matici operátoru, vlastní čísla 2 a -3 i rozklad zadaného vektoru do vlastních směrů. Výsledný vektor v R^4 má správné čtyři složky a zachovává znaménko mocniny (-3)^n.","The solution correctly represents f by [[1,2],[2,-2]], uses eigenvalues 2 and -3 with the corresponding eigendirections, decomposes the input correctly, and gives the resulting vector in R^4 as a formula depending only on n."
"du06_2","3165","4","true","Řešení je úplné a správné. Správně určujete matici operátoru, vlastní čísla 2 a -3 i rozklad zadaného vektoru do vlastních směrů. Výsledný vektor v R^4 má správné čtyři složky a zachovává znaménko mocniny (-3)^n.","The solution correctly represents f by [[1,2],[2,-2]], uses eigenvalues 2 and -3 with the corresponding eigendirections, decomposes the input correctly, and gives the resulting vector in R^4 as a formula depending only on n."
"du06_2","3166","4","true","Řešení je úplné a správné. Správně určujete matici operátoru, vlastní čísla 2 a -3 i rozklad zadaného vektoru do vlastních směrů. Výsledný vektor v R^4 má správné čtyři složky a zachovává znaménko mocniny (-3)^n.","The solution correctly represents f by [[1,2],[2,-2]], uses eigenvalues 2 and -3 with the corresponding eigendirections, decomposes the input correctly, and gives the resulting vector in R^4 as a formula depending only on n."
"du06_2","3167","4","true","Řešení je úplné a správné. Správně určujete matici operátoru, vlastní čísla 2 a -3 i rozklad zadaného vektoru do vlastních směrů. Výsledný vektor v R^4 má správné čtyři složky a zachovává znaménko mocniny (-3)^n.","The solution correctly represents f by [[1,2],[2,-2]], uses eigenvalues 2 and -3 with the corresponding eigendirections, decomposes the input correctly, and gives the resulting vector in R^4 as a formula depending only on n."
"du06_2","3174","4","true","Řešení je úplné a správné. Správně určujete matici operátoru, vlastní čísla 2 a -3 i rozklad zadaného vektoru do vlastních směrů. Výsledný vektor v R^4 má správné čtyři složky a zachovává znaménko mocniny (-3)^n.","The solution correctly represents f by [[1,2],[2,-2]], uses eigenvalues 2 and -3 with the corresponding eigendirections, decomposes the input correctly, and gives the resulting vector in R^4 as a formula depending only on n."
"du06_2","3193","4","true","Řešení je úplné a správné. Správně určujete matici operátoru, vlastní čísla 2 a -3 i rozklad zadaného vektoru do vlastních směrů. Výsledný vektor v R^4 má správné čtyři složky a zachovává znaménko mocniny (-3)^n.","The solution correctly represents f by [[1,2],[2,-2]], uses eigenvalues 2 and -3 with the corresponding eigendirections, decomposes the input correctly, and gives the resulting vector in R^4 as a formula depending only on n."
"du06_2","3194","4","true","Řešení je úplné a správné. Správně určujete matici operátoru, vlastní čísla 2 a -3 i rozklad zadaného vektoru do vlastních směrů. Výsledný vektor v R^4 má správné čtyři složky a zachovává znaménko mocniny (-3)^n.","The solution correctly represents f by [[1,2],[2,-2]], uses eigenvalues 2 and -3 with the corresponding eigendirections, decomposes the input correctly, and gives the resulting vector in R^4 as a formula depending only on n."
"du06_2","3204","4","true","Řešení je úplné a správné. Správně určujete matici operátoru, vlastní čísla 2 a -3 i rozklad zadaného vektoru do vlastních směrů. Výsledný vektor v R^4 má správné čtyři složky a zachovává znaménko mocniny (-3)^n.","The solution correctly represents f by [[1,2],[2,-2]], uses eigenvalues 2 and -3 with the corresponding eigendirections, decomposes the input correctly, and gives the resulting vector in R^4 as a formula depending only on n."
"du06_2","3209","3","false","Volba báze, vlastní čísla i vlastní vektory jsou správně. V inverzní matici přechodu je však v levém horním rohu použito 3/5 místo 1/5. Tato jediná početní chyba se přenese do výsledku, který proto nesedí ani po dosazení n=0.","The method and eigenpairs are correct, but one entry of the inverse change-of-basis matrix is 3 instead of 1, and this arithmetic error propagates to the final vector."
"du06_2","3213","4","true","Řešení je úplné a správné. Správně určujete matici operátoru, vlastní čísla 2 a -3 i rozklad zadaného vektoru do vlastních směrů. Výsledný vektor v R^4 má správné čtyři složky a zachovává znaménko mocniny (-3)^n.","The solution correctly represents f by [[1,2],[2,-2]], uses eigenvalues 2 and -3 with the corresponding eigendirections, decomposes the input correctly, and gives the resulting vector in R^4 as a formula depending only on n."
"du06_2","3218","4","true","Řešení je úplné a správné. Správně určujete matici operátoru, vlastní čísla 2 a -3 i rozklad zadaného vektoru do vlastních směrů. Výsledný vektor v R^4 má správné čtyři složky a zachovává znaménko mocniny (-3)^n.","The solution correctly represents f by [[1,2],[2,-2]], uses eigenvalues 2 and -3 with the corresponding eigendirections, decomposes the input correctly, and gives the resulting vector in R^4 as a formula depending only on n."
"du06_2","3221","4","true","Řešení je úplné a správné. Správně určujete matici operátoru, vlastní čísla 2 a -3 i rozklad zadaného vektoru do vlastních směrů. Výsledný vektor v R^4 má správné čtyři složky a zachovává znaménko mocniny (-3)^n.","The solution correctly represents f by [[1,2],[2,-2]], uses eigenvalues 2 and -3 with the corresponding eigendirections, decomposes the input correctly, and gives the resulting vector in R^4 as a formula depending only on n."
"du06_2","3225","4","true","Řešení je úplné a správné. Správně určujete matici operátoru, vlastní čísla 2 a -3 i rozklad zadaného vektoru do vlastních směrů. Výsledný vektor v R^4 má správné čtyři složky a zachovává znaménko mocniny (-3)^n.","The solution correctly represents f by [[1,2],[2,-2]], uses eigenvalues 2 and -3 with the corresponding eigendirections, decomposes the input correctly, and gives the resulting vector in R^4 as a formula depending only on n."
"du06_2","3227","4","true","Řešení je úplné a správné. Správně určujete matici operátoru, vlastní čísla 2 a -3 i rozklad zadaného vektoru do vlastních směrů. Výsledný vektor v R^4 má správné čtyři složky a zachovává znaménko mocniny (-3)^n.","The solution correctly represents f by [[1,2],[2,-2]], uses eigenvalues 2 and -3 with the corresponding eigendirections, decomposes the input correctly, and gives the resulting vector in R^4 as a formula depending only on n."
"du06_2","3231","2","false","Správně určujete matici operátoru na V i vlastní směry pro hodnoty 2 a -3. Poté ale přecházíte k nadbytečné čtyřrozměrné matici a výpočet označujete jako nedopočítaný. Požadovaný vzorec pro f^n(5,1,3,7) v odevzdání chybí.","The work finds the correct two-dimensional operator matrix and relevant eigenvectors, but then embeds it into an unnecessary four-dimensional construction and explicitly stops before computing the requested value."
"du06_2","3233","4","true","Řešení je úplné a správné. Správně určujete matici operátoru, vlastní čísla 2 a -3 i rozklad zadaného vektoru do vlastních směrů. Výsledný vektor v R^4 má správné čtyři složky a zachovává znaménko mocniny (-3)^n.","The solution correctly represents f by [[1,2],[2,-2]], uses eigenvalues 2 and -3 with the corresponding eigendirections, decomposes the input correctly, and gives the resulting vector in R^4 as a formula depending only on n."
"du06_2","3239","4","true","Řešení je úplné a správné. Správně určujete matici operátoru, vlastní čísla 2 a -3 i rozklad zadaného vektoru do vlastních směrů. Výsledný vektor v R^4 má správné čtyři složky a zachovává znaménko mocniny (-3)^n.","The solution correctly represents f by [[1,2],[2,-2]], uses eigenvalues 2 and -3 with the corresponding eigendirections, decomposes the input correctly, and gives the resulting vector in R^4 as a formula depending only on n."
"du06_2","3241","4","true","Řešení je úplné a správné. Správně určujete matici operátoru, vlastní čísla 2 a -3 i rozklad zadaného vektoru do vlastních směrů. Výsledný vektor v R^4 má správné čtyři složky a zachovává znaménko mocniny (-3)^n.","The solution correctly represents f by [[1,2],[2,-2]], uses eigenvalues 2 and -3 with the corresponding eigendirections, decomposes the input correctly, and gives the resulting vector in R^4 as a formula depending only on n."
"du06_2","3242","4","true","Řešení je úplné a správné. Správně určujete matici operátoru, vlastní čísla 2 a -3 i rozklad zadaného vektoru do vlastních směrů. Výsledný vektor v R^4 má správné čtyři složky a zachovává znaménko mocniny (-3)^n.","The solution correctly represents f by [[1,2],[2,-2]], uses eigenvalues 2 and -3 with the corresponding eigendirections, decomposes the input correctly, and gives the resulting vector in R^4 as a formula depending only on n."
"du06_2","3248","4","true","Řešení je úplné a správné. Správně určujete matici operátoru, vlastní čísla 2 a -3 i rozklad zadaného vektoru do vlastních směrů. Výsledný vektor v R^4 má správné čtyři složky a zachovává znaménko mocniny (-3)^n.","The solution correctly represents f by [[1,2],[2,-2]], uses eigenvalues 2 and -3 with the corresponding eigendirections, decomposes the input correctly, and gives the resulting vector in R^4 as a formula depending only on n."
"du06_2","3250","4","true","Řešení je úplné a správné. Správně určujete matici operátoru, vlastní čísla 2 a -3 i rozklad zadaného vektoru do vlastních směrů. Výsledný vektor v R^4 má správné čtyři složky a zachovává znaménko mocniny (-3)^n.","The solution correctly represents f by [[1,2],[2,-2]], uses eigenvalues 2 and -3 with the corresponding eigendirections, decomposes the input correctly, and gives the resulting vector in R^4 as a formula depending only on n."
"du06_2","3254","4","true","Řešení je úplné a správné. Správně určujete matici operátoru, vlastní čísla 2 a -3 i rozklad zadaného vektoru do vlastních směrů. Výsledný vektor v R^4 má správné čtyři složky a zachovává znaménko mocniny (-3)^n.","The solution correctly represents f by [[1,2],[2,-2]], uses eigenvalues 2 and -3 with the corresponding eigendirections, decomposes the input correctly, and gives the resulting vector in R^4 as a formula depending only on n."
"du06_2","3256","4","true","Řešení je úplné a správné. Správně určujete matici operátoru, vlastní čísla 2 a -3 i rozklad zadaného vektoru do vlastních směrů. Výsledný vektor v R^4 má správné čtyři složky a zachovává znaménko mocniny (-3)^n.","The solution correctly represents f by [[1,2],[2,-2]], uses eigenvalues 2 and -3 with the corresponding eigendirections, decomposes the input correctly, and gives the resulting vector in R^4 as a formula depending only on n."
"du06_2","3259","4","true","Řešení je úplné a správné. Správně určujete matici operátoru, vlastní čísla 2 a -3 i rozklad zadaného vektoru do vlastních směrů. Výsledný vektor v R^4 má správné čtyři složky a zachovává znaménko mocniny (-3)^n.","The solution correctly represents f by [[1,2],[2,-2]], uses eigenvalues 2 and -3 with the corresponding eigendirections, decomposes the input correctly, and gives the resulting vector in R^4 as a formula depending only on n."
"du06_2","3260","4","true","Řešení je úplné a správné. Správně určujete matici operátoru, vlastní čísla 2 a -3 i rozklad zadaného vektoru do vlastních směrů. Výsledný vektor v R^4 má správné čtyři složky a zachovává znaménko mocniny (-3)^n.","The solution correctly represents f by [[1,2],[2,-2]], uses eigenvalues 2 and -3 with the corresponding eigendirections, decomposes the input correctly, and gives the resulting vector in R^4 as a formula depending only on n."
"du06_2","3261","4","true","Řešení je úplné a správné. Správně určujete matici operátoru, vlastní čísla 2 a -3 i rozklad zadaného vektoru do vlastních směrů. Výsledný vektor v R^4 má správné čtyři složky a zachovává znaménko mocniny (-3)^n.","The solution correctly represents f by [[1,2],[2,-2]], uses eigenvalues 2 and -3 with the corresponding eigendirections, decomposes the input correctly, and gives the resulting vector in R^4 as a formula depending only on n."
"du06_2","3264","4","true","Řešení je úplné a správné. Správně určujete matici operátoru, vlastní čísla 2 a -3 i rozklad zadaného vektoru do vlastních směrů. Výsledný vektor v R^4 má správné čtyři složky a zachovává znaménko mocniny (-3)^n.","The solution correctly represents f by [[1,2],[2,-2]], uses eigenvalues 2 and -3 with the corresponding eigendirections, decomposes the input correctly, and gives the resulting vector in R^4 as a formula depending only on n."
"du06_2","3265","4","true","Řešení je úplné a správné. Správně určujete matici operátoru, vlastní čísla 2 a -3 i rozklad zadaného vektoru do vlastních směrů. Výsledný vektor v R^4 má správné čtyři složky a zachovává znaménko mocniny (-3)^n.","The solution correctly represents f by [[1,2],[2,-2]], uses eigenvalues 2 and -3 with the corresponding eigendirections, decomposes the input correctly, and gives the resulting vector in R^4 as a formula depending only on n."
"du06_2","3266","4","true","Řešení je úplné a správné. Správně určujete matici operátoru, vlastní čísla 2 a -3 i rozklad zadaného vektoru do vlastních směrů. Výsledný vektor v R^4 má správné čtyři složky a zachovává znaménko mocniny (-3)^n.","The solution correctly represents f by [[1,2],[2,-2]], uses eigenvalues 2 and -3 with the corresponding eigendirections, decomposes the input correctly, and gives the resulting vector in R^4 as a formula depending only on n."
"du06_2","3269","4","true","Řešení je úplné a správné. Správně určujete matici operátoru, vlastní čísla 2 a -3 i rozklad zadaného vektoru do vlastních směrů. Výsledný vektor v R^4 má správné čtyři složky a zachovává znaménko mocniny (-3)^n.","The solution correctly represents f by [[1,2],[2,-2]], uses eigenvalues 2 and -3 with the corresponding eigendirections, decomposes the input correctly, and gives the resulting vector in R^4 as a formula depending only on n."
"du06_2","3272","4","true","Řešení je úplné a správné. Správně určujete matici operátoru, vlastní čísla 2 a -3 i rozklad zadaného vektoru do vlastních směrů. Výsledný vektor v R^4 má správné čtyři složky a zachovává znaménko mocniny (-3)^n.","The solution correctly represents f by [[1,2],[2,-2]], uses eigenvalues 2 and -3 with the corresponding eigendirections, decomposes the input correctly, and gives the resulting vector in R^4 as a formula depending only on n."
"du06_2","3273","4","true","Řešení je úplné a správné. Správně určujete matici operátoru, vlastní čísla 2 a -3 i rozklad zadaného vektoru do vlastních směrů. Výsledný vektor v R^4 má správné čtyři složky a zachovává znaménko mocniny (-3)^n.","The solution correctly represents f by [[1,2],[2,-2]], uses eigenvalues 2 and -3 with the corresponding eigendirections, decomposes the input correctly, and gives the resulting vector in R^4 as a formula depending only on n."
"du06_2","3275","4","true","Řešení je úplné a správné. Správně určujete matici operátoru, vlastní čísla 2 a -3 i rozklad zadaného vektoru do vlastních směrů. Výsledný vektor v R^4 má správné čtyři složky a zachovává znaménko mocniny (-3)^n.","The solution correctly represents f by [[1,2],[2,-2]], uses eigenvalues 2 and -3 with the corresponding eigendirections, decomposes the input correctly, and gives the resulting vector in R^4 as a formula depending only on n."
"du06_2","3277","4","true","Řešení je úplné a správné. Správně určujete matici operátoru, vlastní čísla 2 a -3 i rozklad zadaného vektoru do vlastních směrů. Výsledný vektor v R^4 má správné čtyři složky a zachovává znaménko mocniny (-3)^n.","The solution correctly represents f by [[1,2],[2,-2]], uses eigenvalues 2 and -3 with the corresponding eigendirections, decomposes the input correctly, and gives the resulting vector in R^4 as a formula depending only on n."
"du06_2","3284","4","true","Řešení je úplné a správné. Správně určujete matici operátoru, vlastní čísla 2 a -3 i rozklad zadaného vektoru do vlastních směrů. Výsledný vektor v R^4 má správné čtyři složky a zachovává znaménko mocniny (-3)^n.","The solution correctly represents f by [[1,2],[2,-2]], uses eigenvalues 2 and -3 with the corresponding eigendirections, decomposes the input correctly, and gives the resulting vector in R^4 as a formula depending only on n."
"du06_2","3287","4","true","Řešení je úplné a správné. Správně určujete matici operátoru, vlastní čísla 2 a -3 i rozklad zadaného vektoru do vlastních směrů. Výsledný vektor v R^4 má správné čtyři složky a zachovává znaménko mocniny (-3)^n.","The solution correctly represents f by [[1,2],[2,-2]], uses eigenvalues 2 and -3 with the corresponding eigendirections, decomposes the input correctly, and gives the resulting vector in R^4 as a formula depending only on n."
"du06_2","3288","4","true","Řešení je úplné a správné. Správně určujete matici operátoru, vlastní čísla 2 a -3 i rozklad zadaného vektoru do vlastních směrů. Výsledný vektor v R^4 má správné čtyři složky a zachovává znaménko mocniny (-3)^n.","The solution correctly represents f by [[1,2],[2,-2]], uses eigenvalues 2 and -3 with the corresponding eigendirections, decomposes the input correctly, and gives the resulting vector in R^4 as a formula depending only on n."
"du06_2","3294","4","true","Řešení je úplné a správné. Správně určujete matici operátoru, vlastní čísla 2 a -3 i rozklad zadaného vektoru do vlastních směrů. Výsledný vektor v R^4 má správné čtyři složky a zachovává znaménko mocniny (-3)^n.","The solution correctly represents f by [[1,2],[2,-2]], uses eigenvalues 2 and -3 with the corresponding eigendirections, decomposes the input correctly, and gives the resulting vector in R^4 as a formula depending only on n."
"du06_2","3295","4","true","Řešení je úplné a správné. Správně určujete matici operátoru, vlastní čísla 2 a -3 i rozklad zadaného vektoru do vlastních směrů. Výsledný vektor v R^4 má správné čtyři složky a zachovává znaménko mocniny (-3)^n.","The solution correctly represents f by [[1,2],[2,-2]], uses eigenvalues 2 and -3 with the corresponding eigendirections, decomposes the input correctly, and gives the resulting vector in R^4 as a formula depending only on n."
"du06_2","3298","4","true","Řešení je úplné a správné. Správně určujete matici operátoru, vlastní čísla 2 a -3 i rozklad zadaného vektoru do vlastních směrů. Výsledný vektor v R^4 má správné čtyři složky a zachovává znaménko mocniny (-3)^n.","The solution correctly represents f by [[1,2],[2,-2]], uses eigenvalues 2 and -3 with the corresponding eigendirections, decomposes the input correctly, and gives the resulting vector in R^4 as a formula depending only on n."
"du06_2","3300","3","false","Matice, diagonalizace a výsledné souřadnice vzhledem k bázi B jsou správné. Řešení však končí právě před převodem těchto dvou souřadnic na čtyřsložkový vektor v R^4, takže požadovaný výsledek není dopsán v cílovém tvaru.","The solution reaches the correct coordinate formula in the original basis B but explicitly stops before converting it to the requested vector in R^4."
"du06_2","3301","4","true","Řešení je úplné a správné. Správně určujete matici operátoru, vlastní čísla 2 a -3 i rozklad zadaného vektoru do vlastních směrů. Výsledný vektor v R^4 má správné čtyři složky a zachovává znaménko mocniny (-3)^n.","The solution correctly represents f by [[1,2],[2,-2]], uses eigenvalues 2 and -3 with the corresponding eigendirections, decomposes the input correctly, and gives the resulting vector in R^4 as a formula depending only on n."
"du06_2","3305","3","false","Spektrální údaje jsou správné, ale při roznásobení diagonalizace zacházíte se záporným vlastním číslem jako s -3^n místo s (-3)^n. Uvedená matice mocniny proto neplatí obecně; například pro n=0 nedává jednotkovou matici.","The eigenvalues and eigenvectors are correct, but the expansion of the -3 eigenvalue contribution uses non-alternating signs, so the displayed power matrix is not A^n."
"du06_2","3310","4","true","Řešení je úplné a správné. Správně určujete matici operátoru, vlastní čísla 2 a -3 i rozklad zadaného vektoru do vlastních směrů. Výsledný vektor v R^4 má správné čtyři složky a zachovává znaménko mocniny (-3)^n.","The solution correctly represents f by [[1,2],[2,-2]], uses eigenvalues 2 and -3 with the corresponding eigendirections, decomposes the input correctly, and gives the resulting vector in R^4 as a formula depending only on n."
"du06_2","3314","4","true","Řešení je úplné a správné. Správně určujete matici operátoru, vlastní čísla 2 a -3 i rozklad zadaného vektoru do vlastních směrů. Výsledný vektor v R^4 má správné čtyři složky a zachovává znaménko mocniny (-3)^n.","The solution correctly represents f by [[1,2],[2,-2]], uses eigenvalues 2 and -3 with the corresponding eigendirections, decomposes the input correctly, and gives the resulting vector in R^4 as a formula depending only on n."
"du06_2","3324","4","true","Řešení je úplné a správné. Správně určujete matici operátoru, vlastní čísla 2 a -3 i rozklad zadaného vektoru do vlastních směrů. Výsledný vektor v R^4 má správné čtyři složky a zachovává znaménko mocniny (-3)^n.","The solution correctly represents f by [[1,2],[2,-2]], uses eigenvalues 2 and -3 with the corresponding eigendirections, decomposes the input correctly, and gives the resulting vector in R^4 as a formula depending only on n."
"du06_2","3326","4","true","Řešení je úplné a správné. Správně určujete matici operátoru, vlastní čísla 2 a -3 i rozklad zadaného vektoru do vlastních směrů. Výsledný vektor v R^4 má správné čtyři složky a zachovává znaménko mocniny (-3)^n.","The solution correctly represents f by [[1,2],[2,-2]], uses eigenvalues 2 and -3 with the corresponding eigendirections, decomposes the input correctly, and gives the resulting vector in R^4 as a formula depending only on n."
"du06_2","3329","4","true","Řešení je úplné a správné. Správně určujete matici operátoru, vlastní čísla 2 a -3 i rozklad zadaného vektoru do vlastních směrů. Výsledný vektor v R^4 má správné čtyři složky a zachovává znaménko mocniny (-3)^n.","The solution correctly represents f by [[1,2],[2,-2]], uses eigenvalues 2 and -3 with the corresponding eigendirections, decomposes the input correctly, and gives the resulting vector in R^4 as a formula depending only on n."
"du06_2","3332","4","true","Řešení je úplné a správné. Správně určujete matici operátoru, vlastní čísla 2 a -3 i rozklad zadaného vektoru do vlastních směrů. Výsledný vektor v R^4 má správné čtyři složky a zachovává znaménko mocniny (-3)^n.","The solution correctly represents f by [[1,2],[2,-2]], uses eigenvalues 2 and -3 with the corresponding eigendirections, decomposes the input correctly, and gives the resulting vector in R^4 as a formula depending only on n."
"du06_2","3339","4","true","Řešení je úplné a správné. Správně určujete matici operátoru, vlastní čísla 2 a -3 i rozklad zadaného vektoru do vlastních směrů. Výsledný vektor v R^4 má správné čtyři složky a zachovává znaménko mocniny (-3)^n.","The solution correctly represents f by [[1,2],[2,-2]], uses eigenvalues 2 and -3 with the corresponding eigendirections, decomposes the input correctly, and gives the resulting vector in R^4 as a formula depending only on n."
"du06_2","3340","4","true","Řešení je úplné a správné. Správně určujete matici operátoru, vlastní čísla 2 a -3 i rozklad zadaného vektoru do vlastních směrů. Výsledný vektor v R^4 má správné čtyři složky a zachovává znaménko mocniny (-3)^n.","The solution correctly represents f by [[1,2],[2,-2]], uses eigenvalues 2 and -3 with the corresponding eigendirections, decomposes the input correctly, and gives the resulting vector in R^4 as a formula depending only on n."
"du06_2","3346","4","true","Řešení je úplné a správné. Správně určujete matici operátoru, vlastní čísla 2 a -3 i rozklad zadaného vektoru do vlastních směrů. Výsledný vektor v R^4 má správné čtyři složky a zachovává znaménko mocniny (-3)^n.","The solution correctly represents f by [[1,2],[2,-2]], uses eigenvalues 2 and -3 with the corresponding eigendirections, decomposes the input correctly, and gives the resulting vector in R^4 as a formula depending only on n."
"du06_2","3347","4","true","Řešení je úplné a správné. Správně určujete matici operátoru, vlastní čísla 2 a -3 i rozklad zadaného vektoru do vlastních směrů. Výsledný vektor v R^4 má správné čtyři složky a zachovává znaménko mocniny (-3)^n.","The solution correctly represents f by [[1,2],[2,-2]], uses eigenvalues 2 and -3 with the corresponding eigendirections, decomposes the input correctly, and gives the resulting vector in R^4 as a formula depending only on n."
"du06_2","3350","4","true","Řešení je úplné a správné. Správně určujete matici operátoru, vlastní čísla 2 a -3 i rozklad zadaného vektoru do vlastních směrů. Výsledný vektor v R^4 má správné čtyři složky a zachovává znaménko mocniny (-3)^n.","The solution correctly represents f by [[1,2],[2,-2]], uses eigenvalues 2 and -3 with the corresponding eigendirections, decomposes the input correctly, and gives the resulting vector in R^4 as a formula depending only on n."
"du06_2","3351","4","true","Řešení je úplné a správné. Správně určujete matici operátoru, vlastní čísla 2 a -3 i rozklad zadaného vektoru do vlastních směrů. Výsledný vektor v R^4 má správné čtyři složky a zachovává znaménko mocniny (-3)^n.","The solution correctly represents f by [[1,2],[2,-2]], uses eigenvalues 2 and -3 with the corresponding eigendirections, decomposes the input correctly, and gives the resulting vector in R^4 as a formula depending only on n."
"du06_2","3403","4","true","Řešení je úplné a správné. Správně určujete matici operátoru, vlastní čísla 2 a -3 i rozklad zadaného vektoru do vlastních směrů. Výsledný vektor v R^4 má správné čtyři složky a zachovává znaménko mocniny (-3)^n.","The solution correctly represents f by [[1,2],[2,-2]], uses eigenvalues 2 and -3 with the corresponding eigendirections, decomposes the input correctly, and gives the resulting vector in R^4 as a formula depending only on n."
"du06_2","3407","3","false","Matice operátoru, vlastní čísla i změna báze jsou správné. V závěru se však první koeficient změní na (-3)^(n+1)+2^(n+1); správný koeficient má jiný násobek příspěvku záporného vlastního čísla. Uvedený výsledek proto pro n=0 nevrací původní vektor.","The setup is correct, but the first final basis coefficient is (-3)^(n+1)+2^(n+1) rather than 2^(n+1)-(-3)^n, so the answer fails already at n=0."
"du07_1","534","4","true","Řešení je úplné a správné. Pro každý ze tří Jordanových řetízků správně určujete počet společných vektorů, jejich součet jako dimenzi a odpovídající bázi z vektorů B. Zahrnuty jsou i nulové okrajové případy.","The solution gives the correct blockwise dimension formula and the corresponding basis from B for all i,j, including boundary cases."
"du07_1","1500","4","true","Řešení je úplné a správné. Pro každý ze tří Jordanových řetízků správně určujete počet společných vektorů, jejich součet jako dimenzi a odpovídající bázi z vektorů B. Zahrnuty jsou i nulové okrajové případy.","The solution gives the correct blockwise dimension formula and the corresponding basis from B for all i,j, including boundary cases."
"du07_1","1654","4","true","Řešení je úplné a správné. Pro každý ze tří Jordanových řetízků správně určujete počet společných vektorů, jejich součet jako dimenzi a odpovídající bázi z vektorů B. Zahrnuty jsou i nulové okrajové případy.","The solution gives the correct blockwise dimension formula and the corresponding basis from B for all i,j, including boundary cases."
"du07_1","1771","3.5","false","Hlavní vzorec i volba bázových vektorů jsou správné. Není však jednoznačně uzavřen rozbor všech smíšených okrajových případů, kdy je pouze jeden z exponentů alespoň 5; výslovně je zachycen jen případ, kdy jsou velké oba exponenty.","The core formula and basis are correct, but mixed large-exponent boundary cases are not all clearly covered."
"du07_1","2182","4","true","Řešení je úplné a správné. Pro každý ze tří Jordanových řetízků správně určujete počet společných vektorů, jejich součet jako dimenzi a odpovídající bázi z vektorů B. Zahrnuty jsou i nulové okrajové případy.","The solution gives the correct blockwise dimension formula and the corresponding basis from B for all i,j, including boundary cases."
"du07_1","2202","2","false","Vzorec pro dimenzi je správný, ale báze má obrácenou orientaci v Jordanových řetízcích. Rozsah od pozice j+1 do min(i,N) obecně průnik nepopisuje; například pro i=1,j=1 mají být v bázi b1,b6,b9.","The dimension is correct, but the basis is selected from the wrong end of every Jordan chain."
"du07_1","2377","4","true","Řešení je úplné a správné. Pro každý ze tří Jordanových řetízků správně určujete počet společných vektorů, jejich součet jako dimenzi a odpovídající bázi z vektorů B. Zahrnuty jsou i nulové okrajové případy.","The solution gives the correct blockwise dimension formula and the corresponding basis from B for all i,j, including boundary cases."
"du07_1","2401","4","true","Řešení je úplné a správné. Pro každý ze tří Jordanových řetízků správně určujete počet společných vektorů, jejich součet jako dimenzi a odpovídající bázi z vektorů B. Zahrnuty jsou i nulové okrajové případy.","The solution gives the correct blockwise dimension formula and the corresponding basis from B for all i,j, including boundary cases."
"du07_1","2430","4","true","Řešení je úplné a správné. Pro každý ze tří Jordanových řetízků správně určujete počet společných vektorů, jejich součet jako dimenzi a odpovídající bázi z vektorů B. Zahrnuty jsou i nulové okrajové případy.","The solution gives the correct blockwise dimension formula and the corresponding basis from B for all i,j, including boundary cases."
"du07_1","2464","2.5","false","Rozdělení na tři řetízky je správné. Vzorec pro dimenzi však neomezuje příspěvky zdola nulou, takže pro j větší nebo rovné délce řetízku dává záporné hodnoty. Slovní konvence pro bázi tuto chybu ve vzorci neodstraňuje.","The blockwise idea is sound, but the dimension formula omits truncation at zero and can become negative."
"du07_1","2517","4","true","Řešení je úplné a správné. Pro každý ze tří Jordanových řetízků správně určujete počet společných vektorů, jejich součet jako dimenzi a odpovídající bázi z vektorů B. Zahrnuty jsou i nulové okrajové případy.","The solution gives the correct blockwise dimension formula and the corresponding basis from B for all i,j, including boundary cases."
"du07_1","2760","4","true","Řešení je úplné a správné. Pro každý ze tří Jordanových řetízků správně určujete počet společných vektorů, jejich součet jako dimenzi a odpovídající bázi z vektorů B. Zahrnuty jsou i nulové okrajové případy.","The solution gives the correct blockwise dimension formula and the corresponding basis from B for all i,j, including boundary cases."
"du07_1","2766","4","true","Řešení je úplné a správné. Pro každý ze tří Jordanových řetízků správně určujete počet společných vektorů, jejich součet jako dimenzi a odpovídající bázi z vektorů B. Zahrnuty jsou i nulové okrajové případy.","The solution gives the correct blockwise dimension formula and the corresponding basis from B for all i,j, including boundary cases."
"du07_1","2771","4","true","Řešení je úplné a správné. Pro každý ze tří Jordanových řetízků správně určujete počet společných vektorů, jejich součet jako dimenzi a odpovídající bázi z vektorů B. Zahrnuty jsou i nulové okrajové případy.","The solution gives the correct blockwise dimension formula and the corresponding basis from B for all i,j, including boundary cases."
"du07_1","2859","4","true","Řešení je úplné a správné. Pro každý ze tří Jordanových řetízků správně určujete počet společných vektorů, jejich součet jako dimenzi a odpovídající bázi z vektorů B. Zahrnuty jsou i nulové okrajové případy.","The solution gives the correct blockwise dimension formula and the corresponding basis from B for all i,j, including boundary cases."
"du07_1","2862","4","true","Řešení je úplné a správné. Pro každý ze tří Jordanových řetízků správně určujete počet společných vektorů, jejich součet jako dimenzi a odpovídající bázi z vektorů B. Zahrnuty jsou i nulové okrajové případy.","The solution gives the correct blockwise dimension formula and the corresponding basis from B for all i,j, including boundary cases."
"du07_1","2866","2","false","Podmínky pro pozici vektoru jsou chybně ostré místo neostrých. Hraniční vektor proto systematicky chybí a výsledné báze i dimenze jsou obecně o jeden vektor menší.","Strict inequalities introduce a systematic off-by-one error in both bases and dimensions."
"du07_1","2869","4","true","Řešení je úplné a správné. Pro každý ze tří Jordanových řetízků správně určujete počet společných vektorů, jejich součet jako dimenzi a odpovídající bázi z vektorů B. Zahrnuty jsou i nulové okrajové případy.","The solution gives the correct blockwise dimension formula and the corresponding basis from B for all i,j, including boundary cases."
"du07_1","2871","3.5","false","Báze průniku je správně popsána pro všechny tři řetízky. Chybí však výslovné určení požadované dimenze, tedy součet počtů uvedených bázových vektorů.","The basis is characterized correctly, but the requested dimension is not explicitly stated."
"du07_1","2877","4","true","Řešení je úplné a správné. Pro každý ze tří Jordanových řetízků správně určujete počet společných vektorů, jejich součet jako dimenzi a odpovídající bázi z vektorů B. Zahrnuty jsou i nulové okrajové případy.","The solution gives the correct blockwise dimension formula and the corresponding basis from B for all i,j, including boundary cases."
"du07_1","2881","3","false","Tabulka je správná pro i od 1 do 4 a pro j alespoň 5. Chybějí však všechny nenulové případy i alespoň 5 a j menší než 5, takže výsledek není uveden pro každou dvojici i,j.","The correct table for i=1,...,4 omits all nonzero cases i>=5,j<5."
"du07_1","2888","4","true","Řešení je úplné a správné. Pro každý ze tří Jordanových řetízků správně určujete počet společných vektorů, jejich součet jako dimenzi a odpovídající bázi z vektorů B. Zahrnuty jsou i nulové okrajové případy.","The solution gives the correct blockwise dimension formula and the corresponding basis from B for all i,j, including boundary cases."
"du07_1","2889","3","false","Tabulka dimenzí je správná. U řady buněk však není konkrétní báze z vektorů B; zůstává jen symbolický průnik dříve uvedených podprostorů. Požadavek na bázi pro každou dvojici tak není splněn.","Dimensions are correct, but many bases remain unevaluated symbolic intersections rather than explicit subsets of B."
"du07_1","2900","1","false","Tvrzení, že pro i menší nebo rovné j je průnik nulový, je nepravdivé. Například pro i=1,j=1 má průnik bázi (b1,b6,b9) a dimenzi 3. Na tomto chybném tvrzení stojí i následné vzorce.","The false claim i<=j implies a zero intersection invalidates the dimension and basis formulas."
"du07_1","2903","4","true","Řešení je úplné a správné. Pro každý ze tří Jordanových řetízků správně určujete počet společných vektorů, jejich součet jako dimenzi a odpovídající bázi z vektorů B. Zahrnuty jsou i nulové okrajové případy.","The solution gives the correct blockwise dimension formula and the corresponding basis from B for all i,j, including boundary cases."
"du07_1","2918","4","true","Řešení je úplné a správné. Pro každý ze tří Jordanových řetízků správně určujete počet společných vektorů, jejich součet jako dimenzi a odpovídající bázi z vektorů B. Zahrnuty jsou i nulové okrajové případy.","The solution gives the correct blockwise dimension formula and the corresponding basis from B for all i,j, including boundary cases."
"du07_1","2924","1","false","Tvrzení, že i<j vždy znamená nulový průnik, je chybné; pro i=1,j=2 je báze (b1,b6) a dimenze 2. Dále jsou uvedeny jen dílčí případy, nikoli správný obecný výsledek.","The false claim i<j implies a zero intersection and the incomplete case analysis do not yield a general solution."
"du07_1","2935","4","true","Řešení je úplné a správné. Pro každý ze tří Jordanových řetízků správně určujete počet společných vektorů, jejich součet jako dimenzi a odpovídající bázi z vektorů B. Zahrnuty jsou i nulové okrajové případy.","The solution gives the correct blockwise dimension formula and the corresponding basis from B for all i,j, including boundary cases."
"du07_1","2937","3","false","Jádra, obrazy i tabulka dimenzí jsou správné. Báze jednotlivých průniků však nejsou uvedeny jako konkrétní podmnožiny B; řešení pouze odkazuje na výběr z předchozích seznamů.","Kernels, images, and dimensions are correct, but the intersection bases are not actually listed."
"du07_1","2941","4","true","Řešení je úplné a správné. Pro každý ze tří Jordanových řetízků správně určujete počet společných vektorů, jejich součet jako dimenzi a odpovídající bázi z vektorů B. Zahrnuty jsou i nulové okrajové případy.","The solution gives the correct blockwise dimension formula and the corresponding basis from B for all i,j, including boundary cases."
"du07_1","2947","4","true","Řešení je úplné a správné. Pro každý ze tří Jordanových řetízků správně určujete počet společných vektorů, jejich součet jako dimenzi a odpovídající bázi z vektorů B. Zahrnuty jsou i nulové okrajové případy.","The solution gives the correct blockwise dimension formula and the corresponding basis from B for all i,j, including boundary cases."
"du07_1","2948","4","true","Řešení je úplné a správné. Pro každý ze tří Jordanových řetízků správně určujete počet společných vektorů, jejich součet jako dimenzi a odpovídající bázi z vektorů B. Zahrnuty jsou i nulové okrajové případy.","The solution gives the correct blockwise dimension formula and the corresponding basis from B for all i,j, including boundary cases."
"du07_1","2984","4","true","Řešení je úplné a správné. Pro každý ze tří Jordanových řetízků správně určujete počet společných vektorů, jejich součet jako dimenzi a odpovídající bázi z vektorů B. Zahrnuty jsou i nulové okrajové případy.","The solution gives the correct blockwise dimension formula and the corresponding basis from B for all i,j, including boundary cases."
"du07_1","3001","4","true","Řešení je úplné a správné. Pro každý ze tří Jordanových řetízků správně určujete počet společných vektorů, jejich součet jako dimenzi a odpovídající bázi z vektorů B. Zahrnuty jsou i nulové okrajové případy.","The solution gives the correct blockwise dimension formula and the corresponding basis from B for all i,j, including boundary cases."
"du07_1","3009","4","true","Řešení je úplné a správné. Pro každý ze tří Jordanových řetízků správně určujete počet společných vektorů, jejich součet jako dimenzi a odpovídající bázi z vektorů B. Zahrnuty jsou i nulové okrajové případy.","The solution gives the correct blockwise dimension formula and the corresponding basis from B for all i,j, including boundary cases."
"du07_1","3025","4","true","Řešení je úplné a správné. Pro každý ze tří Jordanových řetízků správně určujete počet společných vektorů, jejich součet jako dimenzi a odpovídající bázi z vektorů B. Zahrnuty jsou i nulové okrajové případy.","The solution gives the correct blockwise dimension formula and the corresponding basis from B for all i,j, including boundary cases."
"du07_1","3038","2","false","Vzorec pro dimenzi je správný. Zápis báze však používá chybnou mez s maximem a nesprávný rozsah indexů, takže obecně nevybírá první společné vektory řetízků.","The dimension formula is correct, but an incorrect maximum and index range make the proposed basis wrong."
"du07_1","3039","4","true","Řešení je úplné a správné. Pro každý ze tří Jordanových řetízků správně určujete počet společných vektorů, jejich součet jako dimenzi a odpovídající bázi z vektorů B. Zahrnuty jsou i nulové okrajové případy.","The solution gives the correct blockwise dimension formula and the corresponding basis from B for all i,j, including boundary cases."
"du07_1","3057","3","false","Závěrečná podmínka pro počet vektorů vystihuje správnou myšlenku. Přeznačení báze je ale rozporné (b3 je označeno stejně jako b9), zaměňují se indexy řetízku a pozice a chybí výslovný vzorec pro dimenzi.","The final cutoff is essentially correct, but vector relabeling is contradictory, indices are swapped in intermediate descriptions, and no dimension is stated."
"du07_1","3076","1","false","Řešení obsahuje jen neúplné a nesourodé dílčí případy. Některé výroky o mocninách, obrazech a průnicích jsou chybné a není uveden platný obecný vzorec ani úplná tabulka bází a dimenzí.","The submission is incomplete and contains incorrect claims, with no coherent general formula or complete table."
"du07_1","3135","4","true","Řešení je úplné a správné. Pro každý ze tří Jordanových řetízků správně určujete počet společných vektorů, jejich součet jako dimenzi a odpovídající bázi z vektorů B. Zahrnuty jsou i nulové okrajové případy.","The solution gives the correct blockwise dimension formula and the corresponding basis from B for all i,j, including boundary cases."
"du07_1","3136","4","true","Řešení je úplné a správné. Pro každý ze tří Jordanových řetízků správně určujete počet společných vektorů, jejich součet jako dimenzi a odpovídající bázi z vektorů B. Zahrnuty jsou i nulové okrajové případy.","The solution gives the correct blockwise dimension formula and the corresponding basis from B for all i,j, including boundary cases."
"du07_1","3139","4","true","Řešení je úplné a správné. Pro každý ze tří Jordanových řetízků správně určujete počet společných vektorů, jejich součet jako dimenzi a odpovídající bázi z vektorů B. Zahrnuty jsou i nulové okrajové případy.","The solution gives the correct blockwise dimension formula and the corresponding basis from B for all i,j, including boundary cases."
"du07_1","3142","4","true","Řešení je úplné a správné. Pro každý ze tří Jordanových řetízků správně určujete počet společných vektorů, jejich součet jako dimenzi a odpovídající bázi z vektorů B. Zahrnuty jsou i nulové okrajové případy.","The solution gives the correct blockwise dimension formula and the corresponding basis from B for all i,j, including boundary cases."
"du07_1","3164","4","true","Řešení je úplné a správné. Pro každý ze tří Jordanových řetízků správně určujete počet společných vektorů, jejich součet jako dimenzi a odpovídající bázi z vektorů B. Zahrnuty jsou i nulové okrajové případy.","The solution gives the correct blockwise dimension formula and the corresponding basis from B for all i,j, including boundary cases."
"du07_1","3167","4","true","Řešení je úplné a správné. Pro každý ze tří Jordanových řetízků správně určujete počet společných vektorů, jejich součet jako dimenzi a odpovídající bázi z vektorů B. Zahrnuty jsou i nulové okrajové případy.","The solution gives the correct blockwise dimension formula and the corresponding basis from B for all i,j, including boundary cases."
"du07_1","3174","2.5","false","Popis jader a obrazů zachycuje správnou základní myšlenku. Samotný průnik však zůstává nezpracovaný, dimenze chybí a tvrzení dim(Im J^i)=dim(Ker J^i) je obecně nepravdivé.","The intersection is left unevaluated, its dimension is missing, and dim Im J^i = dim Ker J^i is falsely asserted."
"du07_1","3179","4","true","Řešení je úplné a správné. Pro každý ze tří Jordanových řetízků správně určujete počet společných vektorů, jejich součet jako dimenzi a odpovídající bázi z vektorů B. Zahrnuty jsou i nulové okrajové případy.","The solution gives the correct blockwise dimension formula and the corresponding basis from B for all i,j, including boundary cases."
"du07_1","3188","4","true","Řešení je úplné a správné. Pro každý ze tří Jordanových řetízků správně určujete počet společných vektorů, jejich součet jako dimenzi a odpovídající bázi z vektorů B. Zahrnuty jsou i nulové okrajové případy.","The solution gives the correct blockwise dimension formula and the corresponding basis from B for all i,j, including boundary cases."
"du07_1","3193","4","true","Řešení je úplné a správné. Pro každý ze tří Jordanových řetízků správně určujete počet společných vektorů, jejich součet jako dimenzi a odpovídající bázi z vektorů B. Zahrnuty jsou i nulové okrajové případy.","The solution gives the correct blockwise dimension formula and the corresponding basis from B for all i,j, including boundary cases."
"du07_1","3194","4","true","Řešení je úplné a správné. Pro každý ze tří Jordanových řetízků správně určujete počet společných vektorů, jejich součet jako dimenzi a odpovídající bázi z vektorů B. Zahrnuty jsou i nulové okrajové případy.","The solution gives the correct blockwise dimension formula and the corresponding basis from B for all i,j, including boundary cases."
"du07_1","3196","2.5","false","Vzorec pro dimenzi je správný. Rozsahy báze však končí na indexu d−1 místo d, takže z každého neprázdného příspěvku chybí hraniční vektor a báze nemá vypočtenou dimenzi.","The dimension formula is correct, but every nonempty basis range stops one vector too early."
"du07_1","3198","2","false","Obecný vzorec pro dimenzi je správný a zahrnuje všechny tři bloky. Úloha ale požaduje také bázi pomocí B a ta v řešení zcela chybí.","The dimension formula is correct, but the requested basis is entirely missing."
"du07_1","3209","3.5","false","Tabulka bází je správná. Pro i alespoň 5 a j=1 je však uvedena dimenze 8 místo 7; přímo uvedená báze v téže buňce obsahuje sedm vektorů.","The basis table is correct, but one dimension is 8 instead of 7 for i>=5,j=1."
"du07_1","3218","4","true","Řešení je úplné a správné. Pro každý ze tří Jordanových řetízků správně určujete počet společných vektorů, jejich součet jako dimenzi a odpovídající bázi z vektorů B. Zahrnuty jsou i nulové okrajové případy.","The solution gives the correct blockwise dimension formula and the corresponding basis from B for all i,j, including boundary cases."
"du07_1","3223","4","true","Řešení je úplné a správné. Pro každý ze tří Jordanových řetízků správně určujete počet společných vektorů, jejich součet jako dimenzi a odpovídající bázi z vektorů B. Zahrnuty jsou i nulové okrajové případy.","The solution gives the correct blockwise dimension formula and the corresponding basis from B for all i,j, including boundary cases."
"du07_1","3225","4","true","Řešení je úplné a správné. Pro každý ze tří Jordanových řetízků správně určujete počet společných vektorů, jejich součet jako dimenzi a odpovídající bázi z vektorů B. Zahrnuty jsou i nulové okrajové případy.","The solution gives the correct blockwise dimension formula and the corresponding basis from B for all i,j, including boundary cases."
"du07_1","3233","4","true","Řešení je úplné a správné. Pro každý ze tří Jordanových řetízků správně určujete počet společných vektorů, jejich součet jako dimenzi a odpovídající bázi z vektorů B. Zahrnuty jsou i nulové okrajové případy.","The solution gives the correct blockwise dimension formula and the corresponding basis from B for all i,j, including boundary cases."
"du07_1","3239","2","false","Vzorec pro dimenzi je správný. U druhého a třetího řetízku však v horních mezích báze chybějí posuny navazující na indexy 6 a 9. Podle uvedené konvence by tyto části byly většinou prázdné.","The dimension is correct, but missing offsets 5 and 8 make the second and third basis ranges invalid."
"du07_1","3241","2","false","Ve vzorci pro příspěvek řetízku i v bázi je systematická chyba o jeden index. Na začátku je navíc třetí blok uveden s chybnou velikostí. Výsledky proto neodpovídají blokům 5,3,2.","A systematic off-by-one error and an initially misstated block size invalidate the bases and dimensions."
"du07_1","3242","4","true","Řešení je úplné a správné. Pro každý ze tří Jordanových řetízků správně určujete počet společných vektorů, jejich součet jako dimenzi a odpovídající bázi z vektorů B. Zahrnuty jsou i nulové okrajové případy.","The solution gives the correct blockwise dimension formula and the corresponding basis from B for all i,j, including boundary cases."
"du07_1","3248","1.5","false","Dílčí dimenze jader a obrazů jsou správné, ale vzorec pro průnik odečítá j až po výpočtu min(i,k). Například v bloku délky 5 pro i=2,j=1 dává chybnou hodnotu. Úplná báze navíc chybí.","The formula max(0,min(i,k)-j) is not the intersection contribution, and no complete basis is given."
"du07_1","3250","4","true","Řešení je úplné a správné. Pro každý ze tří Jordanových řetízků správně určujete počet společných vektorů, jejich součet jako dimenzi a odpovídající bázi z vektorů B. Zahrnuty jsou i nulové okrajové případy.","The solution gives the correct blockwise dimension formula and the corresponding basis from B for all i,j, including boundary cases."
"du07_1","3254","2","false","Pro jeden řetízek je správně rozpoznán počet prvních společných vektorů. V závěru se však stejná hodnota používá pro všechny tři délky 5,3,2 a vzorec pro dimenzi počítá jinou veličinu. Obecná báze i dimenze jsou proto chybné.","A correct single-chain cutoff is then reused for all three blocks, and the final dimension expression is wrong."
"du07_1","3259","4","true","Řešení je úplné a správné. Pro každý ze tří Jordanových řetízků správně určujete počet společných vektorů, jejich součet jako dimenzi a odpovídající bázi z vektorů B. Zahrnuty jsou i nulové okrajové případy.","The solution gives the correct blockwise dimension formula and the corresponding basis from B for all i,j, including boundary cases."
"du07_1","3261","4","true","Řešení je úplné a správné. Pro každý ze tří Jordanových řetízků správně určujete počet společných vektorů, jejich součet jako dimenzi a odpovídající bázi z vektorů B. Zahrnuty jsou i nulové okrajové případy.","The solution gives the correct blockwise dimension formula and the corresponding basis from B for all i,j, including boundary cases."
"du07_1","3265","4","true","Řešení je úplné a správné. Pro každý ze tří Jordanových řetízků správně určujete počet společných vektorů, jejich součet jako dimenzi a odpovídající bázi z vektorů B. Zahrnuty jsou i nulové okrajové případy.","The solution gives the correct blockwise dimension formula and the corresponding basis from B for all i,j, including boundary cases."
"du07_1","3266","4","true","Řešení je úplné a správné. Pro každý ze tří Jordanových řetízků správně určujete počet společných vektorů, jejich součet jako dimenzi a odpovídající bázi z vektorů B. Zahrnuty jsou i nulové okrajové případy.","The solution gives the correct blockwise dimension formula and the corresponding basis from B for all i,j, including boundary cases."
"du07_1","3268","4","true","Řešení je úplné a správné. Pro každý ze tří Jordanových řetízků správně určujete počet společných vektorů, jejich součet jako dimenzi a odpovídající bázi z vektorů B. Zahrnuty jsou i nulové okrajové případy.","The solution gives the correct blockwise dimension formula and the corresponding basis from B for all i,j, including boundary cases."
"du07_1","3275","4","true","Řešení je úplné a správné. Pro každý ze tří Jordanových řetízků správně určujete počet společných vektorů, jejich součet jako dimenzi a odpovídající bázi z vektorů B. Zahrnuty jsou i nulové okrajové případy.","The solution gives the correct blockwise dimension formula and the corresponding basis from B for all i,j, including boundary cases."
"du07_1","3277","4","true","Řešení je úplné a správné. Pro každý ze tří Jordanových řetízků správně určujete počet společných vektorů, jejich součet jako dimenzi a odpovídající bázi z vektorů B. Zahrnuty jsou i nulové okrajové případy.","The solution gives the correct blockwise dimension formula and the corresponding basis from B for all i,j, including boundary cases."
"du07_1","3281","4","true","Řešení je úplné a správné. Pro každý ze tří Jordanových řetízků správně určujete počet společných vektorů, jejich součet jako dimenzi a odpovídající bázi z vektorů B. Zahrnuty jsou i nulové okrajové případy.","The solution gives the correct blockwise dimension formula and the corresponding basis from B for all i,j, including boundary cases."
"du07_1","3288","4","true","Řešení je úplné a správné. Pro každý ze tří Jordanových řetízků správně určujete počet společných vektorů, jejich součet jako dimenzi a odpovídající bázi z vektorů B. Zahrnuty jsou i nulové okrajové případy.","The solution gives the correct blockwise dimension formula and the corresponding basis from B for all i,j, including boundary cases."
"du07_1","3294","3","false","Tabulka dimenzí i samostatné báze jader a obrazů jsou správné. Báze průniků však nejsou pro dvojice i,j vypsány a zůstávají pouze implicitní jako průnik dvou dřívějších seznamů.","The dimension table is correct, but intersection bases are only implicit in separate kernel and image lists."
"du07_1","3295","4","true","Řešení je úplné a správné. Pro každý ze tří Jordanových řetízků správně určujete počet společných vektorů, jejich součet jako dimenzi a odpovídající bázi z vektorů B. Zahrnuty jsou i nulové okrajové případy.","The solution gives the correct blockwise dimension formula and the corresponding basis from B for all i,j, including boundary cases."
"du07_1","3297","4","true","Řešení je úplné a správné. Pro každý ze tří Jordanových řetízků správně určujete počet společných vektorů, jejich součet jako dimenzi a odpovídající bázi z vektorů B. Zahrnuty jsou i nulové okrajové případy.","The solution gives the correct blockwise dimension formula and the corresponding basis from B for all i,j, including boundary cases."
"du07_1","3299","4","true","Řešení je úplné a správné. Pro každý ze tří Jordanových řetízků správně určujete počet společných vektorů, jejich součet jako dimenzi a odpovídající bázi z vektorů B. Zahrnuty jsou i nulové okrajové případy.","The solution gives the correct blockwise dimension formula and the corresponding basis from B for all i,j, including boundary cases."
"du07_1","3301","4","true","Řešení je úplné a správné. Pro každý ze tří Jordanových řetízků správně určujete počet společných vektorů, jejich součet jako dimenzi a odpovídající bázi z vektorů B. Zahrnuty jsou i nulové okrajové případy.","The solution gives the correct blockwise dimension formula and the corresponding basis from B for all i,j, including boundary cases."
"du07_1","3309","4","true","Řešení je úplné a správné. Pro každý ze tří Jordanových řetízků správně určujete počet společných vektorů, jejich součet jako dimenzi a odpovídající bázi z vektorů B. Zahrnuty jsou i nulové okrajové případy.","The solution gives the correct blockwise dimension formula and the corresponding basis from B for all i,j, including boundary cases."
"du07_1","3310","3.5","false","Obecný zápis báze průniku je správný a zahrnuje i prázdné části. Chybí však výslovné určení dimenze prostoru.","The general basis is correct, but the requested dimension is not explicitly provided."
"du07_1","3314","4","true","Řešení je úplné a správné. Pro každý ze tří Jordanových řetízků správně určujete počet společných vektorů, jejich součet jako dimenzi a odpovídající bázi z vektorů B. Zahrnuty jsou i nulové okrajové případy.","The solution gives the correct blockwise dimension formula and the corresponding basis from B for all i,j, including boundary cases."
"du07_1","3316","4","true","Řešení je úplné a správné. Pro každý ze tří Jordanových řetízků správně určujete počet společných vektorů, jejich součet jako dimenzi a odpovídající bázi z vektorů B. Zahrnuty jsou i nulové okrajové případy.","The solution gives the correct blockwise dimension formula and the corresponding basis from B for all i,j, including boundary cases."
"du07_1","3317","4","true","Řešení je úplné a správné. Pro každý ze tří Jordanových řetízků správně určujete počet společných vektorů, jejich součet jako dimenzi a odpovídající bázi z vektorů B. Zahrnuty jsou i nulové okrajové případy.","The solution gives the correct blockwise dimension formula and the corresponding basis from B for all i,j, including boundary cases."
"du07_1","3318","1","false","Obraz mocniny je vybírán z nesprávného konce Jordanova řetízku. Proto jsou chybné rozsahy báze i vzorec pro dimenzi. Například Im f má obsahovat b1 až b4, b6,b7 a b9, nikoli koncové vektory řetízků.","Images are taken from the wrong end of the Jordan chains, so both basis ranges and dimension formula are incorrect."
"du07_1","3332","4","true","Řešení je úplné a správné. Pro každý ze tří Jordanových řetízků správně určujete počet společných vektorů, jejich součet jako dimenzi a odpovídající bázi z vektorů B. Zahrnuty jsou i nulové okrajové případy.","The solution gives the correct blockwise dimension formula and the corresponding basis from B for all i,j, including boundary cases."
"du07_1","3338","4","true","Řešení je úplné a správné. Pro každý ze tří Jordanových řetízků správně určujete počet společných vektorů, jejich součet jako dimenzi a odpovídající bázi z vektorů B. Zahrnuty jsou i nulové okrajové případy.","The solution gives the correct blockwise dimension formula and the corresponding basis from B for all i,j, including boundary cases."
"du07_1","3344","4","true","Řešení je úplné a správné. Pro každý ze tří Jordanových řetízků správně určujete počet společných vektorů, jejich součet jako dimenzi a odpovídající bázi z vektorů B. Zahrnuty jsou i nulové okrajové případy.","The solution gives the correct blockwise dimension formula and the corresponding basis from B for all i,j, including boundary cases."
"du07_1","3345","4","true","Řešení je úplné a správné. Pro každý ze tří Jordanových řetízků správně určujete počet společných vektorů, jejich součet jako dimenzi a odpovídající bázi z vektorů B. Zahrnuty jsou i nulové okrajové případy.","The solution gives the correct blockwise dimension formula and the corresponding basis from B for all i,j, including boundary cases."
"du07_1","3346","3","false","Většina tabulky je správná. V řádku j=1 jsou však pro i alespoň 3 příliš malé dimenze: pro i=3 má být 6 a pro i alespoň 4 má být 7. Uvedené báze přitom obsahují odpovídající větší počet vektorů.","Several dimensions in the j=1 row undercount the otherwise mostly correct bases."
"du07_1","3347","4","true","Řešení je úplné a správné. Pro každý ze tří Jordanových řetízků správně určujete počet společných vektorů, jejich součet jako dimenzi a odpovídající bázi z vektorů B. Zahrnuty jsou i nulové okrajové případy.","The solution gives the correct blockwise dimension formula and the corresponding basis from B for all i,j, including boundary cases."
"du07_1","3350","1.5","false","Popis jádra a obrazu jednoho řetízku zachycuje část struktury. Průnik je však zapsán jako chybný prostřední úsek od pozice d−j do i. Chybí také úplné báze a dimenze pro všechny tři bloky a všechny dvojice.","The intersection is incorrectly taken as a middle chain interval, and complete global bases and dimensions are absent."
"du07_1","3351","4","true","Řešení je úplné a správné. Pro každý ze tří Jordanových řetízků správně určujete počet společných vektorů, jejich součet jako dimenzi a odpovídající bázi z vektorů B. Zahrnuty jsou i nulové okrajové případy.","The solution gives the correct blockwise dimension formula and the corresponding basis from B for all i,j, including boundary cases."
"du07_1","3403","3.5","false","Vypsané průniky dávají správné báze i nulové okrajové případy. Dimenze jsou však výslovně připsány jen k části seskupených případů, nikoli ke všem dvojicím i,j.","The intersection bases and boundary cases are correct, but dimensions are explicit only for selected grouped cases."
"du07_1","3407","4","true","Řešení je úplné a správné. Pro každý ze tří Jordanových řetízků správně určujete počet společných vektorů, jejich součet jako dimenzi a odpovídající bázi z vektorů B. Zahrnuty jsou i nulové okrajové případy.","The solution gives the correct blockwise dimension formula and the corresponding basis from B for all i,j, including boundary cases."
"du07_2","273","4","true","Řešení je správné a úplné. Správně určujete matici operátoru a násobnosti vlastních čísel, sestavujete Jordanův řetízek délky dva pro vlastní číslo 0 a volíte vlastní vektor pro číslo 2. Pořadí i měřítka vektorů ve výsledné bázi odpovídají uvedené Jordanově matici.","The operator matrix, eigenvalue multiplicities, size-two Jordan block for eigenvalue 0, eigenvector for eigenvalue 2, and the ordered Jordan basis compatible with the displayed J are all correct."
"du07_2","1500","4","true","Řešení je správné a úplné. Správně určujete matici operátoru a násobnosti vlastních čísel, sestavujete Jordanův řetízek délky dva pro vlastní číslo 0 a volíte vlastní vektor pro číslo 2. Pořadí i měřítka vektorů ve výsledné bázi odpovídají uvedené Jordanově matici.","The operator matrix, eigenvalue multiplicities, size-two Jordan block for eigenvalue 0, eigenvector for eigenvalue 2, and the ordered Jordan basis compatible with the displayed J are all correct."
"du07_2","1654","4","true","Řešení je správné a úplné. Správně určujete matici operátoru a násobnosti vlastních čísel, sestavujete Jordanův řetízek délky dva pro vlastní číslo 0 a volíte vlastní vektor pro číslo 2. Pořadí i měřítka vektorů ve výsledné bázi odpovídají uvedené Jordanově matici.","The operator matrix, eigenvalue multiplicities, size-two Jordan block for eigenvalue 0, eigenvector for eigenvalue 2, and the ordered Jordan basis compatible with the displayed J are all correct."
"du07_2","1989","4","true","Řešení je správné a úplné. Správně určujete matici operátoru a násobnosti vlastních čísel, sestavujete Jordanův řetízek délky dva pro vlastní číslo 0 a volíte vlastní vektor pro číslo 2. Pořadí i měřítka vektorů ve výsledné bázi odpovídají uvedené Jordanově matici.","The operator matrix, eigenvalue multiplicities, size-two Jordan block for eigenvalue 0, eigenvector for eigenvalue 2, and the ordered Jordan basis compatible with the displayed J are all correct."
"du07_2","2125","4","true","Řešení je správné a úplné. Správně určujete matici operátoru a násobnosti vlastních čísel, sestavujete Jordanův řetízek délky dva pro vlastní číslo 0 a volíte vlastní vektor pro číslo 2. Pořadí i měřítka vektorů ve výsledné bázi odpovídají uvedené Jordanově matici.","The operator matrix, eigenvalue multiplicities, size-two Jordan block for eigenvalue 0, eigenvector for eigenvalue 2, and the ordered Jordan basis compatible with the displayed J are all correct."
"du07_2","2182","4","true","Řešení je správné a úplné. Správně určujete matici operátoru a násobnosti vlastních čísel, sestavujete Jordanův řetízek délky dva pro vlastní číslo 0 a volíte vlastní vektor pro číslo 2. Pořadí i měřítka vektorů ve výsledné bázi odpovídají uvedené Jordanově matici.","The operator matrix, eigenvalue multiplicities, size-two Jordan block for eigenvalue 0, eigenvector for eigenvalue 2, and the ordered Jordan basis compatible with the displayed J are all correct."
"du07_2","2202","2","false","Počáteční matice operátoru, vlastní čísla a velikosti Jordanových buněk jsou správně. Výsledná báze je však běžná báze (1,x,x²), v níž matice operátoru není zapsaná Jordanova matice. Chybné jsou také výpočty vlastních vektorů, na nichž je tato volba báze založena.","The initial operator matrix, eigenvalues, and Jordan block sizes are correct. The final basis is the standard polynomial basis, which does not represent the operator by the displayed Jordan matrix; the eigenvector calculations leading to it are also incorrect."
"du07_2","2377","4","true","Řešení je správné a úplné. Správně určujete matici operátoru a násobnosti vlastních čísel, sestavujete Jordanův řetízek délky dva pro vlastní číslo 0 a volíte vlastní vektor pro číslo 2. Pořadí i měřítka vektorů ve výsledné bázi odpovídají uvedené Jordanově matici.","The operator matrix, eigenvalue multiplicities, size-two Jordan block for eigenvalue 0, eigenvector for eigenvalue 2, and the ordered Jordan basis compatible with the displayed J are all correct."
"du07_2","2401","4","true","Řešení je správné a úplné. Správně určujete matici operátoru a násobnosti vlastních čísel, sestavujete Jordanův řetízek délky dva pro vlastní číslo 0 a volíte vlastní vektor pro číslo 2. Pořadí i měřítka vektorů ve výsledné bázi odpovídají uvedené Jordanově matici.","The operator matrix, eigenvalue multiplicities, size-two Jordan block for eigenvalue 0, eigenvector for eigenvalue 2, and the ordered Jordan basis compatible with the displayed J are all correct."
"du07_2","2518","4","true","Řešení je správné a úplné. Správně určujete matici operátoru a násobnosti vlastních čísel, sestavujete Jordanův řetízek délky dva pro vlastní číslo 0 a volíte vlastní vektor pro číslo 2. Pořadí i měřítka vektorů ve výsledné bázi odpovídají uvedené Jordanově matici.","The operator matrix, eigenvalue multiplicities, size-two Jordan block for eigenvalue 0, eigenvector for eigenvalue 2, and the ordered Jordan basis compatible with the displayed J are all correct."
"du07_2","2542","4","true","Řešení je správné a úplné. Správně určujete matici operátoru a násobnosti vlastních čísel, sestavujete Jordanův řetízek délky dva pro vlastní číslo 0 a volíte vlastní vektor pro číslo 2. Pořadí i měřítka vektorů ve výsledné bázi odpovídají uvedené Jordanově matici.","The operator matrix, eigenvalue multiplicities, size-two Jordan block for eigenvalue 0, eigenvector for eigenvalue 2, and the ordered Jordan basis compatible with the displayed J are all correct."
"du07_2","2760","4","true","Řešení je správné a úplné. Správně určujete matici operátoru a násobnosti vlastních čísel, sestavujete Jordanův řetízek délky dva pro vlastní číslo 0 a volíte vlastní vektor pro číslo 2. Pořadí i měřítka vektorů ve výsledné bázi odpovídají uvedené Jordanově matici.","The operator matrix, eigenvalue multiplicities, size-two Jordan block for eigenvalue 0, eigenvector for eigenvalue 2, and the ordered Jordan basis compatible with the displayed J are all correct."
"du07_2","2763","4","true","Řešení je správné a úplné. Správně určujete matici operátoru a násobnosti vlastních čísel, sestavujete Jordanův řetízek délky dva pro vlastní číslo 0 a volíte vlastní vektor pro číslo 2. Pořadí i měřítka vektorů ve výsledné bázi odpovídají uvedené Jordanově matici.","The operator matrix, eigenvalue multiplicities, size-two Jordan block for eigenvalue 0, eigenvector for eigenvalue 2, and the ordered Jordan basis compatible with the displayed J are all correct."
"du07_2","2766","4","true","Řešení je správné a úplné. Správně určujete matici operátoru a násobnosti vlastních čísel, sestavujete Jordanův řetízek délky dva pro vlastní číslo 0 a volíte vlastní vektor pro číslo 2. Pořadí i měřítka vektorů ve výsledné bázi odpovídají uvedené Jordanově matici.","The operator matrix, eigenvalue multiplicities, size-two Jordan block for eigenvalue 0, eigenvector for eigenvalue 2, and the ordered Jordan basis compatible with the displayed J are all correct."
"du07_2","2815","4","true","Řešení je správné a úplné. Správně určujete matici operátoru a násobnosti vlastních čísel, sestavujete Jordanův řetízek délky dva pro vlastní číslo 0 a volíte vlastní vektor pro číslo 2. Pořadí i měřítka vektorů ve výsledné bázi odpovídají uvedené Jordanově matici.","The operator matrix, eigenvalue multiplicities, size-two Jordan block for eigenvalue 0, eigenvector for eigenvalue 2, and the ordered Jordan basis compatible with the displayed J are all correct."
"du07_2","2847","4","true","Řešení je správné a úplné. Správně určujete matici operátoru a násobnosti vlastních čísel, sestavujete Jordanův řetízek délky dva pro vlastní číslo 0 a volíte vlastní vektor pro číslo 2. Pořadí i měřítka vektorů ve výsledné bázi odpovídají uvedené Jordanově matici.","The operator matrix, eigenvalue multiplicities, size-two Jordan block for eigenvalue 0, eigenvector for eigenvalue 2, and the ordered Jordan basis compatible with the displayed J are all correct."
"du07_2","2862","3.5","false","Výsledná Jordanova matice i odpovídající báze jsou správně a další výpočet pro vlastní číslo 2 také používá správnou hodnotu. V charakteristickém polynomu je však napsáno λ²(1−λ), zatímco z matice vychází λ²(2−λ). Jde o izolovanou, ale skutečnou chybu v řešení.","The final Jordan matrix and compatible basis are correct, as are the subsequent eigenspace calculations. The characteristic polynomial is explicitly written as λ²(1−λ), although the matrix gives λ²(2−λ); this is a real but isolated inconsistency."
"du07_2","2868","4","true","Řešení je správné a úplné. Správně určujete matici operátoru a násobnosti vlastních čísel, sestavujete Jordanův řetízek délky dva pro vlastní číslo 0 a volíte vlastní vektor pro číslo 2. Pořadí i měřítka vektorů ve výsledné bázi odpovídají uvedené Jordanově matici.","The operator matrix, eigenvalue multiplicities, size-two Jordan block for eigenvalue 0, eigenvector for eigenvalue 2, and the ordered Jordan basis compatible with the displayed J are all correct."
"du07_2","2869","4","true","Řešení je správné a úplné. Správně určujete matici operátoru a násobnosti vlastních čísel, sestavujete Jordanův řetízek délky dva pro vlastní číslo 0 a volíte vlastní vektor pro číslo 2. Pořadí i měřítka vektorů ve výsledné bázi odpovídají uvedené Jordanově matici.","The operator matrix, eigenvalue multiplicities, size-two Jordan block for eigenvalue 0, eigenvector for eigenvalue 2, and the ordered Jordan basis compatible with the displayed J are all correct."
"du07_2","2871","4","true","Řešení je správné a úplné. Správně určujete matici operátoru a násobnosti vlastních čísel, sestavujete Jordanův řetízek délky dva pro vlastní číslo 0 a volíte vlastní vektor pro číslo 2. Pořadí i měřítka vektorů ve výsledné bázi odpovídají uvedené Jordanově matici.","The operator matrix, eigenvalue multiplicities, size-two Jordan block for eigenvalue 0, eigenvector for eigenvalue 2, and the ordered Jordan basis compatible with the displayed J are all correct."
"du07_2","2874","4","true","Řešení je správné a úplné. Správně určujete matici operátoru a násobnosti vlastních čísel, sestavujete Jordanův řetízek délky dva pro vlastní číslo 0 a volíte vlastní vektor pro číslo 2. Pořadí i měřítka vektorů ve výsledné bázi odpovídají uvedené Jordanově matici.","The operator matrix, eigenvalue multiplicities, size-two Jordan block for eigenvalue 0, eigenvector for eigenvalue 2, and the ordered Jordan basis compatible with the displayed J are all correct."
"du07_2","2877","4","true","Řešení je správné a úplné. Správně určujete matici operátoru a násobnosti vlastních čísel, sestavujete Jordanův řetízek délky dva pro vlastní číslo 0 a volíte vlastní vektor pro číslo 2. Pořadí i měřítka vektorů ve výsledné bázi odpovídají uvedené Jordanově matici.","The operator matrix, eigenvalue multiplicities, size-two Jordan block for eigenvalue 0, eigenvector for eigenvalue 2, and the ordered Jordan basis compatible with the displayed J are all correct."
"du07_2","2886","4","true","Řešení je správné a úplné. Správně určujete matici operátoru a násobnosti vlastních čísel, sestavujete Jordanův řetízek délky dva pro vlastní číslo 0 a volíte vlastní vektor pro číslo 2. Pořadí i měřítka vektorů ve výsledné bázi odpovídají uvedené Jordanově matici.","The operator matrix, eigenvalue multiplicities, size-two Jordan block for eigenvalue 0, eigenvector for eigenvalue 2, and the ordered Jordan basis compatible with the displayed J are all correct."
"du07_2","2887","2","false","Jordanův řetízek pro vlastní číslo 0 je sestaven správně. Obraz x² je však vypočten s koeficientem 4 u x² místo 2, a proto vznikne chybné vlastní číslo 4. Tím je chybný třetí bázový vektor i příslušná část výsledné Jordanovy matice.","The zero-eigenvalue Jordan chain is correct, but the submission computes φ(x²) with coefficient 4 at x² instead of 2. This creates a spurious eigenvalue 4 and makes the third basis vector and corresponding Jordan block wrong."
"du07_2","2888","4","true","Řešení je správné a úplné. Správně určujete matici operátoru a násobnosti vlastních čísel, sestavujete Jordanův řetízek délky dva pro vlastní číslo 0 a volíte vlastní vektor pro číslo 2. Pořadí i měřítka vektorů ve výsledné bázi odpovídají uvedené Jordanově matici.","The operator matrix, eigenvalue multiplicities, size-two Jordan block for eigenvalue 0, eigenvector for eigenvalue 2, and the ordered Jordan basis compatible with the displayed J are all correct."
"du07_2","2892","4","true","Řešení je správné a úplné. Správně určujete matici operátoru a násobnosti vlastních čísel, sestavujete Jordanův řetízek délky dva pro vlastní číslo 0 a volíte vlastní vektor pro číslo 2. Pořadí i měřítka vektorů ve výsledné bázi odpovídají uvedené Jordanově matici.","The operator matrix, eigenvalue multiplicities, size-two Jordan block for eigenvalue 0, eigenvector for eigenvalue 2, and the ordered Jordan basis compatible with the displayed J are all correct."
"du07_2","2899","4","true","Řešení je správné a úplné. Správně určujete matici operátoru a násobnosti vlastních čísel, sestavujete Jordanův řetízek délky dva pro vlastní číslo 0 a volíte vlastní vektor pro číslo 2. Pořadí i měřítka vektorů ve výsledné bázi odpovídají uvedené Jordanově matici.","The operator matrix, eigenvalue multiplicities, size-two Jordan block for eigenvalue 0, eigenvector for eigenvalue 2, and the ordered Jordan basis compatible with the displayed J are all correct."
"du07_2","2900","4","true","Řešení je správné a úplné. Správně určujete matici operátoru a násobnosti vlastních čísel, sestavujete Jordanův řetízek délky dva pro vlastní číslo 0 a volíte vlastní vektor pro číslo 2. Pořadí i měřítka vektorů ve výsledné bázi odpovídají uvedené Jordanově matici.","The operator matrix, eigenvalue multiplicities, size-two Jordan block for eigenvalue 0, eigenvector for eigenvalue 2, and the ordered Jordan basis compatible with the displayed J are all correct."
"du07_2","2917","4","true","Řešení je správné a úplné. Správně určujete matici operátoru a násobnosti vlastních čísel, sestavujete Jordanův řetízek délky dva pro vlastní číslo 0 a volíte vlastní vektor pro číslo 2. Pořadí i měřítka vektorů ve výsledné bázi odpovídají uvedené Jordanově matici.","The operator matrix, eigenvalue multiplicities, size-two Jordan block for eigenvalue 0, eigenvector for eigenvalue 2, and the ordered Jordan basis compatible with the displayed J are all correct."
"du07_2","2922","4","true","Řešení je správné a úplné. Správně určujete matici operátoru a násobnosti vlastních čísel, sestavujete Jordanův řetízek délky dva pro vlastní číslo 0 a volíte vlastní vektor pro číslo 2. Pořadí i měřítka vektorů ve výsledné bázi odpovídají uvedené Jordanově matici.","The operator matrix, eigenvalue multiplicities, size-two Jordan block for eigenvalue 0, eigenvector for eigenvalue 2, and the ordered Jordan basis compatible with the displayed J are all correct."
"du07_2","2935","4","true","Řešení je správné a úplné. Správně určujete matici operátoru a násobnosti vlastních čísel, sestavujete Jordanův řetízek délky dva pro vlastní číslo 0 a volíte vlastní vektor pro číslo 2. Pořadí i měřítka vektorů ve výsledné bázi odpovídají uvedené Jordanově matici.","The operator matrix, eigenvalue multiplicities, size-two Jordan block for eigenvalue 0, eigenvector for eigenvalue 2, and the ordered Jordan basis compatible with the displayed J are all correct."
"du07_2","2937","4","true","Řešení je správné a úplné. Správně určujete matici operátoru a násobnosti vlastních čísel, sestavujete Jordanův řetízek délky dva pro vlastní číslo 0 a volíte vlastní vektor pro číslo 2. Pořadí i měřítka vektorů ve výsledné bázi odpovídají uvedené Jordanově matici.","The operator matrix, eigenvalue multiplicities, size-two Jordan block for eigenvalue 0, eigenvector for eigenvalue 2, and the ordered Jordan basis compatible with the displayed J are all correct."
"du07_2","2940","4","true","Řešení je správné a úplné. Správně určujete matici operátoru a násobnosti vlastních čísel, sestavujete Jordanův řetízek délky dva pro vlastní číslo 0 a volíte vlastní vektor pro číslo 2. Pořadí i měřítka vektorů ve výsledné bázi odpovídají uvedené Jordanově matici.","The operator matrix, eigenvalue multiplicities, size-two Jordan block for eigenvalue 0, eigenvector for eigenvalue 2, and the ordered Jordan basis compatible with the displayed J are all correct."
"du07_2","2948","4","true","Řešení je správné a úplné. Správně určujete matici operátoru a násobnosti vlastních čísel, sestavujete Jordanův řetízek délky dva pro vlastní číslo 0 a volíte vlastní vektor pro číslo 2. Pořadí i měřítka vektorů ve výsledné bázi odpovídají uvedené Jordanově matici.","The operator matrix, eigenvalue multiplicities, size-two Jordan block for eigenvalue 0, eigenvector for eigenvalue 2, and the ordered Jordan basis compatible with the displayed J are all correct."
"du07_2","2956","4","true","Řešení je správné a úplné. Správně určujete matici operátoru a násobnosti vlastních čísel, sestavujete Jordanův řetízek délky dva pro vlastní číslo 0 a volíte vlastní vektor pro číslo 2. Pořadí i měřítka vektorů ve výsledné bázi odpovídají uvedené Jordanově matici.","The operator matrix, eigenvalue multiplicities, size-two Jordan block for eigenvalue 0, eigenvector for eigenvalue 2, and the ordered Jordan basis compatible with the displayed J are all correct."
"du07_2","2968","4","true","Řešení je správné a úplné. Správně určujete matici operátoru a násobnosti vlastních čísel, sestavujete Jordanův řetízek délky dva pro vlastní číslo 0 a volíte vlastní vektor pro číslo 2. Pořadí i měřítka vektorů ve výsledné bázi odpovídají uvedené Jordanově matici.","The operator matrix, eigenvalue multiplicities, size-two Jordan block for eigenvalue 0, eigenvector for eigenvalue 2, and the ordered Jordan basis compatible with the displayed J are all correct."
"du07_2","2980","4","true","Řešení je správné a úplné. Správně určujete matici operátoru a násobnosti vlastních čísel, sestavujete Jordanův řetízek délky dva pro vlastní číslo 0 a volíte vlastní vektor pro číslo 2. Pořadí i měřítka vektorů ve výsledné bázi odpovídají uvedené Jordanově matici.","The operator matrix, eigenvalue multiplicities, size-two Jordan block for eigenvalue 0, eigenvector for eigenvalue 2, and the ordered Jordan basis compatible with the displayed J are all correct."
"du07_2","2984","4","true","Řešení je správné a úplné. Správně určujete matici operátoru a násobnosti vlastních čísel, sestavujete Jordanův řetízek délky dva pro vlastní číslo 0 a volíte vlastní vektor pro číslo 2. Pořadí i měřítka vektorů ve výsledné bázi odpovídají uvedené Jordanově matici.","The operator matrix, eigenvalue multiplicities, size-two Jordan block for eigenvalue 0, eigenvector for eigenvalue 2, and the ordered Jordan basis compatible with the displayed J are all correct."
"du07_2","2988","4","true","Řešení je správné a úplné. Správně určujete matici operátoru a násobnosti vlastních čísel, sestavujete Jordanův řetízek délky dva pro vlastní číslo 0 a volíte vlastní vektor pro číslo 2. Pořadí i měřítka vektorů ve výsledné bázi odpovídají uvedené Jordanově matici.","The operator matrix, eigenvalue multiplicities, size-two Jordan block for eigenvalue 0, eigenvector for eigenvalue 2, and the ordered Jordan basis compatible with the displayed J are all correct."
"du07_2","2993","3.5","false","Výpočet matice, vlastních podprostorů, Jordanova řetízku i konečné báze a Jordanovy matice je správný. V textu je ale vlastnímu číslu 2 připsána algebraická násobnost 2, ačkoli jeho algebraická násobnost je 1.","The matrix, eigenspaces, Jordan chain, final basis, and Jordan form are correct. The text nevertheless states that eigenvalue 2 has algebraic multiplicity 2; its algebraic multiplicity is 1."
"du07_2","3001","0","false","Odevzdané řešení se týká úlohy 7.1, nikoli zadané úlohy 7.2 o operátoru na prostoru polynomů. Pro tuto úlohu proto není určena ani požadovaná Jordanova matice, ani odpovídající báze.","The attachment solves problem 7.1 rather than the assigned polynomial-operator problem 7.2, so it does not answer either requested part of this problem."
"du07_2","3002","4","true","Řešení je správné a úplné. Správně určujete matici operátoru a násobnosti vlastních čísel, sestavujete Jordanův řetízek délky dva pro vlastní číslo 0 a volíte vlastní vektor pro číslo 2. Pořadí i měřítka vektorů ve výsledné bázi odpovídají uvedené Jordanově matici.","The operator matrix, eigenvalue multiplicities, size-two Jordan block for eigenvalue 0, eigenvector for eigenvalue 2, and the ordered Jordan basis compatible with the displayed J are all correct."
"du07_2","3003","4","true","Řešení je správné a úplné. Správně určujete matici operátoru a násobnosti vlastních čísel, sestavujete Jordanův řetízek délky dva pro vlastní číslo 0 a volíte vlastní vektor pro číslo 2. Pořadí i měřítka vektorů ve výsledné bázi odpovídají uvedené Jordanově matici.","The operator matrix, eigenvalue multiplicities, size-two Jordan block for eigenvalue 0, eigenvector for eigenvalue 2, and the ordered Jordan basis compatible with the displayed J are all correct."
"du07_2","3007","4","true","Řešení je správné a úplné. Správně určujete matici operátoru a násobnosti vlastních čísel, sestavujete Jordanův řetízek délky dva pro vlastní číslo 0 a volíte vlastní vektor pro číslo 2. Pořadí i měřítka vektorů ve výsledné bázi odpovídají uvedené Jordanově matici.","The operator matrix, eigenvalue multiplicities, size-two Jordan block for eigenvalue 0, eigenvector for eigenvalue 2, and the ordered Jordan basis compatible with the displayed J are all correct."
"du07_2","3009","4","true","Řešení je správné a úplné. Správně určujete matici operátoru a násobnosti vlastních čísel, sestavujete Jordanův řetízek délky dva pro vlastní číslo 0 a volíte vlastní vektor pro číslo 2. Pořadí i měřítka vektorů ve výsledné bázi odpovídají uvedené Jordanově matici.","The operator matrix, eigenvalue multiplicities, size-two Jordan block for eigenvalue 0, eigenvector for eigenvalue 2, and the ordered Jordan basis compatible with the displayed J are all correct."
"du07_2","3025","3.5","false","Výsledná báze a Jordanova matice jsou správné a navazující výpočet používá vlastní číslo 2 správně. V charakteristickém polynomu je však uvedeno λ²(1−λ) namísto správného λ²(2−λ).","The final basis and Jordan matrix are correct, and the later eigenvalue-2 calculation is consistent. The characteristic polynomial is explicitly written as λ²(1−λ) instead of λ²(2−λ)."
"du07_2","3036","4","true","Řešení je správné a úplné. Správně určujete matici operátoru a násobnosti vlastních čísel, sestavujete Jordanův řetízek délky dva pro vlastní číslo 0 a volíte vlastní vektor pro číslo 2. Pořadí i měřítka vektorů ve výsledné bázi odpovídají uvedené Jordanově matici.","The operator matrix, eigenvalue multiplicities, size-two Jordan block for eigenvalue 0, eigenvector for eigenvalue 2, and the ordered Jordan basis compatible with the displayed J are all correct."
"du07_2","3039","2","false","Část pro vlastní číslo 0 včetně Jordanova řetízku je správná. Obraz x² je ale určen jako 4x+4x² místo 4x+2x². Následkem je chybné vlastní číslo 4 a neplatný vlastní vektor i Jordanova buňka pro tuto část.","The zero-eigenvalue part and its Jordan chain are correct. The submission uses φ(x²)=4x+4x² rather than 4x+2x², producing the wrong eigenvalue 4 and an invalid eigenvector and Jordan block for that part."
"du07_2","3041","4","true","Řešení je správné a úplné. Správně určujete matici operátoru a násobnosti vlastních čísel, sestavujete Jordanův řetízek délky dva pro vlastní číslo 0 a volíte vlastní vektor pro číslo 2. Pořadí i měřítka vektorů ve výsledné bázi odpovídají uvedené Jordanově matici.","The operator matrix, eigenvalue multiplicities, size-two Jordan block for eigenvalue 0, eigenvector for eigenvalue 2, and the ordered Jordan basis compatible with the displayed J are all correct."
"du07_2","3045","3.5","false","Vlastní výpočty, výsledná Jordanova matice i báze jsou správné. V řešení je však výslovně uvedeno, že se matice diagonalizuje, přestože pro vlastní číslo 0 má jen jeden vlastní vektor a diagonalizovatelná není. Následující výpočet už správně používá Jordanův řetízek.","The actual computations, final Jordan matrix, and compatible basis are correct. The solution explicitly says that the matrix will be diagonalized, although it has only one eigenvector for eigenvalue 0 and is not diagonalizable; the subsequent work correctly uses a Jordan chain."
"du07_2","3071","4","true","Řešení je správné a úplné. Správně určujete matici operátoru a násobnosti vlastních čísel, sestavujete Jordanův řetízek délky dva pro vlastní číslo 0 a volíte vlastní vektor pro číslo 2. Pořadí i měřítka vektorů ve výsledné bázi odpovídají uvedené Jordanově matici.","The operator matrix, eigenvalue multiplicities, size-two Jordan block for eigenvalue 0, eigenvector for eigenvalue 2, and the ordered Jordan basis compatible with the displayed J are all correct."
"du07_2","3076","4","true","Řešení je správné a úplné. Správně určujete matici operátoru a násobnosti vlastních čísel, sestavujete Jordanův řetízek délky dva pro vlastní číslo 0 a volíte vlastní vektor pro číslo 2. Pořadí i měřítka vektorů ve výsledné bázi odpovídají uvedené Jordanově matici.","The operator matrix, eigenvalue multiplicities, size-two Jordan block for eigenvalue 0, eigenvector for eigenvalue 2, and the ordered Jordan basis compatible with the displayed J are all correct."
"du07_2","3089","4","true","Řešení je správné a úplné. Správně určujete matici operátoru a násobnosti vlastních čísel, sestavujete Jordanův řetízek délky dva pro vlastní číslo 0 a volíte vlastní vektor pro číslo 2. Pořadí i měřítka vektorů ve výsledné bázi odpovídají uvedené Jordanově matici.","The operator matrix, eigenvalue multiplicities, size-two Jordan block for eigenvalue 0, eigenvector for eigenvalue 2, and the ordered Jordan basis compatible with the displayed J are all correct."
"du07_2","3090","4","true","Řešení je správné a úplné. Správně určujete matici operátoru a násobnosti vlastních čísel, sestavujete Jordanův řetízek délky dva pro vlastní číslo 0 a volíte vlastní vektor pro číslo 2. Pořadí i měřítka vektorů ve výsledné bázi odpovídají uvedené Jordanově matici.","The operator matrix, eigenvalue multiplicities, size-two Jordan block for eigenvalue 0, eigenvector for eigenvalue 2, and the ordered Jordan basis compatible with the displayed J are all correct."
"du07_2","3102","4","true","Řešení je správné a úplné. Správně určujete matici operátoru a násobnosti vlastních čísel, sestavujete Jordanův řetízek délky dva pro vlastní číslo 0 a volíte vlastní vektor pro číslo 2. Pořadí i měřítka vektorů ve výsledné bázi odpovídají uvedené Jordanově matici.","The operator matrix, eigenvalue multiplicities, size-two Jordan block for eigenvalue 0, eigenvector for eigenvalue 2, and the ordered Jordan basis compatible with the displayed J are all correct."
"du07_2","3108","4","true","Řešení je správné a úplné. Správně určujete matici operátoru a násobnosti vlastních čísel, sestavujete Jordanův řetízek délky dva pro vlastní číslo 0 a volíte vlastní vektor pro číslo 2. Pořadí i měřítka vektorů ve výsledné bázi odpovídají uvedené Jordanově matici.","The operator matrix, eigenvalue multiplicities, size-two Jordan block for eigenvalue 0, eigenvector for eigenvalue 2, and the ordered Jordan basis compatible with the displayed J are all correct."
"du07_2","3111","2.5","false","Matice operátoru, vlastní čísla, Jordanův blok pro nulu i tvar matice J jsou správně. Poslední bázový polynom x²+2x+1 však není vlastním vektorem pro vlastní číslo 2. Jeho koeficienty nemají požadovaný poměr, takže uvedená báze nedává zapsanou matici J.","The operator matrix, eigenvalues, zero-eigenvalue block, and Jordan form are correct. The final polynomial for eigenvalue 2 has coefficient vector (1,2,1), i.e. x²+2x+1, which is not an eigenvector; the required ratio is (2,2,1) up to scale."
"du07_2","3164","4","true","Řešení je správné a úplné. Správně určujete matici operátoru a násobnosti vlastních čísel, sestavujete Jordanův řetízek délky dva pro vlastní číslo 0 a volíte vlastní vektor pro číslo 2. Pořadí i měřítka vektorů ve výsledné bázi odpovídají uvedené Jordanově matici.","The operator matrix, eigenvalue multiplicities, size-two Jordan block for eigenvalue 0, eigenvector for eigenvalue 2, and the ordered Jordan basis compatible with the displayed J are all correct."
"du07_2","3165","4","true","Řešení je správné a úplné. Správně určujete matici operátoru a násobnosti vlastních čísel, sestavujete Jordanův řetízek délky dva pro vlastní číslo 0 a volíte vlastní vektor pro číslo 2. Pořadí i měřítka vektorů ve výsledné bázi odpovídají uvedené Jordanově matici.","The operator matrix, eigenvalue multiplicities, size-two Jordan block for eigenvalue 0, eigenvector for eigenvalue 2, and the ordered Jordan basis compatible with the displayed J are all correct."
"du07_2","3167","4","true","Řešení je správné a úplné. Správně určujete matici operátoru a násobnosti vlastních čísel, sestavujete Jordanův řetízek délky dva pro vlastní číslo 0 a volíte vlastní vektor pro číslo 2. Pořadí i měřítka vektorů ve výsledné bázi odpovídají uvedené Jordanově matici.","The operator matrix, eigenvalue multiplicities, size-two Jordan block for eigenvalue 0, eigenvector for eigenvalue 2, and the ordered Jordan basis compatible with the displayed J are all correct."
"du07_2","3168","4","true","Řešení je správné a úplné. Správně určujete matici operátoru a násobnosti vlastních čísel, sestavujete Jordanův řetízek délky dva pro vlastní číslo 0 a volíte vlastní vektor pro číslo 2. Pořadí i měřítka vektorů ve výsledné bázi odpovídají uvedené Jordanově matici.","The operator matrix, eigenvalue multiplicities, size-two Jordan block for eigenvalue 0, eigenvector for eigenvalue 2, and the ordered Jordan basis compatible with the displayed J are all correct."
"du07_2","3174","2.5","false","Vlastní čísla, velikosti Jordanových buněk i vlastní vektor pro číslo 2 jsou správně. Ve výsledné bázi je ale jako zobecněný vektor použit x, zatímco v matici J je nad diagonálou jednička. Protože φ(x)=2, vyšla by v této bázi v Jordanově bloku dvojka, nikoli zapsaná jednička.","The eigenvalues, block structure, and eigenvector for eigenvalue 2 are correct. The basis uses x as the generalized vector while J has a unit superdiagonal; since φ(x)=2, that basis would produce a 2 rather than a 1 in the Jordan block."
"du07_2","3179","4","true","Řešení je správné a úplné. Správně určujete matici operátoru a násobnosti vlastních čísel, sestavujete Jordanův řetízek délky dva pro vlastní číslo 0 a volíte vlastní vektor pro číslo 2. Pořadí i měřítka vektorů ve výsledné bázi odpovídají uvedené Jordanově matici.","The operator matrix, eigenvalue multiplicities, size-two Jordan block for eigenvalue 0, eigenvector for eigenvalue 2, and the ordered Jordan basis compatible with the displayed J are all correct."
"du07_2","3193","4","true","Řešení je správné a úplné. Správně určujete matici operátoru a násobnosti vlastních čísel, sestavujete Jordanův řetízek délky dva pro vlastní číslo 0 a volíte vlastní vektor pro číslo 2. Pořadí i měřítka vektorů ve výsledné bázi odpovídají uvedené Jordanově matici.","The operator matrix, eigenvalue multiplicities, size-two Jordan block for eigenvalue 0, eigenvector for eigenvalue 2, and the ordered Jordan basis compatible with the displayed J are all correct."
"du07_2","3194","4","true","Řešení je správné a úplné. Správně určujete matici operátoru a násobnosti vlastních čísel, sestavujete Jordanův řetízek délky dva pro vlastní číslo 0 a volíte vlastní vektor pro číslo 2. Pořadí i měřítka vektorů ve výsledné bázi odpovídají uvedené Jordanově matici.","The operator matrix, eigenvalue multiplicities, size-two Jordan block for eigenvalue 0, eigenvector for eigenvalue 2, and the ordered Jordan basis compatible with the displayed J are all correct."
"du07_2","3209","4","true","Řešení je správné a úplné. Správně určujete matici operátoru a násobnosti vlastních čísel, sestavujete Jordanův řetízek délky dva pro vlastní číslo 0 a volíte vlastní vektor pro číslo 2. Pořadí i měřítka vektorů ve výsledné bázi odpovídají uvedené Jordanově matici.","The operator matrix, eigenvalue multiplicities, size-two Jordan block for eigenvalue 0, eigenvector for eigenvalue 2, and the ordered Jordan basis compatible with the displayed J are all correct."
"du07_2","3219","4","true","Řešení je správné a úplné. Správně určujete matici operátoru a násobnosti vlastních čísel, sestavujete Jordanův řetízek délky dva pro vlastní číslo 0 a volíte vlastní vektor pro číslo 2. Pořadí i měřítka vektorů ve výsledné bázi odpovídají uvedené Jordanově matici.","The operator matrix, eigenvalue multiplicities, size-two Jordan block for eigenvalue 0, eigenvector for eigenvalue 2, and the ordered Jordan basis compatible with the displayed J are all correct."
"du07_2","3223","4","true","Řešení je správné a úplné. Správně určujete matici operátoru a násobnosti vlastních čísel, sestavujete Jordanův řetízek délky dva pro vlastní číslo 0 a volíte vlastní vektor pro číslo 2. Pořadí i měřítka vektorů ve výsledné bázi odpovídají uvedené Jordanově matici.","The operator matrix, eigenvalue multiplicities, size-two Jordan block for eigenvalue 0, eigenvector for eigenvalue 2, and the ordered Jordan basis compatible with the displayed J are all correct."
"du07_2","3233","4","true","Řešení je správné a úplné. Správně určujete matici operátoru a násobnosti vlastních čísel, sestavujete Jordanův řetízek délky dva pro vlastní číslo 0 a volíte vlastní vektor pro číslo 2. Pořadí i měřítka vektorů ve výsledné bázi odpovídají uvedené Jordanově matici.","The operator matrix, eigenvalue multiplicities, size-two Jordan block for eigenvalue 0, eigenvector for eigenvalue 2, and the ordered Jordan basis compatible with the displayed J are all correct."
"du07_2","3238","2.5","false","Výchozí matice, vlastní čísla, velikosti bloků i vlastní vektor pro číslo 2 jsou správně. V nulovém řetízku je však zvolen zobecněný vektor x a současně je v Jordanově bloku nad diagonálou jednička. Obraz x je dvojnásobkem zvoleného konstantního vektoru, takže báze a matice J si neodpovídají.","The standard matrix, eigenvalues, block sizes, and eigenvector for eigenvalue 2 are correct. The selected zero-chain vectors use x as the generalized vector but the displayed Jordan block has superdiagonal 1; φ(x)=2 times the chosen constant vector, so the basis and J are incompatible."
"du07_2","3239","4","true","Řešení je správné a úplné. Správně určujete matici operátoru a násobnosti vlastních čísel, sestavujete Jordanův řetízek délky dva pro vlastní číslo 0 a volíte vlastní vektor pro číslo 2. Pořadí i měřítka vektorů ve výsledné bázi odpovídají uvedené Jordanově matici.","The operator matrix, eigenvalue multiplicities, size-two Jordan block for eigenvalue 0, eigenvector for eigenvalue 2, and the ordered Jordan basis compatible with the displayed J are all correct."
"du07_2","3241","4","true","Řešení je správné a úplné. Správně určujete matici operátoru a násobnosti vlastních čísel, sestavujete Jordanův řetízek délky dva pro vlastní číslo 0 a volíte vlastní vektor pro číslo 2. Pořadí i měřítka vektorů ve výsledné bázi odpovídají uvedené Jordanově matici.","The operator matrix, eigenvalue multiplicities, size-two Jordan block for eigenvalue 0, eigenvector for eigenvalue 2, and the ordered Jordan basis compatible with the displayed J are all correct."
"du07_2","3242","4","true","Řešení je správné a úplné. Správně určujete matici operátoru a násobnosti vlastních čísel, sestavujete Jordanův řetízek délky dva pro vlastní číslo 0 a volíte vlastní vektor pro číslo 2. Pořadí i měřítka vektorů ve výsledné bázi odpovídají uvedené Jordanově matici.","The operator matrix, eigenvalue multiplicities, size-two Jordan block for eigenvalue 0, eigenvector for eigenvalue 2, and the ordered Jordan basis compatible with the displayed J are all correct."
"du07_2","3244","4","true","Řešení je správné a úplné. Správně určujete matici operátoru a násobnosti vlastních čísel, sestavujete Jordanův řetízek délky dva pro vlastní číslo 0 a volíte vlastní vektor pro číslo 2. Pořadí i měřítka vektorů ve výsledné bázi odpovídají uvedené Jordanově matici.","The operator matrix, eigenvalue multiplicities, size-two Jordan block for eigenvalue 0, eigenvector for eigenvalue 2, and the ordered Jordan basis compatible with the displayed J are all correct."
"du07_2","3250","4","true","Řešení je správné a úplné. Správně určujete matici operátoru a násobnosti vlastních čísel, sestavujete Jordanův řetízek délky dva pro vlastní číslo 0 a volíte vlastní vektor pro číslo 2. Pořadí i měřítka vektorů ve výsledné bázi odpovídají uvedené Jordanově matici.","The operator matrix, eigenvalue multiplicities, size-two Jordan block for eigenvalue 0, eigenvector for eigenvalue 2, and the ordered Jordan basis compatible with the displayed J are all correct."
"du07_2","3253","4","true","Řešení je správné a úplné. Správně určujete matici operátoru a násobnosti vlastních čísel, sestavujete Jordanův řetízek délky dva pro vlastní číslo 0 a volíte vlastní vektor pro číslo 2. Pořadí i měřítka vektorů ve výsledné bázi odpovídají uvedené Jordanově matici.","The operator matrix, eigenvalue multiplicities, size-two Jordan block for eigenvalue 0, eigenvector for eigenvalue 2, and the ordered Jordan basis compatible with the displayed J are all correct."
"du07_2","3254","4","true","Řešení je správné a úplné. Správně určujete matici operátoru a násobnosti vlastních čísel, sestavujete Jordanův řetízek délky dva pro vlastní číslo 0 a volíte vlastní vektor pro číslo 2. Pořadí i měřítka vektorů ve výsledné bázi odpovídají uvedené Jordanově matici.","The operator matrix, eigenvalue multiplicities, size-two Jordan block for eigenvalue 0, eigenvector for eigenvalue 2, and the ordered Jordan basis compatible with the displayed J are all correct."
"du07_2","3259","4","true","Řešení je správné a úplné. Správně určujete matici operátoru a násobnosti vlastních čísel, sestavujete Jordanův řetízek délky dva pro vlastní číslo 0 a volíte vlastní vektor pro číslo 2. Pořadí i měřítka vektorů ve výsledné bázi odpovídají uvedené Jordanově matici.","The operator matrix, eigenvalue multiplicities, size-two Jordan block for eigenvalue 0, eigenvector for eigenvalue 2, and the ordered Jordan basis compatible with the displayed J are all correct."
"du07_2","3261","4","true","Řešení je správné a úplné. Správně určujete matici operátoru a násobnosti vlastních čísel, sestavujete Jordanův řetízek délky dva pro vlastní číslo 0 a volíte vlastní vektor pro číslo 2. Pořadí i měřítka vektorů ve výsledné bázi odpovídají uvedené Jordanově matici.","The operator matrix, eigenvalue multiplicities, size-two Jordan block for eigenvalue 0, eigenvector for eigenvalue 2, and the ordered Jordan basis compatible with the displayed J are all correct."
"du07_2","3265","4","true","Řešení je správné a úplné. Správně určujete matici operátoru a násobnosti vlastních čísel, sestavujete Jordanův řetízek délky dva pro vlastní číslo 0 a volíte vlastní vektor pro číslo 2. Pořadí i měřítka vektorů ve výsledné bázi odpovídají uvedené Jordanově matici.","The operator matrix, eigenvalue multiplicities, size-two Jordan block for eigenvalue 0, eigenvector for eigenvalue 2, and the ordered Jordan basis compatible with the displayed J are all correct."
"du07_2","3268","4","true","Řešení je správné a úplné. Správně určujete matici operátoru a násobnosti vlastních čísel, sestavujete Jordanův řetízek délky dva pro vlastní číslo 0 a volíte vlastní vektor pro číslo 2. Pořadí i měřítka vektorů ve výsledné bázi odpovídají uvedené Jordanově matici.","The operator matrix, eigenvalue multiplicities, size-two Jordan block for eigenvalue 0, eigenvector for eigenvalue 2, and the ordered Jordan basis compatible with the displayed J are all correct."
"du07_2","3271","4","true","Řešení je správné a úplné. Správně určujete matici operátoru a násobnosti vlastních čísel, sestavujete Jordanův řetízek délky dva pro vlastní číslo 0 a volíte vlastní vektor pro číslo 2. Pořadí i měřítka vektorů ve výsledné bázi odpovídají uvedené Jordanově matici.","The operator matrix, eigenvalue multiplicities, size-two Jordan block for eigenvalue 0, eigenvector for eigenvalue 2, and the ordered Jordan basis compatible with the displayed J are all correct."
"du07_2","3275","4","true","Řešení je správné a úplné. Správně určujete matici operátoru a násobnosti vlastních čísel, sestavujete Jordanův řetízek délky dva pro vlastní číslo 0 a volíte vlastní vektor pro číslo 2. Pořadí i měřítka vektorů ve výsledné bázi odpovídají uvedené Jordanově matici.","The operator matrix, eigenvalue multiplicities, size-two Jordan block for eigenvalue 0, eigenvector for eigenvalue 2, and the ordered Jordan basis compatible with the displayed J are all correct."
"du07_2","3276","4","true","Řešení je správné a úplné. Správně určujete matici operátoru a násobnosti vlastních čísel, sestavujete Jordanův řetízek délky dva pro vlastní číslo 0 a volíte vlastní vektor pro číslo 2. Pořadí i měřítka vektorů ve výsledné bázi odpovídají uvedené Jordanově matici.","The operator matrix, eigenvalue multiplicities, size-two Jordan block for eigenvalue 0, eigenvector for eigenvalue 2, and the ordered Jordan basis compatible with the displayed J are all correct."
"du07_2","3281","4","true","Řešení je správné a úplné. Správně určujete matici operátoru a násobnosti vlastních čísel, sestavujete Jordanův řetízek délky dva pro vlastní číslo 0 a volíte vlastní vektor pro číslo 2. Pořadí i měřítka vektorů ve výsledné bázi odpovídají uvedené Jordanově matici.","The operator matrix, eigenvalue multiplicities, size-two Jordan block for eigenvalue 0, eigenvector for eigenvalue 2, and the ordered Jordan basis compatible with the displayed J are all correct."
"du07_2","3287","4","true","Řešení je správné a úplné. Správně určujete matici operátoru a násobnosti vlastních čísel, sestavujete Jordanův řetízek délky dva pro vlastní číslo 0 a volíte vlastní vektor pro číslo 2. Pořadí i měřítka vektorů ve výsledné bázi odpovídají uvedené Jordanově matici.","The operator matrix, eigenvalue multiplicities, size-two Jordan block for eigenvalue 0, eigenvector for eigenvalue 2, and the ordered Jordan basis compatible with the displayed J are all correct."
"du07_2","3288","4","true","Řešení je správné a úplné. Správně určujete matici operátoru a násobnosti vlastních čísel, sestavujete Jordanův řetízek délky dva pro vlastní číslo 0 a volíte vlastní vektor pro číslo 2. Pořadí i měřítka vektorů ve výsledné bázi odpovídají uvedené Jordanově matici.","The operator matrix, eigenvalue multiplicities, size-two Jordan block for eigenvalue 0, eigenvector for eigenvalue 2, and the ordered Jordan basis compatible with the displayed J are all correct."
"du07_2","3294","4","true","Řešení je správné a úplné. Správně určujete matici operátoru a násobnosti vlastních čísel, sestavujete Jordanův řetízek délky dva pro vlastní číslo 0 a volíte vlastní vektor pro číslo 2. Pořadí i měřítka vektorů ve výsledné bázi odpovídají uvedené Jordanově matici.","The operator matrix, eigenvalue multiplicities, size-two Jordan block for eigenvalue 0, eigenvector for eigenvalue 2, and the ordered Jordan basis compatible with the displayed J are all correct."
"du07_2","3295","4","true","Řešení je správné a úplné. Správně určujete matici operátoru a násobnosti vlastních čísel, sestavujete Jordanův řetízek délky dva pro vlastní číslo 0 a volíte vlastní vektor pro číslo 2. Pořadí i měřítka vektorů ve výsledné bázi odpovídají uvedené Jordanově matici.","The operator matrix, eigenvalue multiplicities, size-two Jordan block for eigenvalue 0, eigenvector for eigenvalue 2, and the ordered Jordan basis compatible with the displayed J are all correct."
"du07_2","3298","4","true","Řešení je správné a úplné. Správně určujete matici operátoru a násobnosti vlastních čísel, sestavujete Jordanův řetízek délky dva pro vlastní číslo 0 a volíte vlastní vektor pro číslo 2. Pořadí i měřítka vektorů ve výsledné bázi odpovídají uvedené Jordanově matici.","The operator matrix, eigenvalue multiplicities, size-two Jordan block for eigenvalue 0, eigenvector for eigenvalue 2, and the ordered Jordan basis compatible with the displayed J are all correct."
"du07_2","3299","4","true","Řešení je správné a úplné. Správně určujete matici operátoru a násobnosti vlastních čísel, sestavujete Jordanův řetízek délky dva pro vlastní číslo 0 a volíte vlastní vektor pro číslo 2. Pořadí i měřítka vektorů ve výsledné bázi odpovídají uvedené Jordanově matici.","The operator matrix, eigenvalue multiplicities, size-two Jordan block for eigenvalue 0, eigenvector for eigenvalue 2, and the ordered Jordan basis compatible with the displayed J are all correct."
"du07_2","3309","4","true","Řešení je správné a úplné. Správně určujete matici operátoru a násobnosti vlastních čísel, sestavujete Jordanův řetízek délky dva pro vlastní číslo 0 a volíte vlastní vektor pro číslo 2. Pořadí i měřítka vektorů ve výsledné bázi odpovídají uvedené Jordanově matici.","The operator matrix, eigenvalue multiplicities, size-two Jordan block for eigenvalue 0, eigenvector for eigenvalue 2, and the ordered Jordan basis compatible with the displayed J are all correct."
"du07_2","3310","4","true","Řešení je správné a úplné. Správně určujete matici operátoru a násobnosti vlastních čísel, sestavujete Jordanův řetízek délky dva pro vlastní číslo 0 a volíte vlastní vektor pro číslo 2. Pořadí i měřítka vektorů ve výsledné bázi odpovídají uvedené Jordanově matici.","The operator matrix, eigenvalue multiplicities, size-two Jordan block for eigenvalue 0, eigenvector for eigenvalue 2, and the ordered Jordan basis compatible with the displayed J are all correct."
"du07_2","3317","4","true","Řešení je správné a úplné. Správně určujete matici operátoru a násobnosti vlastních čísel, sestavujete Jordanův řetízek délky dva pro vlastní číslo 0 a volíte vlastní vektor pro číslo 2. Pořadí i měřítka vektorů ve výsledné bázi odpovídají uvedené Jordanově matici.","The operator matrix, eigenvalue multiplicities, size-two Jordan block for eigenvalue 0, eigenvector for eigenvalue 2, and the ordered Jordan basis compatible with the displayed J are all correct."
"du07_2","3320","4","true","Řešení je správné a úplné. Správně určujete matici operátoru a násobnosti vlastních čísel, sestavujete Jordanův řetízek délky dva pro vlastní číslo 0 a volíte vlastní vektor pro číslo 2. Pořadí i měřítka vektorů ve výsledné bázi odpovídají uvedené Jordanově matici.","The operator matrix, eigenvalue multiplicities, size-two Jordan block for eigenvalue 0, eigenvector for eigenvalue 2, and the ordered Jordan basis compatible with the displayed J are all correct."
"du07_2","3332","4","true","Řešení je správné a úplné. Správně určujete matici operátoru a násobnosti vlastních čísel, sestavujete Jordanův řetízek délky dva pro vlastní číslo 0 a volíte vlastní vektor pro číslo 2. Pořadí i měřítka vektorů ve výsledné bázi odpovídají uvedené Jordanově matici.","The operator matrix, eigenvalue multiplicities, size-two Jordan block for eigenvalue 0, eigenvector for eigenvalue 2, and the ordered Jordan basis compatible with the displayed J are all correct."
"du07_2","3338","4","true","Řešení je správné a úplné. Správně určujete matici operátoru a násobnosti vlastních čísel, sestavujete Jordanův řetízek délky dva pro vlastní číslo 0 a volíte vlastní vektor pro číslo 2. Pořadí i měřítka vektorů ve výsledné bázi odpovídají uvedené Jordanově matici.","The operator matrix, eigenvalue multiplicities, size-two Jordan block for eigenvalue 0, eigenvector for eigenvalue 2, and the ordered Jordan basis compatible with the displayed J are all correct."
"du07_2","3345","4","true","Řešení je správné a úplné. Správně určujete matici operátoru a násobnosti vlastních čísel, sestavujete Jordanův řetízek délky dva pro vlastní číslo 0 a volíte vlastní vektor pro číslo 2. Pořadí i měřítka vektorů ve výsledné bázi odpovídají uvedené Jordanově matici.","The operator matrix, eigenvalue multiplicities, size-two Jordan block for eigenvalue 0, eigenvector for eigenvalue 2, and the ordered Jordan basis compatible with the displayed J are all correct."
"du07_2","3347","4","true","Řešení je správné a úplné. Správně určujete matici operátoru a násobnosti vlastních čísel, sestavujete Jordanův řetízek délky dva pro vlastní číslo 0 a volíte vlastní vektor pro číslo 2. Pořadí i měřítka vektorů ve výsledné bázi odpovídají uvedené Jordanově matici.","The operator matrix, eigenvalue multiplicities, size-two Jordan block for eigenvalue 0, eigenvector for eigenvalue 2, and the ordered Jordan basis compatible with the displayed J are all correct."
"du07_2","3350","4","true","Řešení je správné a úplné. Správně určujete matici operátoru a násobnosti vlastních čísel, sestavujete Jordanův řetízek délky dva pro vlastní číslo 0 a volíte vlastní vektor pro číslo 2. Pořadí i měřítka vektorů ve výsledné bázi odpovídají uvedené Jordanově matici.","The operator matrix, eigenvalue multiplicities, size-two Jordan block for eigenvalue 0, eigenvector for eigenvalue 2, and the ordered Jordan basis compatible with the displayed J are all correct."
"du07_2","3351","4","true","Řešení je správné a úplné. Správně určujete matici operátoru a násobnosti vlastních čísel, sestavujete Jordanův řetízek délky dva pro vlastní číslo 0 a volíte vlastní vektor pro číslo 2. Pořadí i měřítka vektorů ve výsledné bázi odpovídají uvedené Jordanově matici.","The operator matrix, eigenvalue multiplicities, size-two Jordan block for eigenvalue 0, eigenvector for eigenvalue 2, and the ordered Jordan basis compatible with the displayed J are all correct."
"du07_2","3403","4","true","Řešení je správné a úplné. Správně určujete matici operátoru a násobnosti vlastních čísel, sestavujete Jordanův řetízek délky dva pro vlastní číslo 0 a volíte vlastní vektor pro číslo 2. Pořadí i měřítka vektorů ve výsledné bázi odpovídají uvedené Jordanově matici.","The operator matrix, eigenvalue multiplicities, size-two Jordan block for eigenvalue 0, eigenvector for eigenvalue 2, and the ordered Jordan basis compatible with the displayed J are all correct."
"du07_2","3407","4","true","Řešení je správné a úplné. Správně určujete matici operátoru a násobnosti vlastních čísel, sestavujete Jordanův řetízek délky dva pro vlastní číslo 0 a volíte vlastní vektor pro číslo 2. Pořadí i měřítka vektorů ve výsledné bázi odpovídají uvedené Jordanově matici.","The operator matrix, eigenvalue multiplicities, size-two Jordan block for eigenvalue 0, eigenvector for eigenvalue 2, and the ordered Jordan basis compatible with the displayed J are all correct."
"du08_1","273","4","true","Řešení je správné a úplné. Správně určujete obě vlastní čísla, vlastní i zobecněný vlastní vektor, nacházíte právě obě invariantní roviny a v uvedených bázích dostáváte požadované Jordanovy matice zúžení.","The characteristic polynomial, eigenspaces, generalized eigenvector, and both invariant planes are all correct. The displayed ordered bases give respectively the diagonal and size-two Jordan restriction matrices, and the case split is exhaustive."
"du08_1","1654","4","true","Řešení je správné. V obou přílohách dohromady nacházíte rovinu generovanou vlastními vektory pro −1 a 2 i rovinu tvořenou Jordanovým řetízkem pro 2. Uvedené báze a obě matice zúžení jsou správné.","Across the two attachments the submission correctly obtains the mixed-eigenvalue plane and the generalized eigenspace for eigenvalue 2. The concrete bases and both restriction matrices are correct, and the spectral alternatives account for all invariant planes."
"du08_1","1771","2.5","false","Vlastní čísla, vlastní vektory a rovina vzniklá jejich spojením jsou správně. Druhá rovina je však založena na vektoru (2,4,−3), který nesplňuje uvedenou rovnici pro zobecněný vlastní vektor. Tato rovina proto není správná a neplatí ani zapsaná Jordanova matice jejího zúžení.","The characteristic data and the plane spanned by eigenvectors for -1 and 2 are correct. The proposed generalized vector (2,4,-3) does not satisfy the required chain equation, so the second listed plane is not the generalized eigenspace and its claimed Jordan matrix is invalid."
"du08_1","1989","4","true","Řešení je úplné a správné. Výpočet vlastních prostorů i Jordanova řetízku je korektní, obě invariantní roviny jsou určeny vyčerpávajícím způsobem a matice zúžení v uvedených bázích mají správný Jordanův tvar.","The solution correctly computes the spectral data, constructs a valid length-two Jordan chain for eigenvalue 2, and identifies exactly the mixed plane and the generalized eigenspace. Both ordered bases yield the stated Jordan matrices."
"du08_1","2511","4","true","Řešení je správné a úplné. Nacházíte obě možné invariantní roviny, pro každou uvádíte vhodnou uspořádanou bázi a správnou Jordanovu matici zúženého operátoru.","Both eigenspaces and a correct generalized eigenvector are computed. The submission obtains the two and only two invariant planes, supplies appropriate ordered bases, and gives the correct diagonal and Jordan-block restriction matrices."
"du08_1","2760","2.5","false","Charakteristický polynom, vlastní prostory a rovina generovaná vlastními vektory pro −1 a 2 jsou správně. Ve výpočtu zobecněného vlastního vektoru ale vychází nesprávný partikulární vektor a závěrečný zápis druhé báze netvoří platný Jordanův řetízek. Druhá požadovaná rovina proto není korektně určena.","The characteristic polynomial, eigenspaces, and mixed-eigenvalue invariant plane are correct. The inhomogeneous computation for the generalized eigenvector ends with an incorrect particular vector, and the final expression for the second basis is not a valid Jordan chain. Thus only one of the two required planes is correctly completed."
"du08_1","2858","2.5","false","Správně rozpoznáváte Jordanovu strukturu a abstraktně uvádíte oba typy invariantních rovin. Chybějí však konkrétní báze těchto rovin v R³ a explicitní matice zúžených operátorů v požadovaném Jordanově tvaru.","The Jordan structure is recognized and the two abstract types of invariant plane are indicated. However, the requested concrete bases in R3 and the corresponding restriction matrices are not actually worked out, so a substantial part of the task remains incomplete."
"du08_1","2862","3.5","false","Výsledné dvě roviny, jejich báze i Jordanovy matice jsou správné. V textu je ale výslovně zapsána nepravdivá rovnost A(0,1,−2)=v; správný vztah v nalezeném Jordanově řetízku obsahuje operátor A−2I. Okolní výpočet ukazuje správný záměr, ale uvedená rovnost musí být opravena.","The computed vectors, both invariant planes, and both restriction matrices are substantively correct. The write-up nevertheless explicitly states A(0,1,-2)=v rather than (A-2I)(0,1,-2)=v; that displayed equality is false even though the surrounding augmented-system computation shows the intended valid chain."
"du08_1","2865","4","true","Řešení je správné a úplné. Korektně určujete spektrální data, obě a pouze obě invariantní roviny a pro každou vhodnou bázi se správnou Jordanovou maticí zúžení.","The characteristic polynomial and all chain vectors are correct. The two possible invariant planes are derived, their exhaustiveness is addressed, and the chosen bases give the correct Jordan restriction matrices."
"du08_1","2866","4","true","Řešení je úplné a správné. Obě roviny jsou správně nalezeny i ověřeny jako invariantní a v uvedených uspořádaných bázích mají zúžení přesně požadované Jordanovy matice.","The solution correctly finds the eigenspaces and generalized eigenspace, verifies invariance, and lists exactly the two planes. The ordered bases and the diagonal/Jordan-block matrices of the restrictions are correct."
"du08_1","2871","4","true","Řešení je správné a úplné. Výpočty vlastních i zobecněného vlastního vektoru jsou korektní, seznam invariantních rovin je úplný a obě zvolené báze dávají správné Jordanovy matice.","The spectral decomposition and length-two Jordan chain are computed correctly. The submission gives the complete list of invariant two-planes and correct Jordan bases and matrices for both restrictions."
"du08_1","2917","4","true","Řešení je úplné a správné. Správně klasifikujete obě invariantní roviny a pro každou uvádíte konkrétní bázi i odpovídající Jordanovu matici zúženého operátoru.","The characteristic polynomial, eigenspaces, generalized vector, and the classification of invariant planes are all correct. Both requested bases and restriction matrices are supplied without a substantive gap."
"du08_1","2937","4","true","Řešení je správné. Rozlišení možných charakteristických polynomů zúžení vede právě ke dvěma správným rovinám a u obou uvádíte bázi i správnou Jordanovu matici.","Both spectral cases for a two-dimensional restriction are handled correctly. The resulting mixed plane and generalized eigenspace, together with their ordered bases and Jordan matrices, are correct and exhaustive."
"du08_1","2940","4","true","Řešení je úplné a správné. Použitá strukturální úvaha je vhodná, Jordanův řetízek je korektní a obě výsledné roviny mají v uvedených bázích správné matice zúžení.","The solution uses the invariant-subspace structure appropriately, computes a valid Jordan chain, and obtains exactly the two invariant planes. Both bases and both matrices of the restrictions are correct."
"du08_1","2980","4","true","Řešení je správné a úplné. Zvolený zobecněný vlastní vektor je platný, obě invariantní roviny jsou určeny správně a jejich zúžení mají v uvedených bázích požadovaný Jordanův tvar.","The eigenvectors and the alternative generalized vector (2,-2,-7) satisfy the required equations. The two invariant planes are correctly classified and the restriction matrices in the given bases are the required Jordan forms."
"du08_1","3008","4","true","Řešení je správné a úplné. Argument přes charakteristický polynom zúžení dává vyčerpávající rozdělení a obě odpovídající roviny, báze i Jordanovy matice jsou uvedeny korektně.","The divisibility argument for the characteristic polynomial of the restriction gives the correct exhaustive alternatives. The corresponding mixed plane and generalized eigenspace are correctly identified, with valid Jordan bases and matrices."
"du08_1","3009","4","true","Řešení je pečlivé, úplné a správné. Výpočet Jordanova řetízku i důkaz úplnosti seznamu invariantních rovin jsou korektní a obě matice zúžení odpovídají zvoleným bázím.","This is a rigorous and exhaustive solution. It computes the full Jordan-chain data, proves that only the two listed two-dimensional invariant subspaces can occur, and gives the correct restriction matrices."
"du08_1","3025","4","true","Řešení je správné a úplné. Zvolená násobnost vlastního vektoru i odpovídající zobecněný vlastní vektor jsou konzistentní; obě roviny a jejich Jordanovy báze jsou určeny korektně.","The generalized vector (-2,2,7) is valid for the chosen scaling of the eigenvector. Both invariant planes, their bases, and the two Jordan restriction matrices are correct, and the classification is complete."
"du08_1","3036","3.5","false","Výsledné dvě roviny, báze a matice zúžení jsou správné a rozbor možností pro zúžení je v zásadě úplný. Při řešení nehomogenní soustavy ale nesprávně zapisujete množinu řešení jako lineární obal a následně uvádíte nepravdivou příslušnost partikulárního řešení. Tyto části argumentu je nutné opravit.","The restriction-polynomial argument and the final two planes, bases, and Jordan matrices are correct. During the generalized-eigenvector computation, however, an inhomogeneous solution set is incorrectly called a span and a later membership statement about the particular vector is false. These are genuine logical errors despite the correct final plane."
"du08_1","3039","4","true","Řešení je úplné a správné. Obě invariantní roviny jsou určeny přesně, zvolený Jordanův řetízek je platný a matice zúžení v uvedených bázích jsou správné.","The spectral calculations and generalized eigenvector are correct. Exactly the two invariant planes are obtained, and the concrete ordered bases produce the stated diagonal and Jordan-block matrices."
"du08_1","3057","1.5","false","Správně rozpoznáváte zamýšlený rozklad a nacházíte vlastní vektor pro −1. V rozepsaném charakteristickém polynomu je ale chybný konstantní člen a vektor (2,−3,5) není vlastním vektorem pro 2. Proto neplatí navazující Jordanův řetízek a ani jedna z uvedených rovin není v zapsané podobě správná.","The intended factorization and the eigenvector for eigenvalue -1 are useful progress, but the expanded characteristic polynomial has a wrong constant term and the proposed eigenvector (2,-3,5) for eigenvalue 2 is not an eigenvector. Since that vector is used in both listed planes and in the claimed Jordan chain, neither final plane is valid."
"du08_1","3060","3.5","false","Výsledné vlastní prostory, obě invariantní roviny, jejich báze i matice zúžení jsou správné. V rozkladu charakteristického polynomu však při poslední úpravě ztrácíte počáteční znaménko minus, takže zapsaná rovnost polynomů není pravdivá, byť kořeny zůstávají stejné.","All substantive spectral computations, both invariant planes, and the restriction matrices are correct. There is nevertheless an explicit sign error when -(lambda+1)(lambda-2)^2 is rewritten without the leading minus; the roots survive, but the displayed polynomial equality is false."
"du08_1","3072","3.5","false","Obě výsledné roviny, zvolené báze i Jordanovy matice jsou správné. V argumentu ale tvrdíte, že se při zúžení zachovávají algebraické násobnosti vlastních čísel, což obecně neplatí. Pro zúžení platí slabší vztah, a proto je třeba tuto část zdůvodnění opravit.","The two planes and their Jordan bases and matrices are correct. The proof nevertheless explicitly says that algebraic multiplicities are preserved under restriction, which is false in general; only the relevant divisibility/inequality statement is valid. This leaves a mathematical error in the justification."
"du08_1","3076","4","true","Řešení je věcně správné a úplné. Nacházíte obě invariantní roviny, správný zobecněný vlastní vektor i odpovídající báze a Jordanovy matice; stručný zápis nevynechává podstatnou část výsledku.","Despite a terse presentation, the submission correctly computes the eigenvectors and a generalized vector, identifies the mixed plane and the generalized eigenspace, and gives valid Jordan bases and restriction matrices for both."
"du08_1","3077","3","false","Vlastní čísla a vlastní prostory určujete správně a rozpoznáváte oba možné typy rovin. Část se zobecněným vlastním vektorem však není dotažena do jednoznačně ověřeného Jordanova řetízku a v závěru chybí jasně zapsané uspořádané báze s oběma maticemi zúžení.","The eigenvalues and eigenspaces are correct and the write-up points toward both required plane types. The generalized-vector step and the final ordered bases/matrices are not stated and verified clearly enough to establish the second plane and the requested Jordan representations completely."
"du08_1","3089","4","true","Řešení je úplné a správné. Výpočty spektrálních dat jsou korektní, obě invariantní roviny jsou určeny vyčerpávajícím způsobem a v uvedených bázích mají správné Jordanovy matice.","The calculations yield correct eigenvectors and a valid generalized vector. The classification of the two invariant planes is exhaustive and both requested Jordan bases and matrices are correct."
"du08_1","3115","2.5","false","Charakteristický polynom, vlastní prostory a smíšená rovina generovaná vlastními vektory pro −1 a 2 jsou správně. Vektor (−2,0,−1) ale nesplňuje rovnici zobecněného vlastního vektoru s pravou stranou (−2,3,5) a v závěru jsou navíc označení článků řetízku obrácena. Druhá rovina ani její zapsaná matice proto nejsou korektní.","The characteristic polynomial, eigenspaces, and the mixed plane are correct. The vector (-2,0,-1) produced for the generalized chain does not satisfy (A-2I)v=(-2,3,5); the later labels are also reversed relative to the displayed chain. Hence the purported eigenvalue-2 plane and its matrix are invalid."
"du08_1","3116","4","true","Řešení je správné a úplné. Správně nacházíte Jordanův řetízek, obě možné invariantní roviny a pro každou uvádíte bázi s odpovídající Jordanovou maticí zúžení.","The eigenspaces and generalized chain are correct, and the argument identifies exactly the two invariant two-dimensional subspaces. Both ordered bases give the correct Jordan matrices for the restrictions."
"du08_1","3131","4","true","Řešení je úplné a správné. Seznam invariantních rovin je vyčerpávající, výpočty vektorů jsou korektní a obě matice zúžení mají ve zvolených bázích požadovaný Jordanův tvar.","All spectral computations are correct, the two invariant planes are completely classified, and the selected bases lead to the correct diagonal and nontrivial Jordan-block restriction matrices."
"du08_1","3142","4","true","Řešení je správné a úplné. Použitá věta korektně zajišťuje úplnost seznamu, obě konkrétní roviny jsou správné a uvedené báze dávají požadované Jordanovy matice zúžení.","A valid structural theorem is used to prove that there are no further invariant planes. The concrete mixed plane and generalized eigenspace, their bases, and both Jordan matrices are all correct."
"du08_1","3166","4","true","Řešení je úplné a správné. Obě invariantní roviny jsou nalezeny bez chyby a pro každou je uvedena konkrétní báze, v níž má zúžený operátor správný Jordanův tvar.","The characteristic data and generalized eigenvector are correct. The solution gives exactly the two invariant planes and correct Jordan-form matrices of both restrictions in explicit bases."
"du08_1","3174","4","true","Řešení je správné a úplné. Přes delší výpočet jsou vlastní prostory, Jordanův řetízek, obě invariantní roviny i výsledné matice zúžení určeny konzistentně a korektně.","The lengthy computation is consistent: it obtains the correct eigenspaces and Jordan chain, proves the two-plane classification, and gives the correct bases and matrices for both restrictions."
"du08_1","3205","2.5","false","Rovina generovaná vlastními vektory pro −1 a 2 je správná. Navržený zobecněný vlastní vektor (−5/3,2,−1/3) ale nesplňuje požadovanou rovnici po aplikaci A−2I a navazující výpočet matice zúžení je nekonzistentní. Druhá rovina proto není správně.","The mixed plane spanned by eigenvectors for -1 and 2 is correct. The proposed generalized vector (-5/3,2,-1/3) does not map under A-2I to the chosen eigenvector, and the subsequent restriction calculation is inconsistent, so the second plane is wrong."
"du08_1","3221","2.5","false","Spektrální výpočet a rovina spojená z vlastních vektorů pro −1 a 2 jsou správné. Vektor (−2,4,13) však není zobecněným vlastním vektorem odpovídajícím zvolenému vlastnímu vektoru pro 2. Druhá uvedená rovina a její Jordanova báze proto neplatí.","The characteristic polynomial, eigenspaces, and mixed-eigenvalue plane are correct. The vector (-2,4,13) is not a valid generalized eigenvector for the selected eigenvector at 2, so the second plane and its asserted Jordan representation are invalid."
"du08_1","3245","4","true","Řešení je správné a úplné. Zvolený alternativní zobecněný vlastní vektor i následná úprava báze jsou korektní, takže obě výsledné roviny a jejich Jordanovy matice jsou správné.","The computation uses a correct alternative generalized vector and, after the stated basis adjustment, obtains a valid Jordan chain. Both invariant planes and both restriction matrices are correct and the list is exhaustive."
"du08_1","3253","3.5","false","Výsledné dvě roviny, Jordanův řetízek, báze i matice zúžení jsou správné. V rozboru případů ale jednou uvádíte vlastní číslo 3 místo 2 a jinde připisujete vlastnímu číslu 2 násobnost 1. Jde o výslovně nepravdivé údaje, které je nutné opravit.","The final two planes, generalized chain, bases, and matrices are correct, and the intended exhaustiveness argument is visible. The text nevertheless explicitly refers once to eigenvalue 3 instead of 2 and once assigns multiplicity 1 to eigenvalue 2; these false statements prevent full correctness."
"du08_1","3256","4","true","Řešení je správné a úplné. Vektor (−2,4,3) je platným zobecněným vlastním vektorem, obě roviny jsou určeny korektně a jejich matice zúžení mají ve zvolených bázích požadovaný tvar.","The vector (-2,4,3) forms a correct Jordan chain with the chosen eigenvector. The mixed plane and generalized eigenspace are both correct, as are their bases and restriction matrices."
"du08_1","3259","4","true","Řešení je úplné a správné. Jordanova struktura operátoru, obě a pouze obě invariantní roviny i příslušné báze a matice zúžení jsou uvedeny korektně.","The submission correctly derives the complete Jordan structure, identifies the only two invariant planes, and supplies valid ordered bases with the correct diagonal and Jordan-block matrices."
"du08_1","3261","3.5","false","Vlastní výpočty s maticí A−2I, obě roviny, báze i Jordanovy matice jsou správné. Příslušnou část ale výslovně označujete jako výpočet pro λ=−2, přestože jde o λ=2. Toto chybné označení vlastního čísla je třeba opravit.","All actual computations use A-2I and produce the correct eigenvector, generalized vector, planes, bases, and matrices. The write-up nevertheless labels that calculation as being for lambda=-2, an explicit false eigenvalue statement."
"du08_1","3268","4","true","Řešení je správné a úplné. Správně nacházíte oba případy, ověřujete, že další zdánlivá kombinace rovinu nedává, a uvádíte korektní Jordanovy báze i matice obou zúžení.","The solution correctly builds the Jordan chain, obtains the mixed plane and the generalized eigenspace, and explicitly rules out the remaining apparent combination. Both Jordan bases and matrices are correct."
"du08_1","3271","3.5","false","Obě invariantní roviny i použitý zobecněný vlastní vektor jsou správné. V závěru však matice obou zúžení nejsou jednoznačně a úplně zapsány ve vztahu ke konkrétním uspořádaným bázím; požadovaná část výsledku tak zůstává jen naznačena.","The eigenvectors and generalized vector lead to the correct two invariant planes. The final presentation only alludes to the Jordan forms and does not clearly display and verify both requested restriction matrices in the stated ordered bases, leaving a small but material omission."
"du08_1","3273","4","true","Řešení je správné a úplné. Zobecněný vlastní vektor, obě invariantní roviny, zvolené báze i odpovídající Jordanovy matice jsou všechny korektní.","A correct generalized vector (-2,4,3) is used. The two invariant planes are exactly right, and the ordered bases yield the displayed diagonal and size-two Jordan matrices."
"du08_1","3275","4","true","Řešení je úplné a správné. Výpočet Jordanova řetízku je korektní, seznam dvou invariantních rovin je vyčerpávající a obě matice zúžení odpovídají uvedeným bázím.","The characteristic polynomial and Jordan-chain calculations are correct. The solution lists exactly the mixed plane and the eigenvalue-2 generalized plane, with correct bases and restriction matrices."
"du08_1","3283","4","true","Řešení je správné a úplné. Správně určujete vlastní i zobecněný vlastní vektor, obě možné invariantní roviny a příslušné báze s Jordanovými maticemi zúžení.","Both eigenspaces and a valid generalized vector are found. The two and only two invariant planes are then correctly stated with Jordan bases and matrices."
"du08_1","3294","4","true","Řešení je správné a úplné. Korektně sestavujete celou Jordanovu bázi a z ní odvozujete právě obě invariantní roviny včetně správných matic zúžení.","The full Jordan basis is correctly constructed and used to classify the two-dimensional invariant subspaces. The resulting two planes and their restriction matrices are all correct."
"du08_1","3295","2.5","false","Charakteristický polynom, vlastní prostory a rovina spojená z vlastních vektorů pro −1 a 2 jsou správné. Vektor (4/5,−1/5,0) ale nesplňuje zapsanou rovnici (A−2I)v=(−2,3,5). Druhá rovina proto netvoří uvedený Jordanův řetízek a její matice zúžení není platná.","The characteristic polynomial, eigenspaces, and mixed plane are correct. The proposed generalized vector (4/5,-1/5,0) does not satisfy (A-2I)v=(-2,3,5), so the second plane is not invariant in the claimed Jordan-chain fashion and its matrix is invalid."
"du08_1","3298","4","true","Řešení je úplné a správné. Zvolený zobecněný vlastní vektor je platný, obě invariantní roviny jsou určeny vyčerpávajícím způsobem a jejich Jordanovy báze i matice jsou korektní.","The generalized vector one fifth of (-4,11,0) is correct. The complete classification, explicit bases, and both Jordan restriction matrices are rigorously and correctly given."
"du08_1","3301","3.5","false","Výsledný Jordanův řetízek, obě roviny a jejich matice zúžení jsou správné. Na první straně ale vlastnímu prostoru pro −1 výslovně připisujete geometrickou násobnost 2, přestože uvedený prostor je jednorozměrný. Tento chybný údaj je nutné opravit.","The final generalized vector (-2,4,3), both planes, and both restriction matrices are correct. Earlier, however, the eigenspace for -1 is explicitly assigned geometric multiplicity 2 although its displayed span is one-dimensional. This false multiplicity statement prevents a fully correct grade."
"du08_1","3309","4","true","Řešení je správné a úplné. Správně určujete vlastní prostory i Jordanův řetízek, získáváte právě dvě invariantní roviny a uvádíte pro ně korektní báze i matice zúžení.","The eigenspaces and generalized chain are correct, and the structural discussion identifies the only two possible invariant planes. Both concrete bases and Jordan restriction matrices are correct."
"du08_1","3310","4","true","Řešení je úplné a správné. Zvolený Jordanův řetízek je platný, obě invariantní roviny jsou správně určeny a v uvedených bázích mají zúžení požadované Jordanovy matice.","The vector (0,-1,2) is a valid generalized vector for the chosen scaling, and both the mixed plane and the generalized eigenspace are correct. The requested bases and matrices are all supplied correctly."
"du08_1","3314","3.5","false","Samotný výpočet s A+I, oba vlastní směry, zobecněný vlastní vektor, roviny i matice zúžení jsou správné. Jedno vlastní číslo ale výslovně označujete jako 1 místo −1. Jde o znaménkovou chybu ve spektrálních datech, kterou je třeba opravit.","The actual computation uses A+I, finds the correct eigenvector for -1, and then correctly obtains both planes, their bases, and matrices. The text nevertheless labels this eigenvalue as 1, an explicit sign error in the spectral data."
"du08_1","3324","4","true","Řešení je správné a úplné. Výpočet vlastních i zobecněného vlastního vektoru je korektní, rozbor možností je vyčerpávající a obě roviny mají v uvedených bázích správné Jordanovy matice.","The spectral calculations, generalized vector (0,1,-2), and restriction-polynomial case split are correct. The two resulting planes, bases, and Jordan matrices are complete and accurate."
"du08_1","3331","3.5","false","Obě invariantní roviny, jejich báze i matice zúžení jsou správné a vektor (0,−1,2) tvoří platný Jordanův řetízek. Protože ale počítáte det(A−λI), má zapsaný charakteristický polynom chybné celkové znaménko. Kořeny se tím nemění, ale uvedená rovnost polynomů není správná.","Both invariant planes, their bases, and the restriction matrices are correct, including the valid chain with (0,-1,2). Since the determinant is defined as det(A-lambda I), however, the displayed characteristic polynomial is missing its leading minus sign. The roots are unaffected but the polynomial equality is false."
"du08_1","3346","4","true","Řešení je správné a úplné. Alternativní zobecněný vlastní vektor je zvolen korektně, obě roviny i matice jejich zúžení jsou správné a závěrečná strukturální úvaha dostatečně zdůvodňuje úplnost seznamu.","The alternative generalized vector one fifth of (-4,11,0) is correct. The solution obtains both invariant planes, supplies valid Jordan bases and matrices, and includes an adequate generalized-eigenspace argument for exhaustiveness."
"du08_1","3351","4","true","Řešení je úplné a správné. Násobně zvolené vlastní a zobecněné vlastní vektory jsou vzájemně konzistentní, obě invariantní roviny jsou správné a zapsané matice zúžení odpovídají pořadí v jejich bázích.","The scaled eigenvector (-6,9,15) and corresponding generalized vector one fifth of (-12,33,0) form a correct chain. The generalized plane and mixed plane are both correct, with valid ordered bases and Jordan restriction matrices."
"du08_2","1654","1","false","Správně rozkládáte anulující polynom a nacházíte možné hodnoty 0, i a −i. Z toho ale neplyne, že matice skutečně má všechna tři tato vlastní čísla. Chybí využití reálnosti matice a rozbor možnosti, kdy je jediným vlastním číslem 0; závěr o třech různých vlastních číslech proto není odůvodněn.","The annihilating polynomial is factored correctly and its possible eigenvalues are found. The solution then assumes that all three roots 0, i, and -i occur, without using realness or treating the possible all-zero spectrum. Thus the decisive case split and the exclusion of nontrivial nilpotent matrices are missing."
"du08_2","1771","4","true","Řešení je úplné a správné. Správně využíváte sdruženost komplexních vlastních čísel reálné matice, rozlišujete obě možné skladby spektra a případ trojnásobné nuly uzavíráte pomocí Cayleyho–Hamiltonovy věty a dosazení do zadané rovnice.","The solution correctly identifies the possible eigenvalues, uses conjugate multiplicities for a real 3 by 3 matrix, and obtains the exhaustive spectra {0,i,-i} and {0,0,0}. The mixed case has three distinct eigenvalues, while Cayley-Hamilton gives A^3=0 in the all-zero case and substitution yields A=0. Complete."
"du08_2","2202","3","false","Správně rozpoznáváte možné spektrální případy a vhodně míříte k minimálnímu polynomu. V argumentu však není korektně zdůvodněno, proč musí mít minimální polynom jen jednoduché kořeny; tato vlastnost je místy použita jako předpoklad požadované diagonalizovatelnosti. Také v nulovém spektrálním případě pouze tvrdíte, že minimální polynom má stupeň 1, aniž to z uvedených skutečností plyne.","The submission recognizes the two possible spectral cases and aims to use the minimal-polynomial criterion. The conclusion is essentially right, but the relation between the annihilating polynomial, the minimal polynomial, and squarefreeness is stated circularly and the all-zero case is reduced to a linear minimal polynomial without a valid justification. A substantive logical gap remains."
"du08_2","2398","2.5","false","Rozklad polynomu i poznámka o komplexně sdružených kořenech reálné matice jsou správné. Není ale zdůvodněno, proč minimální polynom nemůže obsahovat některý z faktorů pro i nebo −i ve druhé mocnině, a chybí samostatný rozbor nulového spektra. Pouhé uvedení polynomu s jednoduchými kořeny proto diagonalizovatelnost ještě nedokazuje.","The factorization, conjugate-pair observation, and minimal-polynomial direction are relevant. However, the solution simply replaces the possible minimal polynomial by x(x^2+1) and calls its roots simple, without excluding the squared factors allowed by the given annihilator or treating the all-zero spectrum. The central diagonalizability claim is therefore not proved."
"du08_2","2430","3.5","false","Jádro důkazu pomocí Jordanova tvaru je správné: netriviální blok pro nulu nevyhoví rovnici a blok velikosti 2 pro i by u reálné matice vyžadoval odpovídající blok pro −i, což se do dimenze 3 nevejde. Na začátku však nesprávně přebíráte algebraické násobnosti z anulujícího polynomu stupně 5; jeho násobnosti obecně nejsou algebraickými násobnostmi vlastních čísel matice.","The Jordan-form argument correctly excludes a nontrivial zero Jordan block and observes that a size-two block at i would force a conjugate size-two block at -i, impossible in dimension three. This proves the result. There is nevertheless an explicit false preliminary claim that the algebraic multiplicities are read directly from the roots of the degree-five annihilating polynomial."
"du08_2","2511","2","false","Správně určujete možné kořeny a všímáte si sdruženosti komplexních vlastních čísel. Zásadní chyba je ale v tvrzení, že charakteristický polynom musí dělit zadaný anulující polynom. Taková dělitelnost obecně neplatí a vede vás k nesprávnému vyloučení charakteristického polynomu s trojnásobným kořenem 0, přestože nulová matice zadání splňuje.","The roots of the annihilating polynomial and the role of conjugate eigenvalues are identified. The solution then incorrectly claims that the characteristic polynomial must divide the annihilating polynomial and uses this to rule out the all-zero characteristic polynomial x^3. In fact the zero matrix is a valid solution, so an entire necessary case is discarded by a false divisibility statement."
"du08_2","2562","1.5","false","Možná vlastní čísla jsou určena správně a sdruženost komplexních kořenů je relevantní. Z reálnosti matice však neplyne, že se i a −i musejí ve spektru skutečně objevit. Chybí případ, kdy jsou všechna tři vlastní čísla nulová, takže důkaz nepokrývá všechny matice ze zadání.","The possible roots 0, i, and -i are computed and conjugacy for a real matrix is mentioned. The argument nevertheless assumes that all three occur and concludes diagonalizability from distinctness. It does not consider the possible all-zero spectrum, nor does it rule out a nontrivial nilpotent matrix."
"du08_2","2760","4","true","Řešení je správné a úplné. Rozbor možných vlastních čísel je vyčerpávající, případ tří různých vlastních čísel je okamžitě uzavřen a v případě trojnásobné nuly správně používáte Cayleyho–Hamiltonovu větu k závěru A=0.","The possible eigenvalues are obtained correctly, realness yields the exhaustive spectra {0,i,-i} and {0,0,0}, and both are handled rigorously. The mixed spectrum is simple, while Cayley-Hamilton and the original equation force A=0 in the all-zero case. Complete."
"du08_2","2763","4","true","Řešení je stručné a správné. Klíčově využíváte, že minimální polynom reálné matice má reálné koeficienty a stupeň nejvýše 3; případná násobnost kořenů i a −i by proto vyžadovala reálný faktor stupně 4. Z toho korektně plyne, že minimální polynom má jen jednoduché kořeny.","The minimal polynomial is correctly noted to be real, to divide x(x^2+1)^2, and to have degree at most three. A repeated nonreal factor would require the real factor (x^2+1)^2 of degree four, while zero is already simple. Hence the minimal polynomial is squarefree and A is diagonalizable. Complete."
"du08_2","2859","3","false","Úvahy o Jordanově tvaru a sdružených komplexních vlastních číslech jsou z velké části správné. Závěrem však uvádíte jako jedinou možnost charakteristický polynom s kořeny 0, i a −i. Chybí platná možnost trojnásobného vlastního čísla 0 a zdůvodnění, proč v tomto případě musí být matice nulová.","Much of the Jordan-form discussion is relevant and correctly addresses why nonreal eigenvalues of a real matrix are paired. However, the solution ultimately declares x(x-i)(x+i) to be the only possible characteristic polynomial and omits the valid all-zero spectrum. Thus the zero/nilpotent case is not proved."
"du08_2","2862","4","true","Řešení je správné a úplné. Správně rozlišujete spektrum {0,i,−i} a trojnásobnou nulu; první případ dává tři různá vlastní čísla a ve druhém případě z Cayleyho–Hamiltonovy věty a zadané rovnice plyne A=0.","The roots and conjugate multiplicities are handled correctly. The submission obtains the two possible spectra, treats the distinct-root case, and in the all-zero case uses Cayley-Hamilton and the given identity to force A=0. A minor shorthand in the substitution does not affect the valid argument."
"du08_2","2864","3","false","Hlavní rozbor Jordanových bloků směřuje správně a zachycuje podstatné omezení dané reálností a dimenzí. V řešení ale výslovně tvrdíte, že jediným reálným řešením je nulová matice. To není pravda: existují i nenulové reálné matice se spektrem 0, i, −i, které rovnici splňují. Některé zapsané tvary bloků jsou navíc vzájemně nekonzistentní.","The main Jordan-block analysis contains the right ideas and substantially rules out the problematic blocks. However, the write-up includes inconsistent block displays and, more importantly, explicitly claims that the zero matrix is the only real solution. This is false: a real rotation block with eigenvalues i and -i together with a zero block is also a solution."
"du08_2","2865","4","true","Řešení je správné a úplné. Správně využíváte reálnost matice pro rozdělení spektrálních případů a v nulovém případě korektně dokazujete invertibilitu A²+I, takže ze součinové rovnice plyne A=0. Druhý případ má tři různá vlastní čísla.","The spectrum is split correctly using conjugate multiplicities. In the all-zero case A^2+I is invertible, so A(A^2+I)^2=0 forces A=0; in the other case the three eigenvalues are distinct. This is a complete proof."
"du08_2","2866","3","false","Možná vlastní čísla i rozdělení na spektrum {0,i,−i} a trojnásobnou nulu jsou správné. V druhém případě ale pouze prohlásíte, že A=0. Samotné nulové spektrum obecně nulovost matice nezaručuje, takže právě tento krok zůstává bez důkazu.","The possible eigenvalues and the exhaustive spectral split are correct. The mixed case is handled by distinctness, but in the all-zero case the solution merely asserts A=0. A matrix with only zero as eigenvalue need not be zero, so this decisive assertion requires proof."
"du08_2","2871","3.5","false","Vlastní důkaz je správný: rozlišujete oba možné spektrální případy a nulový případ uzavíráte pomocí skutečného charakteristického polynomu a Cayleyho–Hamiltonovy věty. Na začátku však zadaný polynom stupně 5 označujete za charakteristický polynom matice 3×3. Jde pouze o anulující polynom; toto explicitně chybné označení je potřeba opravit.","Apart from terminology, the mathematical argument is complete: possible eigenvalues are found, conjugate multiplicities give the two spectra, and Cayley-Hamilton forces A=0 in the all-zero case. The explicit description of the given degree-five annihilating polynomial as the characteristic polynomial is false, even though the later use of the actual characteristic polynomial is correct."
"du08_2","2874","1","false","Rozklad polynomu je správný, ale jeho tři kořeny nejsou automaticky třemi vlastními čísly matice A. Z rovnice plyne pouze to, že případná vlastní čísla patří do množiny {0,i,−i}. Chybí využití reálnosti a rozbor možnosti, že jediným vlastním číslem je 0.","The polynomial is factored and its three distinct roots are listed, but the solution immediately treats all three as eigenvalues of A. An annihilating polynomial only bounds the possible eigenvalues; it does not say every root occurs. The realness and the all-zero case are unused."
"du08_2","2903","4","true","Řešení je úplné a správné. Korektně pracujete se sdruženými vlastními čísly reálné matice, rozlišujete obě možné skladby spektra a případ trojnásobné nuly uzavíráte pomocí Cayleyho–Hamiltonovy věty a původní rovnice.","The solution rigorously uses conjugate eigenspaces and multiplicities, handles the mixed spectrum by distinct eigenvalues, and handles the all-zero spectrum via Cayley-Hamilton and substitution. The argument is lengthy but complete and correct."
"du08_2","2917","4","true","Řešení je správné a úplné. Správně nacházíte možná vlastní čísla, využíváte jejich sdruženost pro reálnou matici a v nulovém případě přes Cayleyho–Hamiltonovu větu dokazujete, že A je nulová.","The annihilating polynomial, conjugate-pair restriction, exhaustive spectra, and both cases are all handled correctly. Cayley-Hamilton gives A^3=0 in the all-zero case and the original equation then gives A=0. Complete."
"du08_2","2924","4","true","Řešení je správné a úplné. Rozdělení podle singularity faktorů A−iI a A+iI je korektní: v singulárním případě získáte tři různá vlastní čísla a v regulárním případě lze ze součinové rovnice odvodit A=0.","The invertibility split is sound. If A-iI or A+iI is singular, realness supplies the conjugate eigenvalue and the remaining eigenvalue is zero, giving three distinct eigenvalues. If both are invertible, multiplying A(A^2+I)^2=0 by their inverses yields A=0. Complete."
"du08_2","2937","3","false","Správně určujete možné spektrální případy a případ 0, i, −i uzavíráte třemi různými vlastními čísly. U trojnásobné nuly ale jen tvrdíte, že geometrická násobnost menší než 3 by odporovala zadané rovnici. Právě toto tvrzení je podstatnou částí důkazu a v odevzdání není doloženo.","The possible spectra are identified correctly and the mixed case is settled by distinctness. For the all-zero spectrum, however, the solution only states that a smaller geometric multiplicity would violate the matrix equation, without demonstrating this. That is the key nontrivial point and remains a gap."
"du08_2","2940","4","true","Řešení je správné a úplné. Rozklad, využití reálnosti, vyčerpávající rozdělení případů i důkaz A=0 při trojnásobném nulovém vlastním čísle jsou korektní.","The solution correctly derives the possible eigenvalues, uses realness to list the two possible spectra, and treats both. The all-zero case follows from Cayley-Hamilton and substitution, while the other spectrum is simple. Complete."
"du08_2","2947","4","true","Řešení je úplné a správné. Správně využíváte sdružené násobnosti komplexních vlastních čísel a v případě trojnásobné nuly korektně kombinujete Cayleyho–Hamiltonovu větu se zadanou rovnicí.","All steps are correct: the spectrum is restricted to 0 and the conjugate pair, the dimension-three possibilities are exhausted, and Cayley-Hamilton plus the original identity force the all-zero case to be A=0. Complete."
"du08_2","2968","4","true","Řešení je správné a úplné. Oba možné spektrální případy jsou odvozeny korektně a nulový případ je přes Cayleyho–Hamiltonovu větu doveden až k A=0.","The possible eigenvalues, conjugate multiplicities, two exhaustive spectra, and their diagonalizability are all established correctly. In particular, Cayley-Hamilton yields A^3=0 and then A=0 in the only repeated-eigenvalue case. Complete."
"du08_2","2980","4","true","Řešení je úplné. Správně určujete možné vlastní hodnoty, využíváte reálnost matice a případ jediného nulového vlastního čísla korektně uzavíráte důkazem A=0.","The proof correctly identifies and exhausts the possible spectra of the real 3 by 3 matrix. The distinct spectrum is diagonalizable, and the all-zero spectrum is shown by Cayley-Hamilton and the given equation to imply A=0. Complete."
"du08_2","3008","4","true","Řešení je stručné, správné a úplné. V nulovém případě správně pracujete s Jordanovým tvarem a invertibilitou J²+I, zatímco druhý možný případ má tři různá vlastní čísla.","The solution gives a compact complete case split. In the all-zero case the Jordan form J is nilpotent and J^2+I is invertible, so J(J^2+I)^2=0 implies J=0; otherwise the spectrum is {0,i,-i}. Complete."
"du08_2","3009","4","true","Řešení je správné a úplné. Po určení možných vlastních čísel správně rozlišujete dva možné charakteristické polynomy; případ tří různých kořenů je okamžitý a případ λ³ uzavíráte pomocí Cayleyho–Hamiltonovy věty a dosazení.","Despite a slightly loose phrase about roots of the characteristic polynomial, the solution explicitly obtains the two actual characteristic polynomials x^3 and x(x^2+1), treats the latter by distinctness, and uses Cayley-Hamilton to force A=0 in the former. Complete."
"du08_2","3036","4","true","Řešení je úplné a správné. Reálnost matice je využita přesně tam, kde je potřeba, oba možné spektrální případy jsou vyřešeny a v nulovém případě je správně dokázáno A=0.","The solution correctly restricts the eigenvalues, uses reality to pair i and -i, and exhausts the mixed and all-zero cases. Cayley-Hamilton gives A^3=0 in the latter and substitution gives A=0. Complete."
"du08_2","3039","1","false","Kořeny anulujícího polynomu jsou určeny správně, ale nelze z nich bez dalšího usoudit, že se všechny tři vyskytují jako vlastní čísla A. Řešení zcela vynechává možnost trojnásobného vlastního čísla 0 a nevyužívá klíčovou reálnost matice.","The three roots of the annihilating polynomial are listed and immediately treated as three eigenvalues. This implication is invalid, and the valid all-zero spectrum is omitted entirely. No use is made of the key real-matrix restriction."
"du08_2","3041","2","false","Správně určujete možné kořeny a uvádíte, že i a −i se u reálné matice vyskytují společně. Není však nutné, aby se tato dvojice vůbec vyskytla. Zbývá možnost trojnásobného vlastního čísla 0, kterou řešení opomíjí; tvrzení o automatické násobnosti 1 proto není platné.","The roots and the conjugate-pair property are correct. The solution then says that dimension three forces all three roots to have multiplicity one, overlooking the possibility that neither i nor -i occurs and zero has multiplicity three. Consequently it proves only the mixed case."
"du08_2","3045","3","false","Závěrečné rozdělení spektra je správné: při výskytu komplexního vlastního čísla dostanete trojici 0, i, −i. Pro čistě nulové spektrum se však opíráte o obtížně formulovaný řetězec tvrzení o jádrech, u něhož nejsou jasně uvedeny předpoklady ani vazba na geometrickou násobnost nuly. Podstatný závěr, že její geometrická násobnost je 3, tak není dostatečně doložen.","The final spectral split is correct: the presence of a nonreal eigenvalue yields 0,i,-i, while otherwise only zero can occur. The lengthy preceding kernel argument intended to prove full geometric multiplicity in the zero case is not stated rigorously or connected clearly to A, and several dimension inequalities are asserted without sufficient hypotheses. The key zero case therefore remains insufficiently justified."
"du08_2","3057","4","true","Řešení je správné a úplné. Správně rozlišujete obě možné skladby spektra a případ trojnásobné nuly uzavíráte pomocí Cayleyho–Hamiltonovy věty a zadané rovnice.","The possible roots, conjugate multiplicities, and exhaustive case split are correct. The mixed case has distinct eigenvalues, and in the all-zero case Cayley-Hamilton gives A^3=0, whence the original equation gives A=0. Complete."
"du08_2","3060","4","true","Řešení je úplné a správné. Možná vlastní čísla i obě skladby spektra jsou určeny korektně a v nulovém případě správně dokazujete A=0.","The solution correctly identifies the possible eigenvalues and both spectra allowed by reality and dimension. The distinct case and the all-zero case, via Cayley-Hamilton and substitution, are handled completely."
"du08_2","3072","2.5","false","Rozbor možných Jordanových tvarů a výpočty podmínek pro mimodiagonální prvky jsou relevantní, stejně jako poznámka o sdružených vlastních číslech. Závěrečné tvrzení, že zadaný polynom neanuluje žádný blok velikosti větší než 1, však není pravdivé: pro i a −i má dvojnásobné kořeny. Tyto bloky lze vyloučit až s využitím reálnosti a dimenze 3, ale tato část není v řešení logicky dotažena.","The submission makes a serious attempt to test all Jordan types and computes several derivative conditions for Jordan blocks. It notices the conjugate-pair restriction, but the final claim that every block larger than one fails is false for the annihilating polynomial itself: size-two blocks at i or -i are annihilated. Their exclusion must come from the real dimension-three setting, and that connection is not established cleanly. The argument is internally inconsistent."
"du08_2","3077","2","false","Možná vlastní čísla jsou vypočtena správně a nulovou možnost alespoň zmiňujete. Nelze však bez dalšího tvrdit, že A má právě 0, i a −i, a stejně tak z trojnásobného nulového vlastního čísla automaticky neplyne, že A je nulová. Rozhodující nulový případ proto zůstává bez důkazu.","The polynomial and possible roots are correct, and the student at least mentions the all-zero possibility. But the text first assumes three eigenvalues 0,i,-i, and later merely asserts that three zeros make A the zero matrix. A matrix with only zero eigenvalues need not be zero, so the missing justification is essential."
"du08_2","3116","4","true","Řešení je správné a úplné. Sdružené násobnosti jsou využity korektně, případ tří různých vlastních čísel je uzavřen a pro trojnásobnou nulu správně odvozujete A³=0 a následně A=0.","The solution correctly uses conjugate multiplicities to identify the mixed and all-zero cases. In the latter, the characteristic polynomial is -x^3, Cayley-Hamilton gives A^3=0, and the original equation yields A=0. Complete."
"du08_2","3131","3","false","Možná vlastní čísla i dva relevantní případy jsou rozpoznány správně. V případě trojnásobného kořene 0 však pouze píšete, že taková situace vzniká pro nulovou matici. To nedokazuje, že každá matice se spektrem {0,0,0}, která splňuje rovnici, musí být nulová; nenulové nilpotentní matice obecně existují.","The possible roots and the two spectra are correctly recognized, and the distinct-root case is fine. In the all-zero case the solution simply says that algebraic multiplicity three arises for the zero matrix. This reverses the needed implication and ignores nonzero nilpotent matrices, so the key case is unproved."
"du08_2","3165","4","true","Řešení je správné a úplné. Správně určujete dvě možné skladby spektra a v nulovém případě přímo ověřujete, že netriviální nilpotentní Jordanovy bloky zadanou rovnici nesplňují.","The solution correctly identifies the only two characteristic-polynomial possibilities. The mixed one has three distinct roots, and for x^3 the nontrivial nilpotent Jordan blocks of sizes two and three are explicitly checked not to satisfy the equation, leaving only the zero matrix. Complete."
"du08_2","3168","4","true","Řešení je úplné a správné. Správně využíváte reálnost matice, v nulovém případě aplikujete Cayleyho–Hamiltonovu větu a oba možné případy korektně uzavíráte.","The possible eigenvalues, conjugate-pair restriction, and two exhaustive cases are all correct. Cayley-Hamilton and substitution prove that the all-zero case is A=0; the other case has three distinct eigenvalues. Complete."
"du08_2","3188","4","true","Řešení je správné a úplné. Možná vlastní čísla, jejich sdruženost a oba případy jsou zpracovány korektně; při trojnásobné nule správně získáváte A³=0 a následně A=0. Jednorázové znaménko u Av v úvodním řádku další správný výpočet neovlivňuje.","Apart from a harmless sign typo in one displayed vector equation, the spectral calculation and case split are rigorous. The mixed case has simple eigenvalues and the all-zero case is forced by Cayley-Hamilton and the given equation to be A=0. Complete."
"du08_2","3198","4","true","Řešení je správné. V případě spektra 0, i, −i správně využíváte omezení stupně minimálního polynomu a v čistě nulovém případě dokazujete invertibilitu A²+I, z níž plyne A=0. Oba případy jsou uzavřeny.","The solution correctly uses that the minimal polynomial divides x(x^2+1)^2 and has degree at most three. In the mixed case a repeated nonreal factor would force degree at least four, and in the all-zero case A^2+I is invertible, forcing A=0. The reasoning is complete."
"du08_2","3205","2.5","false","Myšlenka pracovat se součinovou rovnicí, jádry a transponovanou maticí je relevantní. Důkaz ale na začátku odkládá nulovou matici a dále bez zdůvodnění předpokládá, že (A²+I)² není nulová matice. Také u rozkladů pro transponovanou matici není doloženo, že použitý sloupec je nenulový, takže existence i a −i jako vlastních čísel není spolehlivě odvozena.","The solution tries an inventive kernel and transpose argument, obtains zero as an eigenvalue in one branch, and aims to produce the conjugate pair in the nonzero case. However, it excludes A=0 at the outset without later incorporating it, assumes (A^2+I)^2 is nonzero without proving the alternative, and does not rigorously justify that a nonzero column survives the displayed factorizations. The claimed eigenvalue triple is therefore not fully established."
"du08_2","3225","3.5","false","Rozklad, rozdělení na dvě možné skladby spektra i závěry jsou správné. V nulovém případě však píšete, že z algebraické násobnosti 3 rovnou plyne A³=0. Samotná algebraická násobnost tento závěr nedává; v tomto kroku chybí výslovná vazba na charakteristický polynom a Cayleyho–Hamiltonovu větu.","The roots, conjugate restriction, two spectra, and final conclusions are correct. The line asserting that algebraic multiplicity three of the zero eigenvalue implies A^3=0 is not valid by itself; it needs the characteristic polynomial and Cayley-Hamilton, which are not invoked at that step. This is a localized but essential omitted justification."
"du08_2","3245","4","true","Řešení je úplné a správné. Reálnost matice vede ke dvěma přesně popsaným možnostem, případ tří různých vlastních čísel je správně uzavřen a u trojnásobné nuly korektně používáte Cayleyho–Hamiltonovu větu.","The solution correctly identifies the two possible spectra using realness, treats the distinct-root case, and explicitly invokes Cayley-Hamilton to get A^3=0 in the all-zero case before substituting into the given identity. Complete."
"du08_2","3259","1","false","Zadaná maticová rovnice neurčuje charakteristický polynom; polynom stupně 5 je pouze anulující. Z jeho kořenů také neplyne, že matice má právě tři různá vlastní čísla s násobností 1. Chybí využití reálnosti i rozbor případu, kdy je jediným vlastním číslem 0.","The submission treats the given degree-five annihilating polynomial as the characteristic polynomial and then claims a 3 by 3 matrix has the three roots 0, i, and -i each with algebraic multiplicity one. Neither claim follows. The role of realness and the possible all-zero spectrum are not handled."
"du08_2","3264","3","false","Možná vlastní čísla a obě možné skladby spektra jsou určeny správně. U trojnásobné nuly ale jen tvrdíte, že geometrické násobnosti 1 a 2 zadané rovnici nevyhovují. Toto tvrzení není nijak ověřeno ani odvozeno, a právě na něm závisí celý nulový případ.","The possible roots, conjugate multiplicities, and two spectra are correct. The solution states that geometric multiplicities one or two in the all-zero case do not satisfy the equation, but gives no calculation or theorem supporting that assertion. Since this is the central nontrivial step, the proof is incomplete."
"du08_2","3271","3","false","Správně určujete možná vlastní čísla, využíváte sdruženost a rozlišujete dvě možné skladby spektra. V případě trojnásobné nuly však bez dalšího prohlásíte, že A je nulová matice. To ze samotného spektra neplyne, takže tento podstatný krok je potřeba doložit.","The solution correctly restricts the spectrum, uses conjugacy, and lists the mixed and all-zero cases. It then asserts that the all-zero case makes A the zero matrix, without proof. Zero spectrum alone allows nonzero nilpotent matrices, so the decisive implication is missing."
"du08_2","3275","4","true","Řešení je podrobné, správné a úplné. Správně využíváte reálnost matice, rozlišujete oba možné případy a trojnásobnou nulu korektně řešíte pomocí charakteristického polynomu a Cayleyho–Hamiltonovy věty.","The solution carefully obtains the roots, uses reality and dimension to list the two spectra, and treats each correctly. In the all-zero case the characteristic polynomial is -x^3, Cayley-Hamilton gives A^3=0, and substitution yields A=0. Complete."
"du08_2","3276","4","true","Řešení je správné a úplné. Systematicky probíráte všechny možné skladby Jordanova tvaru řádu 3, správně vylučujete blok velikosti 3 výpočtem a blok velikosti 2 pomocí sdruženosti a rozměru. Zbývají pouze bloky velikosti 1.","The Jordan-form proof exhausts all partitions of dimension three. Direct coefficient conditions exclude a size-three block, and a size-two block at i or -i is ruled out because realness would require the conjugate block as well, exceeding dimension three. Thus only size-one blocks remain. Complete."
"du08_2","3283","4","true","Řešení je stručné a správné. Správně pracujete s minimálním polynomem, jeho reálnými koeficienty a omezením stupně; případný násobný komplexní kořen by vynutil i stejně násobný sdružený kořen a stupeň alespoň 4.","The minimal polynomial divides the given annihilator, has degree at most three, and has real coefficients. If it had a repeated root, it would have to contain both (x-i)^2 and (x+i)^2, of total degree four; zero is simple in the annihilator. This contradiction proves squarefreeness and diagonalizability. Complete."
"du08_2","3294","1","false","Polynom z(z+1)² sice anuluje A², ale není proto automaticky jeho charakteristickým polynomem. Nelze tedy přidělit A² vlastní čísla 0,−1,−1 ani z toho usoudit, že A má právě 0,i,−i. Protipříkladem k tomuto mezikroku je už nulová matice, která zadání splňuje.","After squaring the equation, the solution treats z(z+1)^2 as the characteristic polynomial of A^2 merely because it annihilates A^2. It then assigns the eigenvalues 0,-1,-1 to A^2 and 0,i,-i to A. This is invalid; for example A=0 also satisfies the original equation. The conclusion rests on confusing an annihilating polynomial with a characteristic polynomial."
"du08_2","3295","4","true","Řešení je správné a úplné. Správně spojujete násobný kořen minimálního polynomu s Jordanovým blokem velikosti alespoň 2 a využíváte reálnost matice: sdružený blok by celkově vyžadoval dimenzi alespoň 4.","The minimal-polynomial and Jordan-block criterion is applied correctly. A repeated root could only be i or -i; a size-two Jordan block for one would, by reality, force the corresponding size-two block for the conjugate eigenvalue, requiring dimension at least four. Hence all roots of the minimal polynomial are simple. Complete."
"du08_2","3301","2.5","false","Správně dokazujete singularitu A a tím existenci nulového vlastního čísla; správná je i poznámka o sdružených komplexních vlastních číslech. Následně však bez důkazu předpokládáte, že se dvojice i,−i skutečně vyskytuje. Chybí možnost, že všechna vlastní čísla jsou nulová, a její samostatné vyřešení.","The submission correctly proves that A is singular and hence zero is an eigenvalue, and correctly notes that nonreal eigenvalues come in conjugate pairs. It then assumes that such a pair actually occurs and concludes that the spectrum must be 0,i,-i. The possibility that all eigenvalues are zero is never treated, so the proof is incomplete despite substantial correct work."
"du08_2","3305","3","false","Rozklad i dvě možné skladby spektra jsou správné. U trojnásobné nuly však pouze tvrdíte, že geometrická násobnost 1 nebo 2 rovnici nesplní, aniž to ověříte. Právě vyloučení nenulových nilpotentních matic je podstatným krokem a v řešení chybí.","The possible roots, conjugate-pair restriction, and two spectra are identified correctly. In the all-zero case the solution asserts without verification that geometric multiplicity one or two cannot satisfy the equation and that multiplicity three means A=0. The essential exclusion of nontrivial nilpotent matrices is therefore missing."
"du08_2","3309","4","true","Řešení je správné a úplné. Pro nulu přímo vylučujete Jordanův řetězec délky alespoň 2 a u i a −i správně využíváte reálnost a dimenzi k algebraické násobnosti 1. Tím jsou pokryta všechna možná vlastní čísla.","The proof directly rules out a Jordan chain of length two at zero by applying the polynomial to a generalized eigenvector. For i and -i, realness and dimension three force algebraic multiplicity one. These facts cover every eigenvalue and establish equality of geometric and algebraic multiplicities. Complete."
"du08_2","3310","4","true","Řešení je stručné a správné. Případná nediagonalizovatelnost může vzniknout jen násobným kořenem i nebo −i v minimálním polynomu; reálnost pak vynutí stejnou situaci pro sdružený kořen, což by vyžadovalo součet algebraických násobností alespoň 4.","The contradiction proof via the minimal polynomial is correct. Since zero is a simple root of the annihilator, non-diagonalizability would require a repeated root at i or -i, hence a size-two Jordan block and algebraic multiplicity at least two. Reality forces the same for the conjugate root, impossible in dimension three. Complete."
"du08_2","3317","1.5","false","Možná vlastní čísla určujete správně. Poté ale bez zdůvodnění nahrazujete anulující polynom x(x²+1)² jeho odmocněnou částí x(x²+1) a tvrdíte, že A³+A=0. Tento přechod obecně neplatí a v podstatě už předpokládá nepřítomnost netriviálních Jordanových bloků, kterou máte teprve dokázat.","The possible roots are found, but the solution then replaces the given annihilating polynomial x(x^2+1)^2 by its squarefree part x(x^2+1) and asserts A^3+A=0. That implication is exactly what needs proof and is false for a general matrix annihilated by the original polynomial. The later conclusion is therefore circular."
"du08_2","3318","4","true","Řešení je úplné a správné. Pomocí Jordanova tvaru přímo ukazujete, že pro vlastní číslo 0 nemůže vzniknout blok větší než 1, a při výskytu komplexního vlastního čísla správně využíváte sdruženost a lichou dimenzi k trojici různých vlastních čísel.","The detailed Jordan-form analysis correctly shows directly that zero can only have size-one blocks. If nonreal eigenvalues occur, reality gives the conjugate pair and the remaining real eigenvalue, hence three distinct eigenvalues. The additional derivative-based contradiction is more elaborate than necessary but remains compatible with the decisive conditions. Complete."
"du08_2","3324","4","true","Řešení je podrobné, správné a úplné. Korektně využíváte dělitelnost minimálního polynomu, jeho reálné koeficienty, shodné exponenty sdružených faktorů a omezení stupně nejvýše 3. Tím vylučujete všechny násobné kořeny.","The minimal polynomial is correctly shown to divide x(x-i)^2(x+i)^2, to have real coefficients, and to have degree at most three. Equal conjugate exponents then rule out exponent two, while the zero factor is already simple. Every possible minimal polynomial is squarefree, so A is diagonalizable. Complete."
"du08_2","3344","3.5","false","Hlavní rozdělení na spektrum 0,i,−i a trojnásobnou nulu i následné řešení obou případů jsou správné. Na začátku však polynom stupně 5 označujete za charakteristický polynom matice 3×3; jde pouze o anulující polynom. Také přechod k právě dvěma možným skladbám spektra by měl výslovně stát na sdruženosti komplexních vlastních čísel reálné matice.","The two spectral cases and their treatment are mathematically correct, including Cayley-Hamilton in the all-zero case. However, the write-up explicitly calls the degree-five polynomial x(x^2+1)^2 the characteristic polynomial of a 3 by 3 matrix. It is only an annihilating polynomial; the proof also leaves the conjugate-pair step largely implicit."
"du09_1","273","4","true","Řešení je úplné a správné. Přesně určujete množinu stavů s růstem, dokazujete kladnost obou populací, správně převádíte limitní poměr na 5000 komárů na jednu žábu a v části (b) rozlišujete ostrou nerovnost, kladný hraniční paprsek i nulový stav.","The solution correctly derives the recurrence and eigendecomposition, proves the exact growth set k0>z0, converts the limiting ratio to 5000 mosquitoes per frog, and identifies the extinction set as k0<z0 together with the origin while correctly excluding the positive equality ray. Complete."
"du09_1","1654","3.5","false","Model, vlastní čísla i rozklad počátečního stavu jsou správné. Správně určujete podmínku $k_0>z_0$ a převádíte limitní poměr na 5000 komárů na jednu žábu. V části (b) však v množině počátečních stavů chybí nulový stav $(0,0)$; ten podle definice v zadání také splňuje podmínku konečného vymření.","The recurrence, eigendata, growth condition k0>z0, limiting scaled ratio 5, and its conversion to 5000 mosquitoes per frog are correct. The extinction set is stated only as k0<z0, so the degenerate initial state (0,0), which already satisfies k_n<=0 for n>0, is omitted."
"du09_1","1771","3.5","false","Výpočet je téměř úplný: správně získáváte oba vlastní směry, podmínku $k_0>z_0$ i hodnotu 5000 komárů na jednu žábu. Pro kladné počáteční stavy také správně rozlišujete $k_0<z_0$ od $k_0=z_0$. V odpovědi (b) ale chybí zvláštní nulový stav $(0,0)$, který splňuje podmínku $k_n\leq 0$ už pro každý kladný rok.","The matrix solution, coefficients of both eigenmodes, exact growth condition, positivity argument, and limiting actual ratio are all correct. Part (b) excludes the origin by giving only k0<z0, although (0,0) satisfies the stated finite-time criterion."
"du09_1","2430","3","false","Podmínky $k_0>z_0$ pro růst a $k_0<z_0$ pro vymření nenulových stavů vycházejí správně. Hodnota $k_n/z_n=5$ je ale poměr škálovaných veličin, nikoli přímo počet komárů na jednu žábu; požadovaný převod na skutečné počty v odpovědi chybí. V části (b) navíc není zahrnut počáteční stav $(0,0)$.","The spectral calculation and the strict conditions k0>z0 for growth and k0<z0 for nonzero extinction states are correct. The answer gives only the scaled limit k_n/z_n=5 without converting it to the requested actual number of mosquitoes per frog, and it omits the degenerate origin from part (b)."
"du09_1","2511","3","false","Správně odvozujete oba případy a také uvádíte, že při $k_0=z_0>0$ se populace pouze asymptoticky blíží nule, takže v konečném čase nevymře. Poměr $5$ však platí pro škálované proměnné; v odpovědi je potřeba uvést skutečný počet komárů na jednu žábu. Do množiny v části (b) rovněž patří samostatně stav $(0,0)$.","The recurrence, eigenmode decomposition, strict inequalities, and treatment of the positive equality boundary are correct. The requested physical ratio is not converted from the scaled value 5 to 5000, and the origin is absent from the extinction set."
"du09_1","2518","2","false","Část (a) je založena na správném maticovém rozkladu a správně vede k podmínce $k_0>z_0$. V části (b) ale řešíte jen rovnici $k_1=0$, tedy vymření právě po jednom kroku. Zadání požaduje vymření v libovolném konečném roce, takže nalezená přímka zachycuje jen malou část hledaných stavů. Chybí také převod limitního poměru ze škálovaných jednotek na skutečný počet komárů na žábu.","The dynamical matrix, eigenvalues, growth condition k0>z0, and limiting scaled ratio are correct. Part (b) solves only the one-step equation k1=0 and thus returns the single line z0=2.6k0 instead of all states k0<z0 (plus the origin) that cross zero after some finite number of steps. The actual-unit ratio is also missing."
"du09_1","2760","3","false","Výpočet vlastních čísel a explicitních členů posloupností vede ke správným ostrým podmínkám $k_0>z_0$ a $k_0<z_0$. Správná je i limita škálovaného poměru rovná $5$. Zadání však žádá skutečný počet komárů na jednu žábu, takže je nutné zohlednit různé jednotky obou proměnných. V části (b) navíc chybí nulový počáteční stav $(0,0)$.","Despite its length, the solution obtains the correct spectral formulas and the strict nonzero classifications k0>z0 and k0<z0, and it correctly gets the scaled limiting ratio 5. It never converts that ratio to actual population units, and its equality discussion treats convergence to zero but does not include the exceptional origin in the finite-time extinction set."
"du09_1","2858","3","false","Správně určujete dominantní koeficient, z něj podmínky $k_0>z_0$ a $k_0<z_0$, a správně poznamenáváte, že kladný stav s $k_0=z_0$ klesá k nule pouze asymptoticky. Poměr $5$ je ale jen poměr veličin měřených ve stovkách tisíc a stovkách; chybí jeho převod na skutečné počty. V části (b) také chybí stav $(0,0)$.","The model, eigendecomposition, growth and extinction inequalities, and positive equality-boundary behavior are correct. The limiting ratio is left at the scaled value 5 rather than the requested physical ratio, and the origin is omitted from part (b)."
"du09_1","2862","3","false","Maticový výpočet i podmínka růstu $k_0>z_0$ jsou správné. V části (b) však uvádíte $z_0\geq k_0$, čímž zahrnujete i stavy $z_0=k_0>0$. Ty se vyvíjejí jako násobek $0{,}8^n$ a v žádném konečném roce nedosáhnou nuly. Poměr $5$ je navíc třeba převést ze škálovaných jednotek na skutečný počet komárů na jednu žábu.","The recurrence, eigendata, growth region, and limiting scaled ratio are correct. Part (b) states z0>=k0, incorrectly including every positive equality state, which never reaches zero in finite time. The physical-unit interpretation of the ratio is also absent."
"du09_1","2871","2.5","false","Pro kladné obě souřadnice správně nacházíte rozdělení podle vztahu mezi $k_0$ a $z_0$ a limitu škálovaného poměru. Uvedené množiny ale vylučují osy: do části (a) patří i $z_0=0<k_0$ a do části (b) i $k_0=0<z_0$. Samostatně chybí také $(0,0)$. Hodnotu $5$ je navíc potřeba převést na skutečný počet komárů na žábu.","The interior classification and spectral limit are essentially correct. However, the stated sets use strict positivity and therefore omit valid axis cases z0=0<k0 in part (a) and k0=0<z0 in part (b), as well as the origin. The scaled limit 5 is not converted to actual units."
"du09_1","2874","3","false","Správně určujete vlastní čísla, dominantní směr a výsledných 5000 komárů na jednu žábu. Klasifikace pomocí podílu $z_0/k_0$ ale nepokrývá případy s nulovým jmenovatelem ani druhou osu, a proto není množina počátečních stavů úplná. U hranice $z_0=k_0$ je třeba přesně odlišit kladné stavy, které se k nule jen blíží, od nulového stavu, který podmínku v části (b) splňuje.","The matrix and asymptotic eigendirection are correct, and the answer obtains the actual limiting ratio 5000. The ratio-based classification excludes initial states on the coordinate axes, and the text is internally loose about z0=k0: positive equality approaches zero but does not satisfy finite-time extinction. The origin is not correctly isolated."
"du09_1","2889","3.5","false","Řešení je matematicky správné pro všechny nenulové počáteční stavy. Správně vychází $k_0>z_0$, 5000 komárů na jednu žábu a pro vymření ostrá nerovnost $k_0<z_0$; kladnou rovnost také správně vylučujete. Chybí už jen samostatný nulový stav $(0,0)$ v části (b).","The recurrence, diagonalization, exact growth condition, limiting ratio and unit conversion, and exclusion of positive equality states from finite extinction are correct. Only the degenerate origin is omitted from the extinction set."
"du09_1","2923","3.5","false","Správně sestavujete model, určujete dominantní vlastní směr, podmínku $k_0>z_0$ a převod poměru na 5000 komárů na jednu žábu. V části (b) je správná ostrá nerovnost pro nenulové stavy, ale v konečné množině ještě chybí výjimečný stav $(0,0)$.","The model, eigenmodes, growth set, limiting actual ratio, and nonzero extinction condition are all correct. The final extinction set omits the origin, which satisfies the literal finite-time condition in the problem."
"du09_1","2935","1.5","false","Práce se skutečnými, nikoli škálovanými počty je možná a sestavená matice i vlastní směry ukazují správný základ. Výsledná množina v části (a) ale nepopisuje všechny a právě ty stavy, pro něž počet komárů převyšuje příslušný práh vůči počtu žab. V části (b) zahrnujete i záporné souřadnice, ačkoli zadání připouští jen nezáporné počáteční stavy, a konečná množina není správná. Chybí také jasná odpověď na požadovaný limitní počet komárů na jednu žábu.","Using unscaled population counts is legitimate, and the recurrence and eigendirections in those coordinates show useful progress. However, the final parametrized growth set is not the full half-plane k0>1000z0, the requested limiting ratio is not correctly and clearly supplied, and the extinction set includes inadmissible negative-coordinate regions while missing the exact nonnegative classification. These are major answer-level errors."
"du09_1","2940","1","false","Model a vlastní čísla máte správně, ale při řešení soustavy pro koeficient dominantního vlastního vektoru se obrátí znaménko. Kvůli tomu jsou následné podmínky růstu a vymření zaměněny. Také slovní interpretace limitního poměru neodpovídá měřítkům proměnných. Jde o chybu, která mění oba hlavní závěry úlohy.","The recurrence, eigenvalues, and eigendirections are found correctly, but the coefficient of the dominant eigenvector is solved with the wrong sign. Consequently both main classifications are reversed: growth is claimed for z0>k0 and extinction for k0<z0 in the student's notation where the correct growth condition is k0>z0. The physical ratio is also misstated."
"du09_1","3002","3.5","false","Podmínka růstu i množina stavů v části (b), včetně nulového stavu, jsou určeny správně. Také limita $k_n/z_n=5$ je správná pro použité škálované veličiny. Zadání ale žádá počet skutečných komárů na jednu skutečnou žábu; tento převod v závěru chybí.","The explicit matrix powers support the correct growth condition and the solution correctly gives the scaled limit 5. Part (b) appears to include both z0>k0 and the origin, so its classification is complete. The only substantive omission is the conversion of the scaled ratio to 5000 actual mosquitoes per frog."
"du09_1","3025","3.5","false","Hlavní výpočet i oba nenulové případy jsou správné a správně uvádíte 5000 komárů na jednu žábu. Při $k_0=z_0>0$ skutečně v konečném čase k nule nedojde. Do části (b) je však ještě potřeba zahrnout zvláštní počáteční stav $(0,0)$.","The matrix solution, exact strict conditions, asymptotic ratio, and conversion to 5000 mosquitoes per frog are correct. The only missing case is the origin in the finite-time extinction set."
"du09_1","3041","3","false","Při vašem pořadí souřadnic jsou matice, vlastní vektory i podmínka $k_0>z_0$ správné. Správně také rozlišujete případ nulového dominantního koeficientu pro kladný hraniční stav. Limita $5$ však ještě není odpovědí ve skutečných počtech a v množině z části (b) chybí $(0,0)$.","In the (k,z) coordinate order the model, eigendata, growth inequality, scaled limit, and positive equality behavior are correct. The answer does not convert the ratio to physical units and does not include the origin among the finite-time extinction states."
"du09_1","3045","4","true","Řešení je úplné a správné. Správně pracujete se všemi třemi znaménky dominantního koeficientu, převádíte limitní poměr na 5000 komárů na jednu žábu a v části (b) přesně zachycujete jak ostrou nerovnost, tak výjimečný nulový stav.","The recurrence and eigenmode analysis are correct. The solution gives the exact nonnegative growth set k0>z0, the physical ratio 5000, and the exact extinction set 0<=k0<z0 together with the origin, while correctly excluding the positive equality ray. Complete."
"du09_1","3057","3","false","Výpočet matice, vlastních směrů a podmínka růstu jsou správné. V části (b) ale používáte neostrou nerovnost $k_0\leq z_0$; pro $k_0=z_0>0$ jsou oba počty kladnými násobky $0{,}8^n$ a v žádném konečném roce nejsou nulové. Hodnotu poměru $5$ je navíc nutné převést na skutečný počet komárů na jednu žábu.","The recurrence in (k,z) order, eigenmodes, growth condition, and scaled limiting ratio are correct. Part (b) states k0<=z0, incorrectly including all positive equality states, which only decay asymptotically, and the answer does not convert the ratio 5 to actual population units."
"du09_1","3060","3","false","Správně určujete $k_0>z_0$ pro růst a $k_0<z_0$ pro vymření nenulových stavů a kladný případ rovnosti vylučujete. V obecném řešení je drobná zápisová chyba u druhého vlastního vektoru. Podstatněji chybí převod poměru $5$ ze škálovaných proměnných na skutečné počty a doplnění stavu $(0,0)$ do části (b).","The substantive eigenvalue analysis and the strict nonzero classifications are correct, despite a minor malformed displayed general-solution term. The scaled ratio is not converted to actual units, and the origin is omitted from part (b)."
"du09_1","3076","2.5","false","Část (a) má správný základ: model, vlastní čísla, podmínka $k_0>z_0$ i výsledných 5000 komárů na jednu žábu jsou správně. Řešení ale nedokončuje část (b): chybí přesná množina všech počátečních stavů vedoucích ke konečnému vymření i rozbor hraničního případu.","The recurrence, eigenvalues, dominant-direction condition k0>z0, and actual limiting ratio 5000 are correctly identified. However, the submission does not provide a completed classification or justification for part (b), so a substantial requested part is missing."
"du09_1","3089","3","false","Výpočet i podmínka $k_0>z_0$ pro část (a) jsou správné. V části (b) ale zahrnujete rovnost $z_0=k_0>0$, při níž oba počty zůstávají kladné v každém konečném roce. Poměr $5$ je navíc uveden jen pro škálované proměnné a chybí jeho interpretace ve skutečných počtech.","The recurrence, spectral decomposition, growth condition, and limiting scaled ratio are correct. The extinction answer uses z0>=k0, so it incorrectly includes positive equality states; it also omits the requested physical-unit interpretation of the limit."
"du09_1","3142","3","false","Maticový rozklad a obě ostré podmínky jsou správné. Z limity $k_n/z_n=5$ ale neplyne pětkrát více skutečných komárů než žab, protože $k_n$ je ve stovkách tisíc a $z_n$ ve stovkách. Slovní interpretace poměru je tedy chybná. V části (b) navíc chybí nulový stav $(0,0)$.","The matrix formulas and strict conditions k0>z0 and k0<z0 are correct. The statement that there will be five times as many mosquitoes as frogs ignores that k and z use different units; the actual ratio is 5000. The origin is also absent from the extinction set."
"du09_1","3205","3.5","false","Přechod ke skutečným počtům je proveden konzistentně. Správně vychází podmínka $k_0>1000z_0$, limitní poměr 5000 komárů na žábu i opačná ostrá nerovnost pro nenulové stavy v části (b). Chybí pouze samostatný počáteční stav $(0,0)$, který podmínku vymření také splňuje.","The solution consistently uses raw population counts, obtains the correct threshold k0>1000z0, the correct limiting ratio 5000, and the corresponding strict extinction inequality. It omits the origin from the finite-time extinction set."
"du09_1","3221","3","false","Správně určujete vlastní čísla, podmínku $k_0>z_0$ a limitu škálovaného poměru. V části (b) je ale závěr $k_0\leq z_0$ příliš široký: kladné stavy s rovností v konečném čase nevymřou. Chybí rovněž převod poměru $5$ na skutečné počty; v rozepsaném vzorci pro stav navíc není zachován společný faktor $1/4$.","The eigenvalues and growth condition are correct, and the scaled limit 5 is obtained. The finite-extinction conclusion k0<=z0 incorrectly includes positive equality states, and the physical-unit conversion of the ratio is missing. There is also a harmless omitted common factor in the expanded state formula."
"du09_1","3238","3.5","false","Část (a), včetně převodu na 5000 komárů na jednu žábu, je správná. V konečné množině pro část (b) jsou ale hraniční případy obráceně: stavy $k_0=z_0>0$ se k nule pouze asymptoticky blíží a nepatří tam, zatímco vyloučený stav $(0,0)$ podmínku zadání splňuje.","The model, growth region, and limiting actual ratio are correct. Part (b) gets both equality exceptions backwards: it includes all positive states with k0=z0, which never hit zero in finite time, while explicitly excluding the origin, which does satisfy the criterion."
"du09_1","3240","3.5","false","Výpočet je správný pro všechny nenulové počáteční stavy: dostáváte přesnou podmínku růstu, 5000 komárů na jednu žábu a správně vysvětlujete, proč kladná rovnost nevede ke konečnému vymření. V části (b) ale ještě chybí výjimečný nulový stav $(0,0)$.","The recurrence, eigenmode coefficients, growth set, physical limiting ratio, strict nonzero extinction set, and positive equality behavior are correct. The origin is not separately included in part (b)."
"du09_1","3241","3","false","Podmínka $k_0>z_0$ pro růst a výpočet dominantního směru jsou správné. Poměr $5$ je však jen poměrem škálovaných proměnných. V části (b) nesmí být zahrnuty stavy $k_0=z_0>0$, protože v konečném čase nedosáhnou nuly; naopak je třeba zvlášť zachytit nulový stav.","The recurrence, eigenmodes, and growth condition are correct. The answer leaves the ratio at the scaled value 5, and part (b) uses k0<=z0, incorrectly including positive equality states. It does not correctly separate the origin from that equality ray."
"du09_1","3256","3.5","false","Správně určujete koeficient rostoucího vlastního směru, množinu z části (a) i 5000 komárů na jednu žábu. V části (b) je ostrá nerovnost správná pro nenulové stavy, ale výsledná množina musí navíc obsahovat počáteční stav $(0,0)$.","The model, dominant coefficient, exact nonnegative growth condition, and conversion to 5000 mosquitoes per frog are correct. The extinction answer gives only k0<z0 and omits the origin."
"du09_1","3259","3","false","Maticový výpočet i rozdělení nenulových stavů podle $k_0>z_0$ a $k_0<z_0$ jsou správné. Výsledek $k_n/z_n\to5$ je ale potřeba převést na skutečný počet komárů na jednu žábu. Do části (b) také patří samostatně nulový stav $(0,0)$.","The recurrence, eigenmode formula, growth condition, scaled limiting ratio, and strict nonzero extinction condition are correct. The ratio is not interpreted in actual units and the origin is omitted from the extinction set."
"du09_1","3268","3.5","false","Část (a) je správná včetně výsledných 5000 komárů na jednu žábu. V části (b) však zaměňujete konvergenci k nule s dosažením nuly v konečném čase. Pro $k_0=z_0>0$ jsou obě populace kladné v každém konečném roce, takže tyto stavy do hledané množiny nepatří; nulový stav je třeba posoudit zvlášť.","The recurrence, eigendecomposition, growth condition, and physical ratio 5000 are correct. Part (b) concludes k0<=z0 and explicitly treats positive equality as extinction because its limit is zero; this does not meet the problem's finite-time condition."
"du09_1","3271","3.5","false","Výpočet včetně zlomkového zápisu matice, podmínky růstu a převodu na 5000 komárů na žábu je správný. Kladnou rovnost správně popisujete jako pokles bez dosažení nuly v konečném čase. V části (b) však ještě chybí výjimečný počáteční stav $(0,0)$.","The fractional recurrence, eigendecomposition, strict nonzero classifications, limiting ratio, and conversion to 5000 actual mosquitoes per frog are correct. The equality discussion correctly notes only asymptotic decay for positive states, but the origin is not included as the exceptional finite-time extinction state."
"du09_1","3277","3","false","Podmínka $k_0>z_0$ pro růst a limita škálovaného poměru jsou správné. Poměr $5$ ale není převeden na skutečné jednotky. V části (b) zahrnujete i $k_0=z_0>0$ na základě toho, že posloupnosti konvergují k nule; zadání však požaduje dosažení nekladné hodnoty v některém konečném roce, což zde nenastane.","The scaled integer-matrix calculation leads to the correct growth inequality and scaled limit 5. The answer does not convert that limit to actual population units, and part (b) uses k0<=z0, treating positive equality as extinction merely because it converges to zero."
"du09_1","3283","4","true","Řešení je správné a úplné. Přesně určujete obě množiny počátečních stavů, respektujete nezápornost i hraniční nulový stav a správně převádíte limitní poměr na 5000 komárů na jednu žábu.","The recurrence and eigendecomposition are correct. The solution gives the exact nonnegative growth set, converts the scaled ratio to 5000 mosquitoes per frog, and states the extinction set as 0<=k0<z0 union the origin. Complete and correct."
"du09_1","3305","3","false","Výpočet vlastních čísel a koeficientu dominantního směru je správný a vede ke správným ostrým nerovnostem pro nenulové stavy. Limita $5$ ale musí být převedena s ohledem na jednotky obou populací. V části (b) navíc chybí nulový počáteční stav $(0,0)$.","The model, eigendata, dominant coefficient, and strict nonzero classifications are correct, as is the scaled ratio 5. The required physical ratio is not stated and the origin is omitted from part (b)."
"du09_1","3318","3","false","Část (a) má správný výpočet i podmínku $k_0>z_0$. V části (b) ale neplatí tvrzení pro $k_0=z_0>0$: tehdy jsou oba členy rovny kladnému násobku $0{,}8^n$ a v konečném čase nejsou nekladné. Limita $5$ je rovněž jen ve škálovaných jednotkách a chybí její převod.","The recurrence, spectral formulas, growth condition, and scaled limit are correct. The final extinction claim uses k0<=z0 and even says both populations become nonpositive in finite time on the positive equality ray, which is false; the unit conversion is also absent."
"du09_1","3331","3","false","Správně rozlišujete $c_1>0$, $c_1<0$ a kladný případ $c_1=0$, takže podmínky pro nenulové stavy vycházejí dobře. Hodnota $5$ ale není převedena na skutečný počet komárů na žábu a v části (b) chybí zvláštní nulový stav $(0,0)$.","The recurrence, eigendata, dominant coefficient, strict growth and extinction cases, and positive equality behavior are correct. The answer gives only the scaled ratio 5 and does not include the origin in the extinction set."
"du09_1","3344","3.5","false","Model, vlastní směry, podmínka $k_0>z_0$ i 5000 komárů na jednu žábu jsou správně. Také ostrá nerovnost v části (b) je správná pro všechny nenulové stavy. Do úplné množiny je však ještě nutné přidat počáteční stav $(0,0)$.","The matrix, eigenmodes, growth condition, and conversion of the limiting ratio to 5000 are correct. The strict extinction inequality is right for nonzero states, but the origin is omitted."
"du09_1","3350","3","false","Správně vychází $k_0>z_0$ pro růst, $k_0<z_0$ pro vymření nenulových stavů a při kladné rovnosti pouze asymptotický pokles. Slovní závěr o poměru $1:5$ ale ignoruje rozdílné jednotky proměnných a není poměrem skutečných počtů. V části (b) navíc chybí stav $(0,0)$.","The formulas support the correct strict conditions and correctly exclude positive equality from finite-time extinction. The final ratio is described as 1:5 frogs to mosquitoes without accounting for the scaling, so the actual ratio is wrong, and the origin is not included in part (b)."
"du09_1","3351","3.5","false","Výpočet je správný pro všechny nenulové stavy a správně převádíte limitní poměr na přibližně 5000 komárů na jednu žábu. Kladný případ rovnosti také správně odlišujete. Do množiny v části (b) už chybí pouze samostatný nulový stav $(0,0)$.","The rational-eigenvalue calculation, growth set, limiting scaled ratio, conversion to 5000, strict extinction inequality, and positive equality behavior are correct. The only missing case is the origin in part (b)."
"du09_1","3403","2","false","Soustava ve skutečných počtech a vlastní čísla $1{,}2$ a $0{,}8$ jsou správné, stejně jako výsledný dominantní poměr 5000 komárů na žábu. U vlastního směru pro $0{,}8$ je ale počet komárů na žábu vypočten chybně, což vede k prahu 1200 místo správného prahu ve vašich jednotkách. Tím jsou nesprávné množiny v obou částech; v části (b) je navíc neprávem zahrnuta kladná hraniční rovnost.","The raw-count recurrence and eigenvalues are correct, and the eventual physical ratio 5000 is stated. A wrong decaying eigendirection produces the threshold 1200 mosquitoes per frog instead of 1000 in raw coordinates. Consequently both the growth and extinction sets are numerically wrong, and equality is also included in finite extinction."
"du09_2","273","4","true","Řešení je správné a úplné. Charakteristický polynom i vlastní čísla jsou určeny korektně, reálný a komplexně sdružený případ jsou správně rozlišeny a hodnota $a=5/2$ je zvlášť vyloučena. Výsledná množina parametrů je přesně $(5/2,\infty)$.","The answer states and applies the correct spectral criterion for existence of a diverging trajectory. It computes the characteristic polynomial, handles real and complex-conjugate roots, checks the boundary a=5/2 explicitly, and concludes exactly a in (5/2,infinity). Complete and correct."
"du09_2","1771","3","false","Matice, vlastní čísla, rozdělení podle reálných a komplexních kořenů i výsledná podmínka $a>5/2$ jsou správné. V zápisu obecného řešení pro dvě reálná vlastní čísla ale používáte pro oba exponenciální členy tentýž vektor a následný vzorec pro normu opomíjí smíšené členy i normy vlastních vektorů. Tato část důkazu proto není matematicky správná, přestože závěrečný interval vyšel dobře.","The matrix, characteristic polynomial, eigenvalues, case split, endpoint analysis, and final condition a>5/2 are correct. However, in the real-eigenvalue case the purported general solution uses the same vector for both eigenmodes and the displayed norm formula omits cross terms and vector norms. Those are substantive errors in the argument connecting eigenvalues to divergence, even though the parameter analysis is right."
"du09_2","2492","3.5","false","Rozbor komplexních i reálných vlastních čísel, vyloučení hraniční hodnoty $a=5/2$ a výsledný interval $(5/2,\infty)$ jsou správné. Ve vzorci pro kořeny ale nejprve uvádíte jmenovatel $2a$, ačkoli vedoucí koeficient charakteristického polynomu je $1$, takže jmenovatel má být $2$. V dalším řádku už používáte správný vzorec; chybný mezikrok je přesto potřeba opravit.","The solution correctly handles complex and real eigenvalues, obtains a>5/2, excludes a=5/2, and explains that an initial condition in the unstable eigendirection yields divergence. There is nevertheless an explicit quadratic-formula error: the denominator is first written as 2a, although the leading coefficient of the characteristic polynomial is 1 and the correct denominator is 2. The immediately following formula is correct, so this is a localized inconsistency."
"du09_2","2518","4","true","Řešení je úplné a správné. Správně počítáte vlastní čísla, odděleně probíráte reálný, násobný i komplexně sdružený případ a ukazujete, že kladná reálná část nastane právě pro $a>5/2$. Hraniční hodnoty jsou vyloučeny a existence vhodné počáteční polohy je zdůvodněna.","The matrix and eigenvalues are correct. The submission treats distinct real, repeated, and complex-conjugate eigenvalues separately, proves that a positive real part occurs exactly for a>5/2, excludes both a=5/2 and a=+/-2, and invokes the dynamical-system result to obtain a suitable initial condition. Complete."
"du09_2","2760","3.5","false","Výpočet vlastních čísel, rozbor reálného i komplexního případu a závěr $a>5/2$ jsou správné. V řešení ale tvrdíte, že z růstu normy do nekonečna musí jedna ze souřadnic mít limitu $+\infty$ nebo $-\infty$. To obecně neplatí, například při současném růstu a oscilaci nemusí mít jednotlivá souřadnice žádnou takovou limitu. Tuto ekvivalenci je potřeba odstranit nebo přesně omezit na situaci, kde ji používáte.","The lengthy solution computes the correct eigenvalues, treats both real and complex cases, and ultimately obtains the correct strict condition a>5/2. It also explains exponential growth via an unstable eigenmode. However, it explicitly asserts that norm divergence forces one coordinate to tend to plus or minus infinity. This is false in general, since an unbounded rotating trajectory can have neither coordinate limit; the later complex-case discussion does not erase that incorrect equivalence."
"du09_2","2763","4","true","Řešení je správné. Správně používáte kritérium pro záporné reálné části kořenů kvadratického polynomu, pro $a>5/2$ získáváte dvě reálná vlastní čísla opačných znamének a hodnotu $a=5/2$ zvlášť vylučujete kvůli nulovému vlastnímu číslu.","The solution uses the correct second-order stability criterion: both roots have negative real part exactly when the two coefficients 4-a and 5-2a are positive. It then correctly identifies loss of stability at a>5/2, observes that the determinant is negative there and hence one real eigenvalue is positive, and excludes a=5/2. The final answer is complete."
"du09_2","2866","3.5","false","Hlavní výpočet i závěr $a\in(5/2,\infty)$ jsou správné a vhodnou počáteční polohu správně spojujete s vlastním vektorem kladného vlastního čísla. V textu však vylučujete hodnoty $|\lambda|<2$ s odůvodněním, že neexistují reálná vlastní čísla. Podmínka diskriminantu se týká parametru $a$, tedy intervalu $|a|<2$, nikoli velikosti vlastního čísla.","The characteristic polynomial, eigenvalues, real/complex analysis, unstable eigenvector construction, and final interval are correct. The text nevertheless says that values |lambda|<2 can be excluded because real eigenvalues do not exist; the discriminant condition concerns the parameter, namely |a|<2, not the eigenvalue. The later use of a in (-2,2) makes the intent clear but does not make the stated condition correct."
"du09_2","2871","4","true","Řešení je správné a úplné. Správně určujete vlastní čísla, probíráte komplexní interval i oba body s násobným vlastním číslem a pro reálný případ řešíte znaménko většího vlastního čísla. Výsledkem je přesně $a>5/2$.","The matrix and eigenvalues are correct, the complex interval and the two repeated-root endpoints are handled, and the larger real eigenvalue is shown positive exactly for a>5/2. The connection between a positive eigenvalue and a diverging solution is stated. This is complete at the standard of the full-credit examples."
"du09_2","2940","3","false","Výpočet i výsledný interval $a>5/2$ jsou správné. Rozdělení případů však používá pouze ostré podmínky $a^2-4<0$ a $a^2-4>0$, takže vůbec neřeší hodnoty $a=\pm2$. Zvlášť také není ověřena hraniční hodnota $a=5/2$ ani popsána počáteční poloha, která v přípustném intervalu skutečně vede k růstu. Pro přesnou klasifikaci je potřeba tyto části doplnit.","The characteristic polynomial, eigenvalues, complex-root exclusion, and final inequality a>5/2 are correct. The argument omits the discriminant-zero cases a=+/-2 and does not explicitly check the critical value a=5/2 or exhibit the initial eigendirection that proves sufficiency. These omissions leave the claimed exact classification insufficiently justified."
"du09_2","2947","2.5","false","Vlastní čísla i závěr $a>5/2$ jsou správné. Důkaz ale bez omezení předpokládá diagonalizovatelnost, přestože pro $a=\pm2$ má matice násobné vlastní číslo, a normu v bázi vlastních vektorů počítá jako eukleidovskou normu bez zdůvodnění ortonormality této báze. Stejné reálné souřadnicové vzorce navíc nelze přímo použít v intervalu komplexních vlastních čísel. Tyto mezery je potřeba odstranit.","The eigenvalues and final threshold are correct, and the complex interval is eventually discussed. But the solution assumes diagonalizability without treating the repeated-root cases, computes the Euclidean norm as if the eigenbasis were orthonormal, and performs real diagonal-coordinate formulas where the eigenvalues can be complex. These are substantial gaps in the dynamical argument."
"du09_2","3025","3.5","false","Hlavní výpočet je správný: pro komplexně sdružená vlastní čísla je reálná část záporná a větší reálné vlastní číslo je kladné právě pro $a>5/2$. Rozdělení případů ale pokrývá jen $a^2-4<0$ a $a^2-4>0$; hodnoty $a=\pm2$ s nulovým diskriminantem chybějí. Pro úplnou klasifikaci všech reálných parametrů je nutné zahrnout i je.","The matrix, eigenvalues, complex-root argument, and inequality for the larger real eigenvalue are correct, yielding the right final set a>5/2. The discriminant-zero cases a=+/-2 are omitted from the exhaustive split, even though the problem asks for all real parameters. This is a minor but real completeness gap."
"du09_2","3060","3.5","false","Rozbor vlastních čísel, všech případů parametru i výsledná ostrá podmínka $a>2{,}5$ jsou správné. V definici charakteristického polynomu ale píšete determinant samotné matice $A$; v zobrazené matici chybějí členy $-\lambda$ na diagonále, ačkoli další řádek už počítá $\det(A-\lambda I)$. Tento zápis je potřeba opravit.","All substantive spectral calculations and all parameter cases, including repeated roots, are correct, and the conclusion a>2.5 is exact. The displayed definition of the characteristic polynomial is nevertheless written as det(A) rather than det(A-lambda I): the matrix shown contains no lambda even though the following expansion does. This explicit formula is false as written."
"du09_2","3076","1.5","false","Správně rozpoznáváte, že rozhoduje kladná reálná část vlastního čísla, a uvádíte správný konečný práh. Charakteristický polynom je ale vypočten chybně: koeficient u $\lambda$ má být $4-a$, nikoli $5-a$. Proto také diskriminant není $a^2-5$ a zapsaná vlastní čísla nejsou vlastními čísly dané matice. Následující rozbor tak stojí na nesprávném výpočtu.","The student recognizes that exponential growth requires a positive real part and eventually states the correct threshold. However, the characteristic polynomial has 5-a instead of 4-a as its linear coefficient, giving the wrong discriminant a^2-5 and wrong eigenvalue formula. Most subsequent case calculations are therefore based on incorrect spectral data, so the coincidentally correct final number is not adequately established."
"du09_2","3198","2","false","V řešení se objevuje správný vzorec pro vlastní čísla i správná myšlenka se záporným součinem pro $a>2{,}5$. Současně je ale charakteristický polynom zapsán s koeficientem $a+4$ místo $4-a$ a později je chybně uveden také součet vlastních čísel. Nejdůležitější je závěr $a\geq2{,}5$: pro $a=2{,}5$ jsou vlastní čísla $0$ a $-3/2$, takže řešení může být nanejvýš konstantní nebo klesající a norma nejde do nekonečna.","The solution contains the correct eigenvalue formula and notices that 5-2a<0 produces one positive and one negative real eigenvalue for a>2.5. But the characteristic polynomial is also written with the wrong coefficient a+4, the trace is later given with the wrong sign, and the final answer incorrectly includes a=2.5 despite correctly observing that its modes are constant and decaying. These multiple inconsistencies materially affect exactness."
"du09_2","3238","3","false","Výpočet vlastních čísel a závěr $a>5/2$ jsou správné. Tvrzení, že pro všechna $a<5/2$ jsou obě vlastní čísla záporná, však neplatí: pro $|a|<2$ jsou vlastní čísla komplexně sdružená, pouze jejich reálná část je záporná. V přípustném intervalu je také potřeba přesněji zdůvodnit existenci počáteční polohy vedoucí k růstu.","The matrix, characteristic polynomial, eigenvalue formula, and strict final threshold are correct. The proof nevertheless claims that for every a<5/2 both eigenvalues are negative. For |a|<2 they are nonreal, so this claim is false; what is negative there is their common real part. The existence statement for a>5/2 is also asserted without identifying the unstable eigendirection."
"du09_2","3240","3.5","false","Výpočet i konečný interval $(5/2,\infty)$ jsou správné. V reálném případě ale požadujete pouze $\operatorname{Re}(\lambda)\geq0$. Nulové vlastní číslo vede ke konstantnímu, nikoli rostoucímu módu, takže pro limitu normy rovnou nekonečnu je nutná ostrá kladnost. V dalším výpočtu už ostrou nerovnost fakticky používáte; zápis je proto potřeba sjednotit a hraniční hodnotu vysvětlit.","The characteristic polynomial, eigenvalues, complex-root exclusion, and final open interval are correct. In the real-root case the solution sets the condition as Re(lambda)>=0, even though a zero eigenvalue gives a constant mode and cannot make the norm tend to infinity. The algebra then silently switches to a strict inequality to obtain the correct open endpoint, leaving an explicit logical inconsistency at a=5/2."
"du09_2","3241","3","false","Vlastní čísla i řešení nerovnosti pro větší reálný kořen jsou správné a dávají správný závěr $a>5/2$. Chybí však rozbor intervalu $|a|<2$, kde jsou vlastní čísla komplexně sdružená, a bodů $a=\pm2$ s násobným kořenem. Použitý obecný tvar řešení pomocí dvou vlastních vektorů navíc není bez těchto omezení automaticky platný.","The matrix, characteristic polynomial, eigenvalues, and inequality for the larger real root are correct, so the final answer a>5/2 is right. The solution does not analyze the parameter region where the eigenvalues are complex or the repeated-root endpoints, yet concludes an exact statement for all real a. It also invokes a diagonalizable real-eigenvalue solution form without stating its range of validity."
"du09_2","3254","2","false","Matice, charakteristický polynom a vzorec pro vlastní čísla jsou správné. Následující zápis řešení v Jordanově bázi ale nemá správný maticový tvar, nejsou rozebrána komplexní ani defektní vlastní čísla a jako podmínku používáte nezápornost místo kladnosti. Proto také chybně zahrnujete $a=5/2$; nulové vlastní číslo dává jen konstantní mód, nikoli růst normy do nekonečna.","The correct matrix, characteristic polynomial, and eigenvalues are present. However, the Jordan-form solution matrix is written incorrectly, complex and defective cases are not handled, nonnegative rather than positive eigenvalues are used as the growth condition, and the final answer a>=5/2 wrongly includes the boundary. At a=5/2 the eigenvalues are 0 and -3/2, so no trajectory has norm tending to infinity."
"du09_2","3259","2.5","false","Základní spektrální výpočet je správný a u komplexních vlastních čísel správně sledujete reálnou část exponentu. Bez zdůvodnění ale předpokládáte diagonalizovatelnost i v násobných případech a při umocnění nerovnosti není úplně ošetřeno znaménko obou stran. Výsledné $a\geq2{,}5$ navíc chybně zahrnuje hranici: pro $a=2{,}5$ jsou módy konstantní a klesající, takže norma nejde do nekonečna.","The characteristic polynomial and eigenvalues are correct, and the solution recognizes that complex modes are governed by their real part. It nevertheless assumes diagonalizability without handling repeated roots, squares an inequality without a complete sign split, and concludes a>=2.5. The endpoint is wrong: at a=2.5 the eigenvalues are 0 and -3/2 and no solution diverges."
"du09_2","3276","3","false","Výsledný interval $a>5/2$ i podrobný rozbor případů $a=\pm2$ a komplexně sdružených kořenů jsou správné. V textu ale zaměňujete růst normy do nekonečna s neexistencí limity některé souřadnice. Omezená oscilující funkce může limitu nemít, aniž by její velikost rostla. Stejně tak neexistence limity komplexního exponenciálního členu s nulovou reálnou částí sama o sobě neznamená divergenci normy. Tyto ekvivalence je potřeba opravit.","The submission is extensive and ultimately obtains the correct condition a>5/2, correctly treating the defective cases a=+/-2 and the real parts of complex conjugate roots. But it repeatedly equates norm divergence with nonexistence of a coordinate limit, which is false for bounded oscillatory solutions, and says that the limit of e^(alpha t) with purely imaginary alpha does not exist as though that implied divergence. These logical errors weaken the central asymptotic criterion."
"du09_2","3283","4","true","Řešení je správné a velmi účelné. Pomocí determinantu a stopy korektně rozlišujete sedlový případ s kladným vlastním číslem, stabilní případ se zápornými reálnými částmi a hraniční hodnotu s nulovým vlastním číslem. Výsledkem je přesně $a>2{,}5$.","The solution gives a clean trace-determinant classification. For determinant negative it correctly obtains a>2.5 and a saddle with one positive eigenvalue; for determinant positive it uses the negative trace to exclude growth for both real and complex roots; and at determinant zero it checks eigenvalues 0 and -1.5. The strict final condition is exact."
"du09_2","3288","4","true","Řešení je úplné a správné. Rozbor podle determinantu a stopy pokrývá reálná vlastní čísla opačných znamének, možnost dvou kladných kořenů, komplexně sdružený případ i nulové vlastní číslo na hranici. Pro vhodný počáteční vektor tak růst nastane právě při $a\in(2{,}5,\infty)$.","The trace-determinant case split is correct and exhaustive. The answer identifies a saddle for a>2.5, rules out two positive roots, treats the complex interval by its negative real part, and separately excludes the zero-eigenvalue boundary. It also refers to a suitable initial vector, so necessity and sufficiency are both covered."
"du09_2","3295","3.5","false","Použití koeficientů kvadratického polynomu vede ke správnému závěru $a>2{,}5$. V textu však tvrdíte, že pro $a>4$ mají obě vlastní čísla kladnou reálnou část. Jejich součin je v tomto oboru $5-2a<0$, takže reálná vlastní čísla mají opačná znaménka: jedno je kladné a druhé záporné. Pro existenci rostoucího řešení jedno kladné číslo stačí, ale uvedené tvrzení je potřeba opravit.","The Routh-Hurwitz-style reasoning correctly yields the strict threshold a>2.5. However, the solution explicitly claims that for a>4 both eigenvalues have positive real parts. This is false: for example, their product 5-2a is negative, so one eigenvalue is positive and the other negative. The weaker statement needed for existence is true, but the submitted classification contains a factual error."
"du10_1","2398","4","true","Řešení je správné. Rozlišení typů ortogonálních operátorů podle determinantu i vyloučení hodnoty $-1$ jsou korektní. Výsledkem jsou přesně rotace kolem libovolné osy o úhel $2\pi k/5$, přičemž celé $k$ zahrnuje všechny možnosti i identitu.","The response correctly distinguishes the three possible orthogonal-map types by determinant, uses the fifth-power condition to retain determinant 1, and derives rotations about arbitrary axes through angle 2*pi*k/5. Integer k includes all five residue classes and the identity."
"du10_1","2430","4","true","Řešení je správné a úplné. Z determinantové podmínky správně plyne, že operátor je rotace, a uvedená bloková matice ji popisuje ve vhodné ortonormální bázi. Rovnice pro pátou mocninu dává všechny úhly $0,2\pi/5,4\pi/5,6\pi/5,8\pi/5$ kolem libovolné osy.","The solution derives determinant 1 from the fifth-power condition, applies the R^3 classification, writes the appropriate block rotation matrix in a suitable orthonormal basis, and obtains all five residue classes of angles. The arbitrary rotation axis and the identity case are both covered."
"du10_1","2511","4","true","Řešení je správné a uzavřené. Determinant musí být 1, operátor je tedy rotace, a rovnice $5\alpha\in2\pi\mathbb Z$ dává všechny přípustné úhly včetně nuly. Uvedená matice ve vhodné bázi zároveň přesně popisuje příslušné operátory.","The solution correctly obtains determinant 1, reduces to rotations, and derives all five allowed angles from 5*alpha in 2*pi*Z. It also supplies the standard block form in a basis adapted to the rotation axis, so the classification is complete."
"du10_1","2518","4","true","Řešení je úplné a správné. Z podmínky páté mocniny korektně určujete determinant, vylučujete ortogonální zobrazení s determinantem -1 a v ortonormální bázi popisujete rotaci kolem libovolné osy. Podmínka na úhel dává právě všechny hodnoty $2\pi k/5$ pro $k=0,1,2,3,4$, včetně identity.","The determinant argument correctly forces determinant 1, and the solution then uses the classification of orientation-preserving orthogonal maps in R^3. It gives the normal-form matrix in an orthonormal basis with an arbitrary rotation axis and derives exactly alpha=2*pi*k/5 for k=0,...,4, including the identity. Complete and correct."
"du10_1","2760","3.5","false","Celková klasifikace, matice ve vhodné bázi i závěrečný seznam úhlů jsou správné. Na třetí straně však u čtvrtého případu zapisujete $6\pi/2$ namísto $6\pi/5$. V závěru už je hodnota uvedena správně, ale chybný mezivýsledek je potřeba opravit, aby řešení nebylo vnitřně rozporné.","The determinant proof, arbitrary-axis normal form, and final list of five angles are correct. On the third page, however, the fourth angle is explicitly written as 6*pi/2 rather than 6*pi/5. Although the final summary later gives the correct value, this remains a concrete contradictory numerical statement in the submitted derivation."
"du10_1","2862","4","true","Řešení je úplné a správné. Determinantem správně vylučujete reflexi i složení rotace s reflexí a zbývají rotace kolem libovolné osy. Úhly $2\pi k/5$ pro $k\in\mathbb Z$ dávají právě všechny možnosti včetně identity.","The inline solution correctly separates the geometric types by determinant, excludes reflection and rotoreflection, and concludes that every solution is a rotation about an arbitrary axis. The angle formula 2*pi*k/5 with integer k is both necessary and sufficient and includes the identity."
"du10_1","2917","3.5","false","Výsledná klasifikace rotací kolem libovolné osy o úhly $2\pi k/5$ je správná. V determinantové části však výslovně píšete $(-1)^5=1$, což není pravda: lichá mocnina čísla $-1$ je $-1$. Tuto chybu je nutné opravit, protože právě tento krok má vyloučit ortogonální operátory s determinantem $-1$.","The final classification is correct: determinant -1 is intended to be excluded, and all rotations about arbitrary axes through angles 2*pi*k/5 are listed. However, the determinant discussion explicitly states (-1)^5=1, which is false; it equals -1. That arithmetic error occurs in the step used to exclude the other orthogonal cases, so the written proof is not fully correct."
"du10_1","2937","4","true","Řešení je správné. Z determinantové podmínky přecházíte k rotacím kolem libovolné osy procházející počátkem a z rovnice $5\alpha=2k\pi$ získáváte všech pět tříd úhlů. Případ $k=0$ správně zahrnuje identitu.","The solution correctly obtains determinant 1, applies the classification as rotations about arbitrary axes through the origin, and solves the angle condition. The final set k=0,...,4 includes every residue class and the identity, so the geometric answer is complete."
"du10_1","2940","4","true","Řešení je správné a dostačující. Determinant musí být 1, takže jde o rotaci, a celočíselné násobky $72^\circ$ kolem libovolné osy dávají modulo plný úhel právě všechny požadované operátory včetně identity.","The determinant argument is correct, the operator is properly identified as a rotation, and the final description allows an arbitrary axis and every integer multiple of 72 degrees. Modulo a full turn this gives exactly the required five classes, including the identity."
"du10_1","3002","4","true","Řešení je úplné a správné. Správně určujete determinant i všechny úhly a následně volíte ortonormální bázi podle libovolné osy rotace. Uvedená bloková matice pak přesně popisuje všechny hledané operátory.","The determinant and classification arguments are correct, all angle classes 2*pi*k/5 are obtained, and the solution constructs an arbitrary orthonormal basis with its first vector along the chosen rotation axis. The resulting block matrix completes the classification."
"du10_1","3025","3.5","false","Klasifikace v radiánech i matice rotace kolem libovolné osy jsou správné. Dva převody na stupně jsou však chybné: u $2\pi/5$ uvádíte $71^\circ$ místo $72^\circ$ a u $8\pi/5$ uvádíte $289^\circ$ místo $288^\circ$. Přesné hodnoty v radiánech jsou správně, ale tyto číselné údaje je potřeba opravit.","The exact radian values, determinant argument, arbitrary-axis description, and suitable-basis rotation matrix are all correct. The parenthetical degree conversions nevertheless contain two explicit numerical errors: 2*pi/5 is 72 degrees, not 71, and 8*pi/5 is 288 degrees, not 289. The exact classification survives, but the submission is not error-free."
"du10_1","3077","4","true","Řešení je správné a úplné. Determinantová úvaha vede k rotaci, rovnice pro pátou mocninu dává všech pět úhlů a matice v ortonormální bázi s prvním vektorem v ose rotace zahrnuje i parametr libovolné osy.","The solution correctly derives determinant 1, invokes the R^3 classification, derives the exact five angles, and supplies a rotation-block matrix in an orthonormal basis whose first vector is the rotation axis. This completely describes all operators."
"du10_1","3111","4","true","Řešení je správné. Z determinantové rovnice dostáváte determinant 1, tedy rotaci, a následně správně určujete všech pět možných úhlů. Uvedení libovolné osy i nulového úhlu zajišťuje, že klasifikace obsahuje všechny operátory včetně identity.","The determinant computation, application of the orthogonal-map classification, and angle calculation are all correct. The solution explicitly allows an arbitrary axis and lists all five angles, including zero, so it gives all and only the requested operators."
"du10_1","3164","3.5","false","Správně určujete determinant, všechny čtyři nenulové úhly i identitu. Chybí však zahrnutí osy rotace do výsledné klasifikace, případně ekvivalentní maticový popis ve vhodné bázi. Protože rotace se stejným úhlem kolem různých os jsou různé operátory, je výsledný popis neúplný.","The determinant calculation correctly reduces to rotations, and the nonzero angles plus the identity are all listed correctly. The response does not state that the rotation axis may be arbitrary and supplies no equivalent basis-dependent matrix family, so it does not fully parametrize all distinct operators requested by the problem."
"du10_1","3168","3.5","false","Výpočet determinantu i seznam úhlů $0^\circ,72^\circ,144^\circ,216^\circ,288^\circ$ jsou správné. V závěru ale chybí parametr osy rotace, případně odpovídající maticový popis ve vhodné bázi. Samotný seznam úhlů nepopisuje všechny různé operátory, protože záleží také na zvolené ose.","The determinant computation and all five allowed angle values are correct. The final answer only classifies the angles and says generally that the maps are rotations; it neither states that the axis is an arbitrary parameter nor gives an equivalent matrix family in bases adapted to all axes. Thus the operator classification is incomplete."
"du10_1","3179","4","true","Řešení je úplné a správné. Z determinantové podmínky správně dostáváte rotaci, uvádíte její standardní matici ve vhodné ortonormální bázi a určujete všechny úhly. Identitu i čtyři nenulové rotace rozlišujete správně.","The determinant and classification steps are correct. The solution gives the normal form in a suitable orthonormal basis, derives alpha=2*pi*k/5, and explicitly separates k=0 as the identity while listing the other four rotations. The unspecified axis in the adapted-basis statement is free, so all axes are covered."
"du10_1","3209","4","true","Řešení je úplné a správné. Správně rozebíráte všechny geometrické typy ortogonálních operátorů, determinantem vylučujete oba typy s determinantem $-1$ a pro rotace odvozujete všechny úhly $2\pi k/5$ kolem libovolné osy.","The submission carefully treats all three geometric types of orthogonal maps, correctly excludes both determinant-minus-one types, and retains exactly rotations. It then derives every angle 2*pi*k/5 and states that the axis is arbitrary. Complete and correct."
"du10_1","3239","4","true","Řešení je správné. Z podmínky na determinant správně plyne, že může jít pouze o rotaci kolem osy, a uvedené úhly proběhnou modulo $2\pi$ všechny násobky $2\pi/5$, včetně identity. Parametrizace obsahuje opakující se zástupce, ale množinu operátorů popisuje správně.","The inline solution correctly forces determinant 1 and hence a rotation about an axis, and its parametrization 2*pi/5+k*2*pi/5 runs through all multiples of 2*pi/5 modulo 2*pi, expressly including the identity. This gives the complete geometric family, albeit with redundant integer representatives."
"du10_1","3248","4","true","Řešení je úplné a správné. Determinantová úvaha správně vylučuje reflexi i složení rotace s reflexí, ve vhodné bázi uvádíte matici rotace kolem libovolné osy a z podmínky páté mocniny dostáváte právě všech pět úhlů $2\pi k/5$.","The determinant calculation correctly excludes determinant -1, the classification theorem is applied correctly, and a suitable-basis rotation matrix about an arbitrary axis is given. The angle equation yields exactly k=0,...,4 modulo 5, including the identity, and the converse is clear from the matrix computation."
"du10_1","3250","4","true","Stručná odpověď je správná. Determinant musí být 1, takže jde o rotace kolem libovolné osy, a přípustné úhly jsou přesně $t\cdot72^\circ$ pro $t=0,1,2,3,4$. Tím je zahrnuta i identita.","The concise solution correctly derives determinant 1, identifies the possible maps as rotations about arbitrary axes, and states precisely that the angle is t*72 degrees for t=0,...,4. This is a complete geometric classification."
"du10_1","3271","4","true","Stručné geometrické řešení je správné. Determinant musí být roven 1, takže jde o rotaci kolem libovolné osy, a z páté mocniny vycházejí přesně úhly $2\pi k/5$ pro $k=0,1,2,3,4$. Identita je zahrnuta případem $k=0$.","The short solution correctly obtains determinant 1, identifies the map as a rotation about an arbitrary axis, and lists precisely the five permitted angles 2*pi*k/5, k=0,...,4. This is a complete geometric classification and includes the identity."
"du10_1","3275","4","true","Řešení je správné a úplné. Determinantem správně vylučujete možnost $-1$, uvádíte rotace kolem libovolné osy ve vhodné ortonormální bázi a vypisujete všechny přesné úhly včetně identity. Také převody na stupně a záporní zástupci úhlů jsou správné.","The solution correctly uses (-1)^5=-1 to rule out determinant -1, identifies the solutions as rotations about arbitrary axes, gives an adapted-basis matrix, and lists all exact angles. The degree conversions and equivalent negative-angle representatives are also correct."
"du10_1","3305","3.5","false","Determinantová úvaha i všech pět přípustných úhlů jsou správné. V závěrečné klasifikaci ale chybí údaj o ose rotace, případně ekvivalentní maticový popis ve vhodné bázi. Různé osy určují různé operátory, takže bez jejich zahrnutí nejsou popsány všechny požadované operátory.","The determinant reduction and the list of all five allowed angles are correct. However, the answer only says that the maps are rotations and never parametrizes the rotation axis or gives the equivalent suitable-basis matrix form. Since different axes give different operators, that missing parameter leaves the requested classification incomplete."
"du10_1","3320","4","true","Řešení je správné. Z determinantové podmínky správně plyne rotace, její matici zapisujete ve vhodné ortonormální bázi a z $5\alpha=2\pi k$ získáváte přesně pět tříd úhlů. Závěr správně připouští libovolnou osu rotace.","The determinant argument is correct, and the student gives the standard rotation matrix in an orthonormal basis adapted to the fixed axis. Solving 5*alpha=2*pi*k yields exactly k=0,...,4, and the conclusion expressly allows arbitrary axes. Complete."
"du10_1","3331","4","true","Řešení je správné. Z podmínky vyvozujete, že operátor je rotace, a ve vhodné bázi uvádíte její správný blokový tvar. Volba $\alpha=2\pi k/5$ pro celé $k$ popisuje všechny přípustné úhly modulo $2\pi$, včetně identity.","The answer correctly reduces to determinant-one rotations and gives the standard matrix in a basis adapted to the rotation axis. Its formula with k integer describes all multiples of 2*pi/5 and hence includes all five classes and the identity. Complete."
"du10_1","3339","4","true","Řešení je správné a podrobné. Determinant i spektrální strukturu ortogonálního operátoru používáte korektně, uvádíte standardní matici ve vhodné bázi a získáváte všech pět úhlů. Poznámka o opačné orientaci osy správně vysvětluje ekvivalenci dvojic úhlů.","The submission correctly forces determinant 1, uses the real/complex eigenvalue structure in odd dimension to identify a rotation, gives its adapted-basis matrix, and derives all five angles. It also explains why opposite choices of axis identify paired angle representatives; the identity and all arbitrary axes remain covered."
"du10_1","3344","4","true","Řešení je správné. Determinantová podmínka je odvozena korektně, osu rotace popisujete pomocí jednotkového vlastního vektoru a podmínka na pátou mocninu dává přesně úhly $2\pi k/5$ pro $k=0,1,2,3,4$.","The determinant calculation correctly forces orientation preservation. The response identifies an arbitrary rotation axis through its unit eigenvector of eigenvalue 1 and derives precisely alpha=2*pi*k/5 for k=0,...,4. This is a complete geometric classification."
"du10_1","3346","4","true","Řešení je úplné a správné. Determinantová část, bloková matice rotace ve vhodné ortonormální bázi i podmínka na úhel jsou korektní. Znaménková konvence v rotačním bloku pouze volí orientaci a klasifikaci nijak nemění.","The solution correctly proves determinant 1, gives the standard rotation block in an orthonormal basis adapted to an arbitrary axis, and solves the fifth-power condition. The sign convention in the two-dimensional block is immaterial and all angle classes are included."
"du10_1","3355","4","true","Řešení je správné. Z determinantové podmínky korektně plyne, že jde o rotaci, a popis úhlu jako $k/5$ plného úhlu pro celé $k$ je ekvivalentní všem třídám $2\pi k/5$. Libovolná osa i identita jsou v popisu zahrnuty.","The determinant argument correctly reduces the problem to rotations, and the phrase k/5 of a full turn with k integer is equivalent to the complete set of angle classes 2*pi*k/5. The axis is allowed to be arbitrary and the identity is included among the integer cases."
"du10_2","1989","4","true","Řešení je úplné a správné. Symetrická matice přesně odpovídá zadané kvadratické formě a všechny vedoucí hlavní minory $11$, $106$ a $68$ jsou spočteny správně a jsou kladné. Sylvestrovo kritérium tedy skutečně dává pozitivní definitnost a z ní požadovanou nezápornost.","The student gives the correct quadratic-form matrix and proves it positive definite via the three correct positive leading principal minors 11, 106, and 68. Sylvester's criterion is applied properly and the required nonnegativity follows. Complete."
"du10_2","2398","3","false","Matice kvadratické formy je sestavena správně a zvolený postup přes vlastní čísla je vhodný. Charakteristický polynom je však chybný: lineární koeficient má být $-270\lambda$, nikoli $-329\lambda$. Uvedené přibližné kořeny navíc nejsou kořeny zapsaného polynomu ani vlastními čísly této matice. Je nutné opravit charakteristický polynom a celý navazující výpočet vlastních čísel; bez toho není kladnost matice doložena.","The student constructs the correct matrix and knows that positive eigenvalues would prove the claim. But the characteristic polynomial has -329lambda instead of -270lambda, and the reported roots 0.22, 10.5, 23.3 neither solve that polynomial nor equal the eigenvalues of A. Therefore the positivity proof rests on an invalid computation, despite reaching the true conclusion."
"du10_2","2430","4","true","Řešení je správné. Kvadratická forma je převedena na správnou symetrickou matici, uvedená vlastní čísla jsou kladná a ze spektrálního kritéria tedy správně plyne pozitivní definitnost. Z ní vyvozujete požadovanou nerovnost $V(a,b,c)\geq 0$ pro všechna reálná $a,b,c$.","The student constructs the correct symmetric matrix, gives the correct three positive eigenvalues, invokes the spectral criterion for a real symmetric matrix, and concludes the required nonnegativity. The zero-vector case is covered by the final non-strict inequality. Complete and correct."
"du10_2","2511","4","true","Přiložené řešení odpovídá úloze 10.2 a je správné. Matice i charakteristický polynom jsou určeny korektně, z kladnosti jeho tří kořenů správně vyvozujete pozitivní definitnost a nakonec ověřujete, že příslušná kvadratická forma je právě zadaný výraz. Poznámka o odevzdání k jiné úloze nemění správnost přílohy.","The attached page is in fact a solution of 10.2 despite the accompanying note. It gives the correct symmetric matrix and characteristic polynomial, states the computed roots are all positive, uses the spectral characterization of positive definiteness, and verifies the quadratic-form identity. This is sufficient at the level of the full-credit training examples."
"du10_2","2760","4","true","Hlavní úloha 10.2 je vyřešena správně. Matice kvadratické formy, charakteristický polynom i přibližná vlastní čísla jsou správné, všechna vlastní čísla jsou kladná a z pozitivní definitnosti korektně plyne požadovaná nezápornost. Závěrečné roznásobení navíc správně ověřuje, že matice skutečně reprodukuje výraz $V(a,b,c)$.","The main problem is solved with the correct matrix, characteristic polynomial, positive eigenvalues, and spectral criterion, followed by a direct check that the matrix product reproduces V. The separate bonus attempt is irrelevant to the grading of 10.2. Full credit for the assigned problem."
"du10_2","2858","4","true","Řešení je správné. Matice zadané kvadratické formy je sestavena korektně, všechna tři uvedená vlastní čísla jsou správná a kladná a spektrální kritérium je použito oprávněně pro reálnou symetrickou matici. Závěr $V(a,b,c)\geq0$ pro všechna reálná $a,b,c$ tedy platí.","The solution identifies the correct real symmetric matrix, reports the correct three positive eigenvalues, and correctly applies the spectral characterization of positive semidefiniteness. This directly proves the requested universal inequality."
"du10_2","2862","4","true","Řešení je správné. Zadanou formu zapisujete pomocí správné symetrické matice, charakteristický polynom je správný a jeho tři uvedené kořeny jsou kladné. Ze spektrální věty pak korektně plyne pozitivní definitnost a požadovaná nerovnost pro všechna reálná $a,b,c$.","The correct symmetric matrix and characteristic polynomial are provided, the polynomial is numerically factored into three positive roots, and the spectral theorem is correctly used to conclude positive definiteness and hence the required inequality. Complete."
"du10_2","2871","4","true","Řešení je správné. Symetrická matice je odvozena přímo z koeficientů kvadratické formy, charakteristický polynom i přibližná vlastní čísla jsou správné a všechna jsou kladná. Z toho korektně plyne pozitivní definitnost, a tedy požadovaná nezápornost $V(a,b,c)$.","The solution derives the correct symmetric matrix, computes the correct characteristic polynomial and positive eigenvalues, and correctly applies the spectral criterion to prove positive definiteness and hence nonnegativity. The extra scalar-product wording is unnecessary but does not invalidate the argument."
"du10_2","2874","4","true","Řešení je správné. Matice je sestavena korektně, charakteristický polynom i numericky určená vlastní čísla jsou správné a všechna jsou kladná. Použití spektrálního kritéria je oprávněné, protože matice je reálná symetrická, a požadovaný závěr tedy platí.","The matrix, characteristic polynomial, and numerical eigenvalues are all correct. Since the matrix is symmetric, the spectral criterion applies, and the conclusion V>=0 follows. This is complete at the same level as the full-credit examples."
"du10_2","2917","4","true","Řešení je úplné a správné. Matice odpovídá zadané kvadratické formě, všechna tři vlastní čísla jsou správně kladná a z pozitivní definitnosti vyvozujete nejen požadovanou nezápornost, ale správně také případ rovnosti: nastává právě pro $a=b=c=0$.","The matrix representation is correct, the three reported eigenvalues are correct and positive, and the solution correctly distinguishes positive definiteness from semidefiniteness and notes equality only at the zero vector. This proves the claim completely."
"du10_2","2932","4","true","Řešení je úplné a správné. Správně odvozujete symetrickou matici z koeficientů, počítáte její charakteristický polynom i tři kladná vlastní čísla a ze spektrálního kritéria vyvozujete pozitivní definitnost. Výslovně uvádíte i nulový vektor, pro který je hodnota formy rovna nule.","The matrix is derived correctly, the characteristic polynomial and all three approximate eigenvalues are correct, and the solution explicitly handles both nonzero and zero vectors. It is complete and rigorous."
"du10_2","2937","4","true","Řešení je správné. Odvození symetrické matice, charakteristický polynom i jeho tři přibližné kořeny jsou v pořádku. Všechna vlastní čísla jsou kladná, takže matice je pozitivně definitní a zadaný výraz je pro všechna reálná $a,b,c$ nezáporný.","The submission derives the correct matrix, computes the correct characteristic polynomial and numerical roots, and uses their strict positivity to establish positive definiteness. The universal nonnegative conclusion follows. Complete."
"du10_2","2940","4","true","Řešení je správné. Zvolená symetrická matice přesně odpovídá výrazu $V(a,b,c)$ a výsledek softwarového výpočtu uvádí, že všechna její vlastní čísla jsou kladná. Podle citovaného spektrálního kritéria je proto matice pozitivně definitní a požadovaná nezápornost platí pro všechna reálná $a,b,c$.","The matrix representation is correct and the student reports the result of a permitted software eigenvalue computation: all eigenvalues are positive. For a real symmetric matrix that is enough, via the cited spectral theorem, to conclude positive definiteness and hence the desired inequality. This matches the level accepted in the full-credit examples."
"du10_2","2947","4","true","Řešení je správné. Ověřujete, že zvolená symetrická matice skutečně dává zadanou kvadratickou formu, uvádíte správná kladná vlastní čísla a korektně rozlišujete nenulový a nulový vektor. Označení úlohy v záhlaví je starší číslování, matematický obsah však odpovídá zadané úloze 10.2.","Despite the inherited 9.2 heading on the worksheet, the submission solves the stated quadratic-form problem. It constructs and checks the correct matrix, reports the correct positive eigenvalues, applies the symmetric spectral theorem, and treats the zero vector separately. Complete."
"du10_2","3009","3.5","false","Výsledná matice, charakteristický polynom, vlastní čísla i závěrečný argument pomocí ortogonální diagonalizace jsou správné. V úvodním obecném roznásobení ale zapisujete u členu $ac$ součet $a_{13}+a_{33}$ namísto příslušných dvou mimodiagonálních prvků a obdobně u členu $bc$ používáte $a_{23}+a_{33}$. Tyto indexové chyby je potřeba opravit, aby odvození matice bylo správné v každém kroku.","The final matrix, characteristic polynomial, eigenvalues, orthogonal diagonalization, and positivity proof are all correct. In the initial general expansion, however, the ac coefficient is written as a13+a33 instead of a13+a31 and the bc coefficient as a23+a33 instead of a23+a32. These are explicit algebraic/indexing errors, even though the student subsequently uses the correct matrix, so the submission is not fully error-free."
"du10_2","3039","3.5","false","Matice, charakteristický polynom i vlastní čísla jsou správné a dokazují pozitivní definitnost. Poslední tvrzení ale říká, že $(a,b,c)A(a,b,c)^T>0$ pro všechny volby $a,b,c$. Pro $(a,b,c)=(0,0,0)$ je hodnota rovna nule, takže ostrá nerovnost platí jen pro nenulový vektor. Je potřeba opravit závěrečnou kvantifikaci a zahrnout nulový případ.","The matrix, characteristic polynomial, and eigenvalues are correct, so the positive-definiteness argument is essentially complete. The final sentence nevertheless claims x^T A x>0 for all a,b,c, which is false at (0,0,0). Because the assignment explicitly includes all real triples and strict correctness is required, this boundary-case error makes the solution incorrect."
"du10_2","3057","4","true","Řešení je správné. Zadaný výraz zapisujete pomocí správné symetrické matice, charakteristický polynom i přibližná vlastní čísla jsou správné a všechna jsou kladná. Z toho správně plyne pozitivní definitnost, a tím i požadovaná nezápornost kvadratické formy.","The inline solution gives the correct symmetric matrix and characteristic polynomial, computes the three positive eigenvalues, and correctly invokes the spectral characterization of positive semidefiniteness. This proves the requested inequality completely."
"du10_2","3072","2.5","false","Postup přes symetrickou matici a Sylvestrovo kritérium je vhodný, ale sestavená matice neodpovídá zadanému výrazu: prvky $a_{12}=a_{21}$ uvádíte jako $+2$, takže vzniká člen $+4ab$, nikoli zadaný $-4ab$. Vypočtený determinant $308$ a závěr o pozitivní definitnosti se proto týkají jiné kvadratické formy. Je potřeba opravit matici a znovu ověřit všechny použité minory.","The submission attempts a Sylvester-criterion proof, but it sets a12=a21=+2. That matrix produces +4ab, not the required -4ab. The determinant 308 and the subsequent positive-definiteness conclusion therefore concern a different quadratic form. This is a central construction error despite the otherwise appropriate method."
"du10_2","3077","4","true","Řešení je správné. Navzdory staršímu označení v záhlaví řešíte zadanou kvadratickou formu, uvádíte její správnou symetrickou matici a správná kladná vlastní čísla. Ze spektrální věty pak správně plyne pozitivní definitnost, a tedy i $V(a,b,c)\geq0$.","Although the page is labelled 9.2, it contains the correct matrix and the correct positive eigenvalues for the present problem, invokes the spectral equivalence for a symmetric matrix, and concludes the requested nonnegativity. Complete."
"du10_2","3089","3.5","false","Matice i uvedené přibližné hodnoty vlastních čísel jsou správné a jejich kladnost by dala požadovaný závěr. V determinantové rovnici však odečítáte $\lambda$ pouze od prvního diagonálního prvku; u prvků $10$ a $13$ chybí. Takto zapsaný determinant proto není charakteristickým polynomem a nemá uvedené kořeny. Je potřeba opravit determinantovou rovnici, aby výpočet vlastních čísel navazoval na zadanou matici.","The correct matrix and the correct three positive eigenvalues are given, and the intended spectral conclusion is right. However, the displayed eigenvalue determinant subtracts lambda only from the first diagonal entry, leaving 10 and 13 unchanged. That determinant does not define the eigenvalues that are subsequently listed. This concrete inconsistency prevents full correctness."
"du10_2","3142","4","true","Řešení je správné. Matice, charakteristický polynom i kladná vlastní čísla jsou určeny správně. Také správně využíváte symetrii matice, z níž plyne normalita a unitární diagonalizovatelnost, a ve spojení s kladným spektrem dostáváte pozitivní definitnost. Tím je zadaná nerovnost dokázána.","The correct matrix, characteristic polynomial, and positive eigenvalues are given. The student also establishes symmetry, hence normality and unitary diagonalizability, before applying the spectral characterization. Although more elaborate than necessary, the proof is valid and complete."
"du10_2","3164","4","true","Řešení je správné a používá plnohodnotnou přímou cestu bez vlastních čísel. Uvedený rozklad na $\frac{34}{15}a^2$ a dva čtverce se po roznásobení přesně rovná zadanému výrazu. Všechny tři sčítance jsou nezáporné, takže z rozkladu okamžitě plyne $V(a,b,c)\geq0$.","The submission gives a valid completion-of-squares identity: 34/15 a^2 +(sqrt(3)c-5/sqrt(3)a)^2 +(sqrt(10)b-sqrt(10)c-sqrt(2/5)a)^2. Expansion reproduces every coefficient of V, and all terms are nonnegative. This is a complete direct proof."
"du10_2","3188","3.5","false","Matice kvadratické formy je sestavena správně a hodnoty druhého i třetího vedoucího hlavního minoru jsou správné. V prvním minoru je však uvedeno $\det(10)=10$, přestože levý horní prvek matice je $11$ a první minor tedy musí být $11$. Je potřeba tuto konkrétní chybu opravit; teprve potom je aplikace Sylvestrova kritéria bezchybná.","The quadratic-form matrix and the second and third leading principal minors are correct, so the intended Sylvester argument is sound. However, the first leading principal minor is explicitly written as det(10)=10 instead of det(11)=11. This concrete numerical error prevents the submitted proof from being fully correct, though it does not change the positivity conclusion."
"du10_2","3198","3.5","false","Matice, charakteristický polynom i tři vypočtená vlastní čísla jsou správné a jejich skutečná kladnost vede k požadovanému závěru. V textu však uvádíte, že podmínka $\lambda_i\geq 0$ stačí pro pozitivní definitnost. To není správně: nezáporná vlastní čísla obecně zaručují pouze pozitivní semidefinitnost; pro pozitivní definitnost musejí být všechna vlastní čísla striktně kladná. Tuto formulaci je potřeba opravit.","The student constructs the correct matrix and computes the correct characteristic polynomial and three strictly positive eigenvalues, which do establish the result. But the solution explicitly states that eigenvalues merely greater than or equal to zero imply positive definiteness; that is false (they imply only positive semidefiniteness). Since the user requires every non-fully-correct solution to be marked incorrect, this definitional error costs strict correctness."
"du10_2","3205","3.5","false","Matice, charakteristický polynom i přibližná vlastní čísla jsou správné a dokazují pozitivní definitnost. V závěru ale píšete $V(a,b,c)>0$ bez podmínky, že $(a,b,c)$ je nenulový vektor. Pro $a=b=c=0$ je hodnota právě $0$. Je potřeba opravit závěr tak, aby rozlišoval nenulový vektor a nulový případ a přesně dokazoval požadovanou neostrou nerovnost.","The correct matrix, characteristic polynomial, positive roots, and positive-definiteness criterion are supplied. The final displayed claim is V(a,b,c)>0 without restricting to a nonzero vector, which is false at (0,0,0). Under the user's strict correctness rule, this boundary-case omission makes the submission incorrect."
"du10_2","3209","3.5","false","Matice kvadratické formy je správná a uvedená vlastní čísla i závěr o pozitivní definitnosti odpovídají skutečné matici. V charakteristickém polynomu je ale chybný lineární člen: píšete $-273x$, zatímco správný koeficient je $-270$. Uvedená vlastní čísla proto nejsou kořeny polynomu v podobě, kterou jste zapsal(a). Je potřeba opravit tento výpočet, aby byl důkaz vnitřně konzistentní.","The matrix, computed eigenvalues, and positive-definiteness conclusion are correct. The displayed characteristic polynomial, however, has coefficient -273x instead of the correct -270x. The listed eigenvalues therefore are not roots of the polynomial as written. This is a concrete inconsistency in the proof, so strict correctness is false."
"du10_2","3250","4","true","Řešení je správné a uzavřené. Uvádíte správnou symetrickou matici, její správný charakteristický polynom a všechna tři kladná vlastní čísla. Ze spektrálního kritéria pak správně vyvozujete pozitivní definitnost a požadovanou nerovnost pro všechna reálná $a,b,c$.","The correct matrix, characteristic polynomial, approximate positive eigenvalues, and spectral criterion are all supplied. The final universal nonnegativity statement follows correctly. Full credit."
"du10_2","3254","4","true","Povinná úloha 10.2 je vyřešena správně. Matice odpovídá zadanému výrazu, její uvedená vlastní čísla jsou správná a kladná a ze symetrie a spektrální věty správně vyvozujete pozitivní definitnost. Tím je požadovaná nerovnost dokázána; pro nenulový vektor dokonce dostáváte ostrou kladnost.","For the required main problem, the student constructs the correct matrix, provides the correct positive spectrum, invokes symmetry/normality and the spectral theorem, and concludes strict positivity off zero. This fully proves the requested inequality. Any issues in the optional bonus do not reduce the score for 10.2."
"du10_2","3256","4","true","Řešení je úplné a správné. Matice odpovídá zadané kvadratické formě, všechna uvedená vlastní čísla jsou kladná a použití spektrálního kritéria je korektní. Správně také uvádíte, že pro nenulový vektor je hodnota kladná a pro nulový vektor rovna nule.","The student constructs the correct symmetric matrix, reports the correct positive eigenvalues, applies the spectral criterion, and explicitly distinguishes strict positivity for nonzero vectors from equality at zero. Complete and correct."
"du10_2","3259","4","true","Řešení je úplné a správné. Symetrická matice je správně sestavena, její normalita a unitární diagonalizovatelnost jsou odůvodněny a uvedené spektrum obsahuje tři správná kladná vlastní čísla. Správně uzavíráte ostrou kladnost pro nenulový vektor a rovnost nule pro nulový vektor.","The student gives the correct matrix, explains why it is unitarily diagonalizable, reports the correct positive spectrum, and explicitly treats the nonzero and zero vector cases. This is a complete proof."
"du10_2","3294","4","true","Řešení je správné. Matice i její charakteristický polynom jsou správné, uvedená vlastní čísla jsou všechna kladná a použití spektrální věty je korektní. Z pozitivní definitnosti správně vyvozujete $x^TAx>0$ pro $x\neq0$ a $0$ pro nulový vektor, takže požadovaná nezápornost platí.","The correct matrix, characteristic polynomial, positive eigenvalues, and orthogonal diagonalization criterion are all present. The solution correctly notes strict positivity away from zero and equality at zero. Complete."
"du10_2","3305","2.5","false","Správně určujete matici kvadratické formy a vhodně volíte důkaz přes vlastní čísla. Výpočet vlastních čísel však není správný: v determinantové matici se objevuje diagonální prvek $103-\lambda$ namísto $13-\lambda$ a výsledné hodnoty zapisujete jako třetí odmocniny čísel, která měla být přímo vlastními čísly. Uvedené veličiny proto nejsou vlastními čísly matice $A$ a kladnost matice jimi není dokázána. Je nutné opravit celý výpočet spektra a následný závěr.","The correct quadratic-form matrix is identified and the intended eigenvalue strategy is appropriate. The eigenvalue computation is not valid: the determinant display uses 103-lambda in the last diagonal position, and the alleged eigenvalues are written as cube roots of approximate eigenvalues. Thus the quantities used to establish positivity are not the eigenvalues of A. The final claim is true, but the submitted proof has a substantive computational failure."
"du10_2","3339","3","false","Matice kvadratické formy je správná a zvolený postup přes kladnost vlastních čísel je vhodný. Uvedený charakteristický polynom však není polynomem této matice: chybné jsou jak koeficient u $\lambda$, tak konstantní člen. Také následně uvedené kořeny proto nejsou vlastními čísly zadané matice. Je nutné opravit charakteristický polynom i hodnoty jeho kořenů; jinak závěr o pozitivní definitnosti není doložen.","The student identifies the correct quadratic-form matrix and knows that positivity of its eigenvalues would prove the result. But the displayed characteristic polynomial (-lambda^3+34lambda^2-275lambda+450) is wrong in both its linear and constant coefficients, and the reported roots are consequently not the spectrum of the actual matrix. The final conclusion is unsupported by the submitted computation, although the core method is appropriate."
"du10_2","3344","4","true","Řešení je správné. Jednotlivé prvky symetrické matice odvozujete korektně z koeficientů kvadratické formy a všechny tři vedoucí hlavní minory počítáte správně: $11$, $106$ a $68$. Jejich kladnost podle Sylvestrova kritéria dokazuje pozitivní definitnost, a tedy i požadovanou nezápornost.","The matrix is derived correctly and Sylvester's criterion is applied with the correct positive leading principal minors 11, 106, and 68. The final nonnegative conclusion is valid. Full credit."
"du10_2","3403","3.5","false","Výsledná matice, její vlastní čísla i závěr o pozitivní definitnosti jsou správné. Při porovnávání koeficientů ale uvádíte podmínku $x_{32}+x_{23}=-10$, zatímco člen $-20bc$ vyžaduje součet $-20$; hned poté přitom správně volíte oba prvky rovny $-10$. Tento rozpor v odvození je potřeba opravit, aby všechny kroky vedly konzistentně k uvedené matici.","The final matrix, approximate eigenvalues, and positive-definiteness argument are correct. In the coefficient matching, however, the bc condition is written x32+x23=-10 even though the original coefficient is -20; the next line then assigns both entries -10, contradicting the displayed condition. This explicit derivation error makes the submission not fully correct, despite the correct final matrix."
"du11_1","273","4","true","Řešení je úplné a správné. Vlastní čísla, obě ortonormální soustavy vektorů, singulární hodnoty i všechny čtyři faktorizace jsou vypočteny konzistentně. V posledním rozepsaném součinu je pouze překlep v označení levé strany: podle rozměrů i předchozího textu jde o A transponovaná krát A, nikoli samotnou A transponovanou; výpočet pod tímto označením je ale správný.","The student gives a valid orthonormal eigensystem, computes all corresponding singular vectors and a kernel vector, and explicitly writes correct factorizations of A, A^T, A A^T, and A^T A. A final line is mislabeled A^T instead of A^T A, but its context, dimensions, and preceding statement make this a harmless typographical label rather than a mathematical error."
"du11_1","1989","3","false","Výsledné singulární hodnoty 3, 3 a odmocnina ze 3 a většina zapsaných faktorů odpovídají správnému rozkladu. Uvedený charakteristický polynom matice A krát A transponovaná je však nesprávný: jeho zapsané kořeny by byly -2, -2 a 4, takže z něj nemohou plynout následně použité vlastní hodnoty 9, 9 a 3. Také zápis třetího čtyřrozměrného singulárního vektoru není konzistentní s pozdější maticí. Je potřeba opravit tyto výpočty tak, aby odvození a finální faktory používaly tutéž správnou soustavu dat.","Most of the final SVD factors are arranged to be correct, but the derivation contains a plainly false characteristic polynomial for A A^T: lambda^3-12 lambda-16=(lambda+2)^2(lambda-4), which has roots -2,-2,4 rather than 9,9,3. The presentation of the third right singular vector is also inconsistent with the later scaled matrix. These are substantive internal contradictions even though later numerical factors largely recover the right result."
"du11_1","2760","4","true","Řešení je správné a podrobné. Po opravě mezivýpočtu jsou vlastní i singulární vektory normalizované a navzájem kolmé, čtvrtý vektor je správně zvolen z jádra a výsledné matice mají požadované rozměry. Z rozkladu A transponované potom správně odvozujete rozklady A, A krát A transponovaná a A transponovaná krát A.","The lengthy handwritten solution fully derives an orthonormal eigenbasis, constructs the opposite singular vectors and a normalized kernel vector, and supplies valid SVDs for all four requested matrices. An intermediate vector is corrected in the work; the final matrices are consistent and correct."
"du11_1","2866","4","true","Řešení je úplné a správné. Správně určujete ortonormální bázi vlastních prostorů, z ní dopočítáváte druhou soustavu singulárních vektorů a uvádíte explicitní rozklad A. Transponovaný rozklad i rozklady obou součinů jsou korektně odvozeny pomocí ortogonality a matice D krát D transponovaná a D transponovaná krát D jsou spočteny správně.","This is a complete correct solution: it gives an orthonormal eigenbasis of A^T A, computes the corresponding left singular vectors, supplies the kernel vector, writes an explicit SVD of A, and derives the other three decompositions. Both D D^T and D^T D are correctly displayed."
"du11_1","2968","4","true","Řešení je správné. Gramova–Schmidtova ortogonalizace v dvojnásobném vlastním prostoru vede ke správné ortonormální bázi a dopočtené protější singulární vektory jsou s ní kompatibilní. Následné transponování rozkladu a vložení diagonál s hodnotami 9, 9, 3 dává správné rozklady obou součinových matic.","After orthonormalizing the eigenspace for eigenvalue 9, the student obtains compatible left and right singular vectors and writes correct factorizations for A^T and A. The final pages correctly replace the singular values by their squares for A A^T and A^T A. The notation is somewhat compressed but mathematically complete."
"du11_1","3072","4","true","Řešení je úplné a správné. Ortonormalizace vlastního prostoru pro hodnotu 9, výpočet odpovídajících singulárních vektorů i doplnění vektoru z jádra jsou provedeny správně. Zapsané rozklady A a A transponované jsou konzistentní a u součinů správně používáte diagonální matice s hodnotami 9, 9, 3, případně s doplněnou nulou.","The two-image submission constructs correct orthonormal bases for the eigenvalue-9 and eigenvalue-3 spaces, obtains the matching four-dimensional singular vectors, and writes a correct SVD. It then derives all three remaining SVDs with the correct factor order and diagonal products. Full credit."
"du11_1","3076","4","true","Řešení je správné. Jsou v něm určeny správné singulární hodnoty, ortonormální báze i čtvrtý vektor z jádra a zapsaná matice D má správný obdélníkový tvar. Vzorce pro transponovanou matici a oba součiny používají správné pořadí ortogonálních faktorů a druhé mocniny singulárních hodnot.","The compressed handwritten solution gives the correct singular values, bases, rectangular D, and completes the four-dimensional factor with a kernel vector. It then states the correct transposition and diagonal-product formulas for the three remaining decompositions. Despite abbreviated notation, no essential factor is missing."
"du11_1","3131","4","true","Řešení je úplné a správné. Správně pracujete s dvojnásobným vlastním číslem 9, vybíráte ortonormální bázi jeho vlastního prostoru a ze vztahu pro singulární vektory dopočítáváte druhý ortogonální faktor. Rozklad A, jeho transpozice i rozklady A krát A transponovaná a A transponovaná krát A jsou zapsány se správnými diagonálními maticemi.","The student correctly derives the eigenvalues, selects a valid orthonormal basis in the repeated eigenspace, computes the corresponding opposite-side singular vectors and normalized kernel vector, and writes all four requested SVDs. The algebra for D D^T and D^T D is correct."
"du11_1","3198","4","true","Výpočty a výsledné rozklady jsou správné. Správně určujete vlastní prostory matice A krát A transponovaná, ortonormalizujete je, dopočítáváte druhou soustavu singulárních vektorů a doplňujete vektor z jádra. Ve slovním komentáři je pouze nepřesnost: obě součinové matice mají stejné nenulové vlastní hodnoty, ale matice A transponovaná krát A má navíc vlastní hodnotu 0; ve Vašem finálním rozkladu už je tato nula uvedena správně.","The student correctly diagonalizes A A^T, constructs both orthogonal singular-vector matrices including a kernel vector, and writes valid SVDs for A and A^T. The final decompositions of A A^T and A^T A use the correct squared singular values. The sentence suggesting the two Gram matrices have identical eigenvalue lists overlooks the extra zero of A^T A, but the actual displayed decomposition includes that zero and is correct."
"du11_1","3205","4","true","Řešení je správné. Uvedené ortonormální vektory a singulární hodnoty tvoří platný rozklad A transponované a transponováním získáváte správný rozklad A. Také oba závěrečné rozklady používají správnou diagonálu 9, 9, 3, u čtyřrozměrné matice doplněnou nulou; doporučuji pouze přehlednější zápis rozměrů jednotlivých faktorů.","The handwritten calculation gives compatible orthonormal factors for A^T, explicitly transposes them for A, and correctly writes the squared-diagonal decompositions for A A^T and A^T A. The factor matrices are hard to read in places but the entries and dimensions are consistent on close inspection."
"du11_1","3218","4","true","Řešení je úplné a správné. Detailně určujete a normalizujete vlastní vektory, správně dopočítáváte jejich obrazy, doplňujete ortonormální bázi v prostoru dimenze 4 a skládáte singulární rozklad A transponované. Rozklady A i obou součinových matic jsou potom správně odvozeny a diagonální matice mají správné hodnoty i rozměry.","The inline solution fully and correctly computes the SVD of A^T, including normalization and the fourth basis vector, then derives valid SVDs for A, A A^T, and A^T A. The dimensions and diagonal products D^T D and D D^T are correctly distinguished."
"du11_1","3239","4","true","Řešení je úplné a správné. Uvedené matice tvoří platný singulární rozklad; pořadí odmocnina ze 3, 3, 3 je jiné než obvyklé sestupné pořadí, ale příslušné sloupce jsou přeuspořádány konzistentně. Vzorce pro A transponovanou, A transponovaná krát A a A krát A transponovaná pak správně plynou z ortogonality použitých matic.","The explicit factors in A=V D U^T are mutually compatible and form a valid SVD with singular values sqrt(3),3,3. The student then gives the correct transposed factorization and the correct orthogonal diagonalizations of both Gram matrices. Reordering the singular values is allowed because the associated columns are reordered consistently."
"du11_1","3253","4","true","Řešení je správné a obsahuje všechny požadované části. Zvolená ortonormální báze vlastních prostorů, dopočtené singulární vektory a vektor z jádra jsou vzájemně konzistentní. Z rozkladu A transponované správně získáváte rozklad A a oba rozklady součinových matic s diagonálními hodnotami 9, 9 a 3.","The one-page photograph contains the correct eigenvalues, orthonormal eigenvectors, complementary singular vectors, kernel completion, and an explicit SVD. The transpose and both Gram-matrix decompositions are correctly obtained at the bottom. Full credit."
"du11_1","3254","4","true","Řešení je správné. Z vlastních prostorů matice A krát A transponovaná sestavujete vhodnou ortonormální bázi, správně dopočítáváte obrazy pro druhou bázi a zapisujete singulární rozklad A transponované. Přechod k A a oba rozklady součinových matic mají správné pořadí faktorů, rozměry i diagonální hodnoty.","The submission computes a valid SVD of A^T from the eigendecomposition of A A^T, obtains the second basis by applying A^T and normalization, and correctly transposes and squares the diagonal factor to produce the other three SVDs. The single-page presentation is compact but complete."
"du11_1","3271","4","true","Řešení je správné. Singulární hodnoty 3, 3 a odmocnina ze 3 i odpovídající ortonormální vektory jsou určeny správně a dávají platný rozklad matice A. Z něj správně odvozujete rozklad transponované matice i rozklady obou symetrických součinů; diagonální matice u nich mají hodnoty 9, 9, 3 a u matice A transponovaná krát A navíc jednu nulu.","The submission obtains the correct eigenvalues, orthonormal singular-vector matrices, and diagonal singular-value matrix, then correctly derives the decompositions of A transpose, A A transpose, and A transpose A from the SVD of A. The concise notation is sufficient and the displayed dimensions are consistent."
"du11_1","3301","4","true","Řešení je správné a obsahuje všechny čtyři požadované rozklady. Vlastní čísla a ortonormální vlastní vektory jsou určeny správně, dopočtené singulární vektory i doplnění báze v prostoru dimenze 4 jsou v pořádku. Také diagonální matice s druhými mocninami singulárních hodnot v rozkladech obou součinů mají správné rozměry a hodnoty.","The handwritten work computes a correct SVD of A^T, including the fourth orthonormal vector, and explicitly writes the SVDs of A, A^T, A^T A, and A A^T. The apparent changes of symbol names are dimensionally consistent and the factors multiply to the requested matrices."
"du11_1","3331","3","false","Singulární hodnoty a ortonormální vlastní vektory matice A krát A transponovaná jsou správně. Chyba je ale v protějším singulárním vektoru k vektoru $(1,1,-2)/sqrt(6)$: Vámi uvedený čtyřrozměrný vektor nevzniká ze vztahu $v_i=(1/sigma_i)A^T u_i$. Kvůli tomu zapsané faktory po vynásobení nedají matici A a nejsou platné ani následné rozklady součinů. Je potřeba opravit tento singulární vektor a všechny faktorizace, které jej používají.","The singular values and the three-dimensional eigenvectors are correct, but the four-dimensional vector paired with u3=(1,1,-2)/sqrt(6) is computed incorrectly as (0,1,-1,0)/sqrt(2). The correct vector is (0,2,-1,-1)/sqrt(6). Thus the displayed U D V^T does not reproduce A and every later factorization using that V is invalid, although the overall method and most data are correct."
"du11_1","3339","3","false","Singulární hodnoty i ortonormální vlastní vektory matice A krát A transponovaná jsou správně a také uvádíte správný vztah pro dopočtení protějších singulárních vektorů. Tyto vektory však už konkrétně nedopočítáváte, takže matice druhého ortogonálního faktoru zůstává neurčena. Tím nejsou skutečně zadány rozklady A transponované, A ani A transponovaná krát A; je potřeba doplnit všechny sloupce chybějící ortogonální matice a poté zapsat úplné faktorizace.","The student finds the correct singular values and one of the orthogonal factors and states the right formulas for obtaining the other factor, but never actually computes the missing singular vectors U_{A^T}. Consequently the SVDs of A^T, A, and A^T A are not fully specified; writing U=(u1,u2,u3,u4) without the vectors is incomplete. This matches the three-point training cases with a correct framework but missing factor data."
"du11_1","3346","4","true","Řešení je úplné a správné. Oceňuji, že kromě výpočtu vlastních prostorů kontrolujete ortonormalitu, vysvětlujete vztah jader a skutečně dopočítáváte čtvrtý vektor. Výsledné matice dávají platné rozklady A, A transponované, A transponovaná krát A i A krát A transponovaná a všechny diagonální členy i rozměry souhlasí.","The submission gives a detailed and correct construction of the orthonormal eigenbases, proves the kernel identity needed for the fourth vector, computes the complementary singular vectors, and presents all four factorizations with correct dimensions and squared singular values. Full credit."
"du11_2","2430","3","false","Postup s maticemi $D$ a $E$ je správně rozmyšlený: zvolená $E$ splňuje $DED=D$, $EDE=E$ a součiny $DE$, $ED$ jsou symetrické. Chyba vzniká při převodu zpět a při výpočtu konkrétní matice $B$. Pro Vámi uvedenou výslednou matici sice vyjde $AB=I_3$, ale matice $BA$ není symetrická; tvrzení $BA=I_4$ navíc nemůže platit, protože $A$ má hodnost nejvýše $3$. Je nutné opravit násobení vedoucí k $B$ a poté skutečně ověřit symetrii obou součinů.","The diagonal pseudoinverse E and the conceptual SVD reduction are correct, but the final numerical B is not the Moore–Penrose inverse. Direct multiplication gives AB=I_3, ABA=A, and BAB=B, but BA is not symmetric. The written claim that BA=I_4 is impossible because rank(BA)≤rank(A)=3 and is contradicted by the displayed product. A correct construction with a decisive arithmetic/verification failure merits 3/4."
"du11_2","2868","4","true","Řešení je správné a dobře uzavřené. U matice $E$ ověřujete obě rovnosti i symetrii $DE$ a $ED$, následně správně volíte $B=VEU^T$ a přenášíte všechny vlastnosti přes ortogonální matice ze singulárního rozkladu. Dopočtená matice $B=\frac19\begin{pmatrix}3&3&3\\1&1&-2\\1&-2&1\\-2&1&1\end{pmatrix}$ je správná.","The student gives the correct E, verifies all four defining properties at the D/E level, transfers it correctly through the SVD, and obtains the correct explicit B=(1/9)[[3,3,3],[1,1,-2],[1,-2,1],[-2,1,1]]. The proof of symmetry is valid. Full credit."
"du11_2","3076","4","true","Řešení je správné. Zvolená matice $E$ odpovídá převrácení nenulových singulárních hodnot, součiny $DE$ a $ED$ mají správný diagonální tvar a z nich plynou vztahy $DED=D$ a $EDE=E$. Volba $B=VEU^T$ je následně správně přenesena přes singulární rozklad a dává obě požadované rovnosti i symetrii součinů. Faktorizovaný tvar $B$ je dostačující.","The handwritten solution correctly takes the reciprocal diagonal E for the SVD A=UDV^T, verifies DED=D and EDE=E, chooses B=VEU^T, and derives the generalized-inverse identities and symmetry forms. This is mathematically complete to the same level as the accepted full-credit examples, even though B is left in factored form."
"du11_2","3104","4","true","Řešení je správné a velmi dobře ověřené. Využití plné řádkové hodnosti a vzorce $B=A^T(AA^T)^{-1}$ je v této úloze oprávněné, inverze $AA^T$ i výsledná matice $B$ jsou spočteny správně. Následná kontrola $AB=I_3$, symetrie $BA$ a obou rovností $ABA=A$, $BAB=B$ pokrývá všechny požadavky zadání.","The student derives the full-row-rank pseudoinverse formula B=A^T(AA^T)^{-1}, computes (AA^T)^{-1} correctly, obtains the correct B, and explicitly verifies AB=I_3, symmetric BA, ABA=A, and BAB=B. This is fully correct and independent of the hinted SVD route."
"du11_2","3188","3","false","Zvolené nenulové diagonální prvky matice $E$ jsou správně a také vztah mezi pseudoinverzí diagonální matice a hledanou maticí $B$ míří správným směrem. V zápisu singulárního rozkladu však vektory $v_1,v_2,v_3$ nejsou normované, takže uvedená matice $V$ není ortogonální a nelze v následujících výpočtech použít $V^T V=I$; stejný problém se přenáší i do konstrukce $U$. Navíc zápis $u_4=u_1\times u_2\times u_3$ není bez další definice platnou konstrukcí v $\mathbb R^4$. Je potřeba opravit samotný singulární rozklad a potom znovu doložit všechny čtyři požadované vlastnosti matice $B$.","The submission identifies the correct reciprocal diagonal E and the right transfer pattern from an SVD, but the displayed v_1, v_2, v_3 are not normalized and consequently neither V nor the derived U is orthogonal. The later cancellations V^T V=I and U^T U=I are therefore invalid for the matrices actually defined; u_4=u_1×u_2×u_3 is also not a defined ordinary cross product in R^4. This is a concrete gap in an otherwise essentially correct construction, matching the 3-point training examples."
"du11_2","3198","4","true","Řešení je správné. Matice $E$ má správné rozměry i hodnoty a kontrola vztahů pro $D$ a $E$ je provedena korektně. Následná volba $B=VEU^T$ přesně odpovídá singulárnímu rozkladu $A=UDV^T$ z předchozí úlohy a dává požadovanou pseudoinverzi. Není nutné matici znovu roznásobit, jsou-li použité matice $U$ a $V$ jednoznačně převzaty z řešení 11.1.","The two-page solution constructs the correct E, checks DED=D, EDE=E and the symmetry of DE/ED, then identifies B as the SVD pseudoinverse VEU^T using the U and V computed in 11.1. Although it does not multiply the final matrix out, the construction is explicit relative to the prior part and mathematically sufficient, consistent with full-credit examples."
"du11_2","3238","4","true","Výsledná matice $B=\frac19\begin{pmatrix}3&3&3\\1&1&-2\\1&-2&1\\-2&1&1\end{pmatrix}$ je správná. Také výpočet singulárních hodnot, příslušných ortonormálních vektorů a konstrukce $E$ převrácením nenulových singulárních hodnot jsou konzistentní. Z této korektní SVD konstrukce plyne, že jde o hledanou pseudoinverzi, a řešení tak splňuje zadání.","The student recomputes a valid compact SVD, forms the correct reciprocal diagonal E, derives V consistently, and multiplies out the correct B. While the four target identities are not separately displayed, the Moore–Penrose construction is adequately established by the valid SVD and correct pseudoinverse; the assignment asks to find B, and the numerical result is correct. In light of the lenient 4-point training examples, this is full credit."
"du11_2","3248","4","true","Řešení je správné. Matice $E$ je zvolena jako převrácení nenulových singulárních hodnot v $D$, správně ověřujete vztahy $DED=D$, $EDE=E$ i symetrii $DE$ a $ED$. Volba $B=VEU^T$ pak při rozkladu $A=UDV^T$ dává obě požadované rovnosti a z tvarů $UDEU^T$ a $VEDV^T$ plyne také symetrie $AB$ a $BA$. Výsledek je dostatečně určen pomocí singulárního rozkladu z předchozí úlohy.","The student chooses the correct rectangular diagonal pseudoinverse E, establishes the Penrose identities and symmetry for D/E, transfers it as B=VEU^T under A=UDV^T, and correctly derives ABA=A and BAB=B. The symmetry argument for AB and BA is also present. This is complete at the same level accepted among the 4-point examples; an expanded numerical B is not required when U,V are those already obtained in 11.1."
"du11_2","3276","4","true","Řešení je úplné a správné. Správně sestavujete obdélníkovou pseudoinverzi $D'$, ověřujete oba potřebné součiny a volíte $B=VD'U^T$. Následné výpočty dokazují obě rovnosti $ABA=A$, $BAB=B$ a také symetrii $AB$ a $BA$. Argument správně využívá ortogonalitu matic $U$ a $V$ ze singulárního rozkladu.","The solution correctly defines D', verifies DD'=I_3 and D'D=diag(I_3,0), takes B=VD'U^T for A=UDV^T, and derives ABA=A, BAB=B, plus symmetry of AB and BA. The apparent simplification AB=UU^T is valid because U is the 3x3 orthogonal left factor. Complete and correct."
"du11_2","3288","4","true","Řešení je úplné a správné. Správně určujete matici $E$, kontrolujete oba symetrické součiny $DE$ a $ED$ a využíváte vztahy $DED=D$ a $EDE=E$. Přechod od $A=UDV^*$ k $B=VEU^*$ je proveden konzistentně a výpočty pokrývají jak $ABA=A$, $BAB=B$, tak symetrii $AB$ a $BA$. Konkrétní roznásobení matice $B$ už pro platnost konstrukce není nutné.","The solution uses the correct D and E, verifies DE=I_3 and ED=diag(1,1,1,0), then sets B=VEU^* for A=UDV^*. It correctly reduces both generalized-inverse identities and both symmetry requirements to the corresponding identities for D and E. This is a complete proof, even without multiplying out B numerically."
"du11_2","3351","4","true","Výsledná konstrukce je správná. Při pořadí singulárních hodnot $(\sqrt3,3,3)$ má matice $E$ správné nenulové diagonální prvky $(1/\sqrt3,1/3,1/3)$ a vztah $B=VEU^*$ je správný. Konečným násobením dostáváte hledanou matici $\frac19\begin{pmatrix}3&3&3\\1&1&-2\\1&-2&1\\-2&1&1\end{pmatrix}$. Zápis je místy obtížně čitelný, ale matematický obsah a výsledek jsou v pořádku.","Despite rough notation and exploratory algebra, the final E corresponds to diag(1/sqrt(3),1/3,1/3,0) for the student's singular-value ordering, the transfer formula B=VEU^* is correct, and the final multiplied matrix is the correct Moore–Penrose inverse. The construction contains enough valid work to support the result and matches full-credit handwritten examples."
